0.000000, i_d, i_q, i_d_ref, i_q_ref
0.088602, -36, 29, 0, 0
0.000128, -6, 15, 0, 0
0.000330, -3, 38, 0, 0
0.000528, -6, 15, 0, 0
0.000730, 0, 12, 0, 0
0.000930, -4, -16, 0, 0
0.001128, 13, -30, 0, 0
0.001328, -28, 13, 0, 0
0.001530, 17, -8, 0, 0
0.001730, 14, 29, 0, 0
0.001930, -5, 2, 0, 0
0.002128, -17, 8, 0, 0
0.002330, 17, -8, 0, 0
0.002528, -11, 5, 0, 0
0.002728, -17, 8, 0, 0
0.002930, 4, 16, 0, 0
0.003130, 41, -32, 0, 0
0.003330, -16, -10, 0, 0
0.003528, 0, 0, 0, 0
0.003730, -8, 104, 0, 0
0.003930, -7, 15, 0, 0
0.004128, 5, -2, 0, 0
0.004330, -12, 18, 0, 0
0.004530, -14, 44, 0, 0
0.004730, -5, 2, 0, 0
0.004930, -6, 15, 0, 0
0.005130, -24, 24, 0, 0
0.005330, 18, -83, 0, 0
0.005528, -18, 21, 0, 0
0.005730, 98, -20, 0, 0
0.005930, 39, 6, 0, 0
0.006128, -8, 28, 0, 0
0.006330, -2, 26, 0, 0
0.006530, -4, -10, 0, 0
0.006730, -4, -10, 0, 0
0.006930, 0, 0, 0, 0
0.007128, -2, 25, 0, 0
0.007328, -2, 26, 0, 0
0.007528, -6, 15, 0, 0
0.007730, 0, 0, 0, 0
0.007930, 0, 0, 0, 0
0.008128, 9, 20, 0, 0
0.008330, -2, 26, 0, 0
0.008530, -4, -10, 0, 0
0.008728, -5, 2, 0, 0
0.008928, -5, 2, 0, 0
0.009130, 0, 0, 0, 0
0.009330, -4, -10, 0, 0
0.009530, 1, -13, 0, 0
0.009730, -23, 11, 0, 0
0.009930, 40, -6, 0, 0
0.010130, -5, 2, 0, 0
0.010330, 11, -5, 0, 0
0.010528, -19, 34, 0, 0
0.010730, 0, 0, 0, 0
0.010930, -7, 15, 0, 0
0.011130, 1, -13, 0, 0
0.011328, 1, -12, 0, 0
0.011530, 1, -13, 0, 0
0.011730, -6, 9, 0, 0
0.011928, 10, 7, 0, 0
0.012130, -7, 22, 0, 0
0.012330, 12, -18, 0, 0
0.012530, -5, 2, 0, 0
0.012730, -1, 13, 0, 0
0.012928, -2, 26, 0, 0
0.013130, -5, 2, 0, 0
0.013330, 15, 17, 0, 0
0.013528, -8, 28, 0, 0
0.013728, 13, -18, 0, 0
0.013930, -8, 28, 0, 0
0.014130, -28, 0, 0, 0
0.014330, 0, 0, 0, 0
0.014530, -7, 15, 0, 0
0.014728, -6, 15, 0, 0
0.014930, -7, 15, 0, 0
0.015128, -4, -10, 0, 0
0.015330, -5, 2, 0, 0
0.015530, 1, -13, 0, 0
0.015728, -9, 41, 0, 0
0.015930, -5, 2, 0, 0
0.016128, 39, 7, 0, 0
0.016330, 10, 7, 0, 0
0.016530, 3, -101, 0, 0
0.016728, 14, -182, 0, 0
0.016930, 5, -2, 0, 0
0.017128, -4, -10, 0, 0
0.017330, 9, 20, 0, 0
0.017528, -40, 6, 0, 0
0.017728, 141, -52, 0, 0
0.017928, -13, 18, 0, 0
0.018130, 1, -13, 0, 0
0.018328, 64, -86, 0, 0
0.018530, -20, 47, 0, 0
0.018730, -2, 26, 0, 0
0.018928, -7, 15, 0, 0
0.019130, 1, -13, 0, 0
0.019328, -8, 28, 0, 0
0.019528, -7, 15, 0, 0
0.019730, -7, 15, 0, 0
0.019928, -2, 26, 0, 0
0.020130, -2, 26, 0, 0
0.020330, -7, 28, 0, 0
0.020530, 5, -2, 0, 0
0.020730, 40, -6, 0, 0
0.020928, 3, 23, 0, 0
0.021130, 0, 6, 0, 0
0.021330, -4, -10, 0, 0
0.021528, -5, 2, 0, 0
0.021728, -7, 15, 0, 0
0.021928, -9, 41, 0, 0
0.022130, 42, -32, 0, 0
0.022328, 1, -13, 0, 0
0.022530, 39, 6, 0, 0
0.022730, 1, -13, 0, 0
0.022930, -1, 13, 0, 0
0.023128, -68, 68, 0, 0
0.023330, -7, 15, 0, 0
0.023528, 112, -53, 0, 0
0.023730, 40, -6, 0, 0
0.023930, 39, 6, 0, 0
0.024130, 7, -15, 0, 0
0.024328, -7, 15, 0, 0
0.024530, -5, 2, 0, 0
0.024728, -4, -10, 0, 0
0.024928, -7, 15, 0, 0
0.025128, 21, 8, 0, 0
0.025530, -2, 25, 0, 0
0.025728, 20, -34, 0, 0
0.025930, 10, 7, 0, 0
0.026130, -8, 28, 0, 0
0.026328, -8, 28, 0, 0
0.026528, 1, -13, 0, 0
0.026728, -5, 2, 0, 0
0.026928, 40, -6, 0, 0
0.027130, 0, 0, 0, 0
0.027328, -8, 28, 0, 0
0.027530, 50, -123, 0, 0
0.027728, 0, 0, 0, 0
0.027930, 0, 0, 0, 0
0.028130, -7, 15, 0, 0
0.028330, 0, 0, 0, 0
0.028528, 0, 0, 0, 0
0.028728, 0, 0, 0, 0
0.028930, -5, 2, 0, 0
0.029130, 42, -32, 0, 0
0.029328, -6, 15, 0, 0
0.029530, -8, 28, 0, 0
0.029730, -15, 106, 0, 0
0.029928, -1, 12, 0, 0
0.030130, -5, 2, 0, 0
0.030330, -8, 28, 0, 0
0.030530, 3, 23, 0, 0
0.030728, -9, 41, 0, 0
0.030930, -12, 18, 0, 0
0.031128, -2, -36, 0, 0
0.031328, -7, 15, 0, 0
0.031528, -1, 13, 0, 0
0.031730, -7, 15, 0, 0
0.031928, 10, 7, 0, 0
0.032130, -5, 2, 0, 0
0.032330, 0, -75, 0, 0
0.032530, -53, 24, 0, 0
0.032730, 40, -6, 0, 0
0.032930, 1, -13, 0, 0
0.033130, 41, -19, 0, 0
0.033330, -5, 2, 0, 0
0.033530, -1, 13, 0, 0
0.033728, -18, 21, 0, 0
0.033930, -8, 28, 0, 0
0.034128, -5, 2, 0, 0
0.034330, 39, 6, 0, 0
0.034530, 42, -32, 0, 0
0.034728, -4, -10, 0, 0
0.034928, -100, 46, 0, 0
0.035130, 11, -5, 0, 0
0.035330, -7, 15, 0, 0
0.035530, -14, 31, 0, 0
0.035730, 1, -13, 0, 0
0.035930, -12, 18, 0, 0
0.036128, -5, 2, 0, 0
0.036328, -20, 34, 0, 0
0.036530, -5, 2, 0, 0
0.036730, -2, -36, 0, 0
0.036928, 4, 10, 0, 0
0.037128, -2, 25, 0, 0
0.037330, -12, 18, 0, 0
0.037530, -19, 34, 0, 0
0.037730, 0, 0, 0, 0
0.037930, 17, -8, 0, 0
0.038128, -8, 28, 0, 0
0.038328, -20, 47, 0, 0
0.038530, 41, -19, 0, 0
0.038728, -1, 19, 0, 0
0.038928, -6, 15, 0, 0
0.039130, -11, 5, 0, 0
0.039330, 4, 10, 0, 0
0.039530, 0, 0, 0, 0
0.039930, 1, -13, 0, 0
0.040130, -2, 26, 0, 0
0.040330, 5, -71, 0, 0
0.040528, -18, 21, 0, 0
0.040728, 7, -15, 0, 0
0.040930, -1, 13, 0, 0
0.041130, -12, 12, 0, 0
0.041328, -8, 28, 0, 0
0.041530, -5, 2, 0, 0
0.041730, 0, 0, 0, 0
0.041930, -4, -10, 0, 0
0.042130, 9, 20, 0, 0
0.042330, -55, 50, 0, 0
0.042528, 0, 0, 0, 0
0.042728, -19, 27, 0, 0
0.042928, -6, 15, 0, 0
0.043130, -7, 15, 0, 0
0.043330, 3, 23, 0, 0
0.043530, 11, -5, 0, 0
0.043728, 0, 0, 0, 0
0.043930, -5, 2, 0, 0
0.044130, -1, 13, 0, 0
0.044328, 0, 0, 0, 0
0.044530, 1, -13, 0, 0
0.044728, -5, 2, 0, 0
0.044928, -5, 2, 0, 0
0.045130, -1, 13, 0, 0
0.045328, -5, 2, 0, 0
0.045530, 0, 0, 0, 0
0.045728, 0, 6, 0, 0
0.045930, -7, 15, 0, 0
0.046130, -7, 15, 0, 0
0.046328, -2, 26, 0, 0
0.046528, -8, 28, 0, 0
0.046730, 11, -5, 0, 0
0.046928, -2, 26, 0, 0
0.047130, 15, 17, 0, 0
0.047330, -30, 26, 0, 0
0.047530, -5, 2, 0, 0
0.047730, 40, -6, 0, 0
0.047930, -13, 31, 0, 0
0.048130, -7, 15, 0, 0
0.048328, 0, 0, 0, 0
0.048530, 0, 0, 0, 0
0.048730, 0, 0, 0, 0
0.048930, -4, -10, 0, 0
0.049128, -28, 0, 0, 0
0.049330, -1, 26, 0, 0
0.049530, -5, 2, 0, 0
0.049730, 41, -19, 0, 0
0.049930, -48, 48, 0, 0
0.050130, 0, 0, 0, 0
0.050328, 11, -5, 0, 0
0.050530, 3, 23, 0, 0
0.050730, 41, -19, 0, 0
0.050930, -19, 34, 0, 0
0.051130, -18, 21, 0, 0
0.051330, 39, 6, 0, 0
0.051530, -1, 26, 0, 0
0.051730, 10, 7, 0, 0
0.051930, -5, 2, 0, 0
0.052128, 0, 0, 0, 0
0.052330, -6, 15, 0, 0
0.052530, -6, 15, 0, 0
0.052728, 39, 6, 0, 0
0.052930, 11, -5, 0, 0
0.053130, -8, 28, 0, 0
0.053328, -4, -10, 0, 0
0.053530, -6, 15, 0, 0
0.053728, -5, 2, 0, 0
0.053930, 3, 23, 0, 0
0.054128, 0, 0, 0, 0
0.054328, -6, 15, 0, 0
0.054530, 0, -13, 0, 0
0.054730, -5, 2, 0, 0
0.054930, -1, 13, 0, 0
0.055128, -18, 21, 0, 0
0.055330, -5, 2, 0, 0
0.055530, -11, 5, 0, 0
0.055728, 0, 0, 0, 0
0.055930, -7, 15, 0, 0
0.056130, -13, 25, 0, 0
0.056330, -1, 26, 0, 0
0.056530, -7, 28, 0, 0
0.056728, -5, 2, 0, 0
0.056928, -1, 13, 0, 0
0.057130, 9, 20, 0, 0
0.057330, -6, 15, 0, 0
0.057530, -2, 26, 0, 0
0.057730, 6, -15, 0, 0
0.057930, 40, -6, 0, 0
0.058128, 0, 0, 0, 0
0.058330, -2, 26, 0, 0
0.058528, -3, 39, 0, 0
0.058730, -7, 28, 0, 0
0.058928, -20, 34, 0, 0
0.059130, 0, 0, 0, 0
0.059330, 39, 5, 0, 0
0.059530, 10, 7, 0, 0
0.059730, -37, 42, 0, 0
0.059930, -5, 2, 0, 0
0.060130, -5, 2, 0, 0
0.060330, -6, 15, 0, 0
0.060530, -4, -10, 0, 0
0.060730, -4, -10, 0, 0
0.060930, 5, -2, 0, 0
0.061130, 4, 10, 0, 0
0.061330, -23, 11, 0, 0
0.061530, 5, -2, 0, 0
0.061728, -8, 28, 0, 0
0.061928, -5, 2, 0, 0
0.062130, -5, 2, 0, 0
0.062330, 39, 6, 0, 0
0.062530, 5, -2, 0, 0
0.062730, -6, 15, 0, 0
0.062930, -7, 28, 0, 0
0.063130, 11, 0, 0, 0
0.063330, -5, 2, 0, 0
0.063530, 5, -2, 0, 0
0.063730, 0, 13, 0, 0
0.063930, 0, 0, 0, 0
0.064130, 0, 0, 0, 0
0.064330, 11, -5, 0, 0
0.064530, -5, 2, 0, 0
0.064728, 1, -13, 0, 0
0.064930, -6, 15, 0, 0
0.065130, 9, 20, 0, 0
0.065330, 0, 0, 0, 0
0.065530, 0, 13, 0, 0
0.065730, -5, 2, 0, 0
0.065928, 6, -15, 0, 0
0.066130, -12, 18, 0, 0
0.066330, 0, 0, 0, 0
0.066530, 6, -15, 0, 0
0.066730, -8, 41, 0, 0
0.066930, -12, 12, 0, 0
0.067130, -7, 28, 0, 0
0.067330, 0, 13, 0, 0
0.067528, -18, 21, 0, 0
0.067730, 40, -6, 0, 0
0.067928, 0, 0, 0, 0
0.068130, -5, 2, 0, 0
0.068328, -6, 15, 0, 0
0.068530, -1, 13, 0, 0
0.068728, -5, 2, 0, 0
0.068930, -6, 15, 0, 0
0.069130, -50, 74, 0, 0
0.069330, 3, 23, 0, 0
0.069530, 6, -15, 0, 0
0.069730, 0, 13, 0, 0
0.069930, -5, 2, 0, 0
0.070130, -7, 28, 0, 0
0.070330, 3, 23, 0, 0
0.070530, -5, 2, 0, 0
0.070730, -11, 0, 0, 0
0.070930, 0, 0, 0, 0
0.071130, 5, -2, 0, 0
0.071330, -1, 26, 0, 0
0.071530, -5, 2, 0, 0
0.071730, -7, 28, 0, 0
0.071930, -5, 2, 0, 0
0.072130, 0, -13, 0, 0
0.072330, 10, 7, 0, 0
0.072530, -1, 26, 0, 0
0.072730, 0, 0, 0, 0
0.072930, 0, -13, 0, 0
0.073130, 11, -5, 0, 0
0.073330, 0, 13, 0, 0
0.073530, 0, 13, 0, 0
0.073730, -4, -10, 0, 0
0.073930, -6, 15, 0, 0
0.074130, 40, -6, 0, 0
0.074330, -7, 28, 0, 0
0.074530, 0, 13, 0, 0
0.074728, -5, 2, 0, 0
0.074930, 0, 13, 0, 0
0.075130, 0, 0, 0, 0
0.075330, 0, 0, 0, 0
0.075530, -7, 28, 0, 0
0.075730, -5, 2, 0, 0
0.075930, 4, 23, 0, 0
0.076130, -48, 35, 0, 0
0.076330, 96, -8, 0, 0
0.076530, 0, 0, 0, 0
0.076730, -11, 0, 0, 0
0.076930, 0, 0, 0, 0
0.077130, 0, 0, 0, 0
0.077330, -41, 19, 0, 0
0.077530, 0, 0, 0, 0
0.077730, -17, 8, 0, 0
0.077930, 0, 0, 0, 0
0.078130, -7, 15, 0, 0
0.078330, 25, -37, 0, 0
0.078530, 41, -20, 0, 0
0.078730, 3, 23, 0, 0
0.078930, -4, -10, 0, 0
0.079128, -5, 2, 0, 0
0.079330, 0, -68, 0, 0
0.079530, -6, 15, 0, 0
0.079730, -5, -10, 0, 0
0.079930, 0, 0, 0, 0
0.080130, 41, -19, 0, 0
0.080330, -18, 21, 0, 0
0.080530, -7, 28, 0, 0
0.080730, -6, 15, 0, 0
0.080930, 45, 2, 0, 0
0.081130, -5, 2, 0, 0
0.081330, 0, -13, 0, 0
0.081530, 0, 0, 0, 0
0.081730, 27, 11, 0, 0
0.081930, 0, 13, 0, 0
0.082130, -37, 42, 0, 0
0.082330, -4, -10, 0, 0
0.082530, 6, -15, 0, 0
0.082730, 5, -2, 0, 0
0.082930, -43, 65, 0, 0
0.083130, 0, 13, 0, 0
0.083330, -4, -10, 0, 0
0.083530, -6, 15, 0, 0
0.083730, -1, -49, 0, 0
0.083930, -2, 26, 0, 0
0.084130, 12, -18, 0, 0
0.084330, 21, 21, 0, 0
0.084530, -6, 15, 0, 0
0.084730, -5, 2, 0, 0
0.084930, 0, 13, 0, 0
0.085130, -6, 15, 0, 0
0.085330, 0, -13, 0, 0
0.085530, -5, 2, 0, 0
0.085730, 0, -13, 0, 0
0.085930, -1, 26, 0, 0
0.086130, -6, 15, 0, 0
0.086330, 0, 0, 0, 0
0.086530, 10, 7, 0, 0
0.086730, 27, 11, 0, 0
0.086930, -5, 2, 0, 0
0.087130, -5, 2, 0, 0
0.087330, -5, 2, 0, 0
0.087530, 0, 13, 0, 0
0.087730, 10, 7, 0, 0
0.087930, -1, 13, 0, 0
0.088130, 0, -13, 0, 0
0.088330, 0, 13, 0, 0
0.088530, -14, 44, 0, 0
0.088730, -6, 15, 0, 0
0.088930, -5, 2, 0, 0
0.089130, 3, 23, 0, 0
0.089330, -5, 2, 0, 0
0.089530, 40, -6, 0, 0
0.089730, -2, 39, 0, 0
0.089930, -7, 28, 0, 0
0.090130, 36, -118, 0, 0
0.090330, 0, -6, 0, 0
0.090530, -4, -10, 0, 0
0.090730, 6, -15, 0, 0
0.090930, 0, 0, 0, 0
0.091130, -5, 2, 0, 0
0.091330, -6, 15, 0, 0
0.091530, 29, -14, 0, 0
0.091730, 41, -19, 0, 0
0.091930, -2, 26, 0, 0
0.092128, -5, 2, 0, 0
0.092330, -20, 40, 0, 0
0.092530, -5, 2, 0, 0
0.092730, -13, 31, 0, 0
0.092930, -5, 2, 0, 0
0.093130, 0, -13, 0, 0
0.093330, 0, 0, 0, 0
0.093530, -6, 15, 0, 0
0.093728, 3, 23, 0, 0
0.093930, -7, 28, 0, 0
0.094130, -12, 169, 0, 0
0.094330, 1, -26, 0, 0
0.094530, -1, 26, 0, 0
0.094730, 41, -19, 0, 0
0.094930, 11, -5, 0, 0
0.095130, 42, -32, 0, 0
0.095330, 31, -40, 0, 0
0.095530, -5, 2, 0, 0
0.095730, 0, 0, 0, 0
0.095930, -7, 28, 0, 0
0.096130, 59, -41, 0, 0
0.096330, -6, 15, 0, 0
0.096530, -1, 26, 0, 0
0.096730, -5, 2, 0, 0
0.096930, -7, 28, 0, 0
0.097130, -11, 80, 0, 0
0.097330, 5, -2, 0, 0
0.097530, -5, 2, 0, 0
0.097730, -35, 17, 0, 0
0.097930, 0, 0, 0, 0
0.098130, 0, 13, 0, 0
0.098330, 41, -19, 0, 0
0.098530, -7, 28, 0, 0
0.098730, 39, 5, 0, 0
0.098930, 41, -20, 0, 0
0.099130, -1, 13, 0, 0
0.099330, -7, 22, 0, 0
0.099530, -12, 18, 0, 0
0.099730, -1, 13, 0, 0
0.099930, -6, 15, 0, 0
0.000130, -7, 28, 0, 0
0.000330, 41, -19, 0, 0
0.000530, -5, 2, 0, 0
0.000730, -18, 21, 0, 0
0.000928, -1, 13, 0, 0
0.001130, 41, -19, 0, 0
0.001330, -4, -10, 0, 0
0.001530, 88, -42, 0, 0
0.001730, -1, 13, 0, 0
0.001930, 0, 0, 0, 0
0.002130, -1, 26, 0, 0
0.002330, -2, 39, 0, 0
0.002530, -20, 47, 0, 0
0.002730, 0, 13, 0, 0
0.002930, 0, -75, 0, 0
0.003130, 12, -18, 0, 0
0.003330, 16, 4, 0, 0
0.003530, 0, 13, 0, 0
0.003730, 12, -107, 0, 0
0.003930, 3, 23, 0, 0
0.004130, 9, 20, 0, 0
0.004330, 0, 0, 0, 0
0.004530, -1, 13, 0, 0
0.004730, -5, 2, 0, 0
0.004930, -7, 28, 0, 0
0.005130, 30, 110, 0, 0
0.005330, -6, 15, 0, 0
0.005530, 0, 0, 0, 0
0.005730, -1, 13, 0, 0
0.005930, -20, 40, 0, 0
0.006130, 1, -88, 0, 0
0.006328, -5, 2, 0, 0
0.006530, -13, 31, 0, 0
0.006730, 0, 0, 0, 0
0.006930, 11, -5, 0, 0
0.007130, 5, -2, 0, 0
0.007330, -20, 47, 0, 0
0.007530, -6, 15, 0, 0
0.007730, 0, 13, 0, 0
0.007930, -54, 51, 0, 0
0.008130, -5, 2, 0, 0
0.008330, -7, 15, 0, 0
0.008530, 55, -202, 0, 0
0.008730, -8, 28, 0, 0
0.008930, -18, 21, 0, 0
0.009130, 40, -6, 0, 0
0.009330, 2, -26, 0, 0
0.009530, 0, 0, 0, 0
0.009730, -6, 15, 0, 0
0.009930, 3, 23, 0, 0
0.010130, 0, 0, 0, 0
0.010330, 0, -13, 0, 0
0.010530, -1, 13, 0, 0
0.010730, -1, 13, 0, 0
0.010930, 0, 13, 0, 0
0.011130, -5, 2, 0, 0
0.011330, 4, 16, 0, 0
0.011528, 0, 0, 0, 0
0.011730, 9, 20, 0, 0
0.011930, 42, -32, 0, 0
0.012130, 6, -15, 0, 0
0.012330, -6, 15, 0, 0
0.012530, 0, 0, 0, 0
0.012728, -2, 26, 0, 0
0.012928, 0, 0, 0, 0
0.013130, 192, -127, 0, 0
0.013330, -1, 26, 0, 0
0.013530, -4, -10, 0, 0
0.013728, -18, 21, 0, 0
0.013930, 0, -13, 0, 0
0.014130, -6, 15, 0, 0
0.014330, -2, 26, 0, 0
0.014530, -13, 31, 0, 0
0.014730, -6, 15, 0, 0
0.014930, -5, 2, 0, 0
0.015130, 88, -41, 0, 0
0.015328, -47, 97, 0, 0
0.015530, -2, 26, 0, 0
0.015728, 1, -13, 0, 0
0.015930, -8, 35, 0, 0
0.016130, -6, 15, 0, 0
0.016328, -8, 28, 0, 0
0.016530, 6, -15, 0, 0
0.016730, -6, 15, 0, 0
0.016930, -13, 25, 0, 0
0.017130, -2, 26, 0, 0
0.017330, -11, 5, 0, 0
0.017530, 0, -13, 0, 0
0.017730, -6, 15, 0, 0
0.017930, -18, 21, 0, 0
0.018130, -5, 2, 0, 0
0.018330, -5, 2, 0, 0
0.018528, 12, -18, 0, 0
0.018730, 27, 11, 0, 0
0.018930, -4, -10, 0, 0
0.019130, 0, 0, 0, 0
0.019330, -8, 35, 0, 0
0.019530, -8, 28, 0, 0
0.019730, 1, -13, 0, 0
0.019930, 27, -56, 0, 0
0.020128, -2, 26, 0, 0
0.020330, -12, 18, 0, 0
0.020530, 5, -2, 0, 0
0.020730, -8, 28, 0, 0
0.020930, -1, 13, 0, 0
0.021130, -7, 28, 0, 0
0.021330, -2, 26, 0, 0
0.021528, -1, 13, 0, 0
0.021730, 41, -19, 0, 0
0.021928, -2, 26, 0, 0
0.022130, 1, -13, 0, 0
0.022330, -4, -10, 0, 0
0.022530, -18, 21, 0, 0
0.022728, 3, 23, 0, 0
0.022930, -4, -10, 0, 0
0.023130, 0, 13, 0, 0
0.023330, 3, 23, 0, 0
0.023530, -5, 2, 0, 0
0.023730, 41, -19, 0, 0
0.023928, 0, 0, 0, 0
0.024130, -18, 21, 0, 0
0.024330, -1, 26, 0, 0
0.024530, 9, 20, 0, 0
0.024728, 39, 6, 0, 0
0.024930, 40, -6, 0, 0
0.025130, 11, -5, 0, 0
0.025330, 41, -19, 0, 0
0.025530, 1, -13, 0, 0
0.025730, 0, 0, 0, 0
0.025928, 1, -13, 0, 0
0.026130, -1, 13, 0, 0
0.026330, -50, 74, 0, 0
0.026530, 0, 0, 0, 0
0.026728, -6, 15, 0, 0
0.026928, 0, 0, 0, 0
0.027130, -8, 28, 0, 0
0.027330, -2, 26, 0, 0
0.027530, 3, 23, 0, 0
0.027730, 5, -2, 0, 0
0.027930, -5, 2, 0, 0
0.028128, 4, 10, 0, 0
0.028328, 9, 20, 0, 0
0.028530, -31, 39, 0, 0
0.028730, 0, 0, 0, 0
0.028930, -2, 26, 0, 0
0.029130, -6, 15, 0, 0
0.029330, -12, 18, 0, 0
0.029528, -6, 15, 0, 0
0.029730, 0, -13, 0, 0
0.029928, -8, 28, 0, 0
0.030130, -5, 2, 0, 0
0.030330, 5, -2, 0, 0
0.030530, -6, 15, 0, 0
0.030728, -5, 2, 0, 0
0.030930, 5, -2, 0, 0
0.031128, -13, 31, 0, 0
0.031330, -14, 31, 0, 0
0.031530, -7, 28, 0, 0
0.031728, 2, -32, 0, 0
0.031930, -4, -10, 0, 0
0.032128, -6, 15, 0, 0
0.032328, -1, 13, 0, 0
0.032530, 0, 0, 0, 0
0.032730, -1, 13, 0, 0
0.032930, 40, -6, 0, 0
0.033130, 1, -13, 0, 0
0.033328, -8, 28, 0, 0
0.033530, 40, -6, 0, 0
0.033730, -7, 28, 0, 0
0.033930, 0, 0, 0, 0
0.034130, 0, 0, 0, 0
0.034330, 135, -64, 0, 0
0.034528, 4, 10, 0, 0
0.034730, -5, 2, 0, 0
0.034930, -12, 18, 0, 0
0.035128, 4, 10, 0, 0
0.035330, -2, 26, 0, 0
0.035530, -4, -10, 0, 0
0.035728, -6, 15, 0, 0
0.035930, -5, 2, 0, 0
0.036130, -5, 2, 0, 0
0.036328, 1, -13, 0, 0
0.036530, -6, 15, 0, 0
0.036728, -1, 13, 0, 0
0.036930, 0, -75, 0, 0
0.037130, 0, -75, 0, 0
0.037330, 1, -13, 0, 0
0.037530, 9, 20, 0, 0
0.037730, -1, 13, 0, 0
0.037930, 39, 6, 0, 0
0.038128, 41, -19, 0, 0
0.038328, -1, 13, 0, 0
0.038530, -5, 2, 0, 0
0.038730, 12, -80, 0, 0
0.038928, 40, -6, 0, 0
0.039130, -4, -10, 0, 0
0.039328, -5, 2, 0, 0
0.039530, 0, 0, 0, 0
0.039930, -1, 13, 0, 0
0.040130, 29, -13, 0, 0
0.040328, -5, 2, 0, 0
0.040530, -7, 15, 0, 0
0.040730, -13, 31, 0, 0
0.040930, 3, 23, 0, 0
0.041130, -5, 2, 0, 0
0.041330, 0, 0, 0, 0
0.041530, -6, 15, 0, 0
0.041730, -4, -10, 0, 0
0.041930, 17, -8, 0, 0
0.042130, 37, -42, 0, 0
0.042330, 1, -13, 0, 0
0.042530, -46, 9, 0, 0
0.042730, -18, 21, 0, 0
0.042928, 63, -17, 0, 0
0.043130, 1, -13, 0, 0
0.043330, -18, 21, 0, 0
0.043528, -12, 18, 0, 0
0.043730, 0, -13, 0, 0
0.043930, -2, 26, 0, 0
0.044128, -2, 26, 0, 0
0.044330, -5, 2, 0, 0
0.044530, 4, 10, 0, 0
0.044730, -7, 28, 0, 0
0.044930, -12, 18, 0, 0
0.045128, 5, -2, 0, 0
0.045330, -7, 28, 0, 0
0.045530, -11, 80, 0, 0
0.045730, 40, -6, 0, 0
0.045930, -6, 15, 0, 0
0.046130, 1, -13, 0, 0
0.046328, -82, 113, 0, 0
0.046530, 0, 0, 0, 0
0.046730, -1, 13, 0, 0
0.046928, 112, -53, 0, 0
0.047128, -4, -10, 0, 0
0.047330, -2, 26, 0, 0
0.047528, -6, 15, 0, 0
0.047730, 11, -5, 0, 0
0.047928, 6, -9, 0, 0
0.048128, 0, 0, 0, 0
0.048330, -5, 2, 0, 0
0.048530, -2, 26, 0, 0
0.048730, -47, 22, 0, 0
0.048928, 0, 0, 0, 0
0.049130, -8, 28, 0, 0
0.049330, -1, 13, 0, 0
0.049530, -4, -10, 0, 0
0.049730, -7, 28, 0, 0
0.049930, 11, -5, 0, 0
0.050128, -12, 12, 0, 0
0.050330, 0, 0, 0, 0
0.050528, -5, 2, 0, 0
0.050730, -1, 13, 0, 0
0.050930, 4, -52, 0, 0
0.051130, -1, 13, 0, 0
0.051328, -6, 9, 0, 0
0.051530, -18, 21, 0, 0
0.051730, -6, 15, 0, 0
0.051928, -7, 15, 0, 0
0.052130, -6, 15, 0, 0
0.052330, 0, 0, 0, 0
0.052528, -1, 13, 0, 0
0.052730, 11, -5, 0, 0
0.052930, 87, -28, 0, 0
0.053130, -5, 2, 0, 0
0.053330, -8, 28, 0, 0
0.053528, -14, 44, 0, 0
0.053730, 0, 0, 0, 0
0.053928, -5, 2, 0, 0
0.054130, -1, 13, 0, 0
0.054330, -20, 47, 0, 0
0.054530, -26, 36, 0, 0
0.054730, -1, 13, 0, 0
0.054928, 0, 6, 0, 0
0.055128, 1, -13, 0, 0
0.055330, -1, 13, 0, 0
0.055528, -15, 44, 0, 0
0.055730, -2, 26, 0, 0
0.055930, -35, 16, 0, 0
0.056130, -1, 13, 0, 0
0.056330, -1, 13, 0, 0
0.056530, -4, -10, 0, 0
0.056730, -5, 2, 0, 0
0.056930, -5, 2, 0, 0
0.057128, -5, 2, 0, 0
0.057330, -9, -95, 0, 0
0.057530, 4, 10, 0, 0
0.057730, 0, 0, 0, 0
0.057930, -7, 15, 0, 0
0.058130, 0, 0, 0, 0
0.058330, 1, -13, 0, 0
0.058530, -6, 15, 0, 0
0.058730, -7, 28, 0, 0
0.058930, -6, 15, 0, 0
0.059130, 11, -5, 0, 0
0.059330, 9, 20, 0, 0
0.059530, -7, 28, 0, 0
0.059730, 0, 13, 0, 0
0.059930, -37, 42, 0, 0
0.060130, -1, 13, 0, 0
0.060330, -6, 15, 0, 0
0.060528, -13, 31, 0, 0
0.060730, -5, 2, 0, 0
0.060928, 0, 0, 0, 0
0.061130, -1, 13, 0, 0
0.061330, -17, 8, 0, 0
0.061530, -1, 13, 0, 0
0.061728, -1, 13, 0, 0
0.061930, 1, -19, 0, 0
0.062128, -4, -10, 0, 0
0.062330, 42, -32, 0, 0
0.062530, -7, 28, 0, 0
0.062728, -6, 15, 0, 0
0.062928, 11, -5, 0, 0
0.063130, -18, 21, 0, 0
0.063330, -7, 28, 0, 0
0.063530, -7, 28, 0, 0
0.063730, -5, 2, 0, 0
0.063930, -4, -10, 0, 0
0.064128, -6, 15, 0, 0
0.064328, 11, -5, 0, 0
0.064530, -1, 12, 0, 0
0.064730, -33, 59, 0, 0
0.064930, 16, 4, 0, 0
0.065130, -5, 2, 0, 0
0.065330, -6, 15, 0, 0
0.065530, 41, -19, 0, 0
0.065730, -13, 18, 0, 0
0.065930, -21, 47, 0, 0
0.066130, -6, 15, 0, 0
0.066330, -6, 15, 0, 0
0.066530, -5, 2, 0, 0
0.066728, -54, 38, 0, 0
0.066930, 50, 1, 0, 0
0.067130, 0, 0, 0, 0
0.067330, -5, 2, 0, 0
0.067530, 1, -13, 0, 0
0.067728, -19, 34, 0, 0
0.067930, -13, 25, 0, 0
0.068130, -3, -23, 0, 0
0.068330, -4, -10, 0, 0
0.068528, -5, 2, 0, 0
0.068730, -11, 5, 0, 0
0.068930, 42, -32, 0, 0
0.069130, -4, -10, 0, 0
0.069330, 28, -1, 0, 0
0.069530, 0, 0, 0, 0
0.069730, -8, 28, 0, 0
0.069930, 1, -13, 0, 0
0.070130, 0, 0, 0, 0
0.070330, 54, -114, 0, 0
0.070528, -6, 15, 0, 0
0.070730, 31, -39, 0, 0
0.070930, -18, 21, 0, 0
0.071130, 0, 13, 0, 0
0.071330, 11, -5, 0, 0
0.071530, -8, 28, 0, 0
0.071730, 0, 0, 0, 0
0.071930, 1, -13, 0, 0
0.072130, 41, -19, 0, 0
0.072330, 0, 13, 0, 0
0.072530, -1, 13, 0, 0
0.072730, 42, -32, 0, 0
0.072928, 0, 0, 0, 0
0.073130, -52, 25, 0, 0
0.073328, -102, 73, 0, 0
0.073530, -6, 15, 0, 0
0.073730, 1, -13, 0, 0
0.073930, -4, -10, 0, 0
0.074130, -6, 15, 0, 0
0.074328, -6, 15, 0, 0
0.074528, -5, 2, 0, 0
0.074730, -5, 65, 0, 0
0.074930, -13, 31, 0, 0
0.075128, -17, 139, 0, 0
0.075330, -5, 2, 0, 0
0.075528, 0, 0, 0, 0
0.075730, 39, 6, 0, 0
0.075928, -18, 21, 0, 0
0.076130, -11, 0, 0, 0
0.076328, -8, 28, 0, 0
0.076530, -35, 16, 0, 0
0.076728, -2, 26, 0, 0
0.076930, -19, 34, 0, 0
0.077130, -5, -3, 0, 0
0.077330, 0, -6, 0, 0
0.077530, -21, 47, 0, 0
0.077730, 0, 0, 0, 0
0.077930, -6, 15, 0, 0
0.078128, 5, -2, 0, 0
0.078330, 0, 0, 0, 0
0.078530, -1, 12, 0, 0
0.078730, -1, 13, 0, 0
0.078930, -20, 47, 0, 0
0.079128, 87, -28, 0, 0
0.079330, 9, 20, 0, 0
0.079530, -1, 26, 0, 0
0.079730, -11, 5, 0, 0
0.079930, 26, 24, 0, 0
0.080128, -19, 34, 0, 0
0.080330, -5, 2, 0, 0
0.080528, -8, 28, 0, 0
0.080730, -5, 2, 0, 0
0.080930, -4, -10, 0, 0
0.081130, -20, 47, 0, 0
0.081330, -4, -10, 0, 0
0.081530, -5, 2, 0, 0
0.081730, -6, 15, 0, 0
0.081930, -3, -23, 0, 0
0.082130, -5, 2, 0, 0
0.082330, -8, 28, 0, 0
0.082530, -7, 15, 0, 0
0.082728, -6, 15, 0, 0
0.082930, 5, -2, 0, 0
0.083130, -20, 47, 0, 0
0.083330, -6, 15, 0, 0
0.083530, -2, 26, 0, 0
0.083728, 0, 0, 0, 0
0.083930, 10, 7, 0, 0
0.084130, -189, 118, 0, 0
0.084330, -1, 13, 0, 0
0.084530, 1, -13, 0, 0
0.084728, -5, 2, 0, 0
0.084930, 12, -18, 0, 0
0.085130, 0, 13, 0, 0
0.085328, -6, 15, 0, 0
0.085530, 41, -19, 0, 0
0.085728, 7, -15, 0, 0
0.085930, -1, 13, 0, 0
0.086130, -8, 28, 0, 0
0.086328, 0, 0, 0, 0
0.086530, 0, 0, 0, 0
0.086728, 5, -2, 0, 0
0.086930, -5, 2, 0, 0
0.087130, -7, 28, 0, 0
0.087330, -6, 15, 0, 0
0.087528, 5, -2, 0, 0
0.087730, -1, 13, 0, 0
0.087930, 40, -6, 0, 0
0.088130, -6, 15, 0, 0
0.088330, -5, 2, 0, 0
0.088530, -2, 26, 0, 0
0.088730, -5, 2, 0, 0
0.088930, -4, -10, 0, 0
0.089128, -8, 28, 0, 0
0.089330, -12, 18, 0, 0
0.089530, -5, 2, 0, 0
0.089730, 40, -6, 0, 0
0.089930, -7, 28, 0, 0
0.090328, -1, 13, 0, 0
0.090530, 6, -9, 0, 0
0.090730, -5, 2, 0, 0
0.090930, -7, 28, 0, 0
0.091128, -19, 21, 0, 0
0.091328, 1, -13, 0, 0
0.091530, 18, -21, 0, 0
0.091728, -5, 2, 0, 0
0.091930, -11, 5, 0, 0
0.092130, -18, 21, 0, 0
0.092330, -35, 17, 0, 0
0.092530, -5, 2, 0, 0
0.092730, 0, -13, 0, 0
0.092930, -5, 2, 0, 0
0.093130, 87, -29, 0, 0
0.093330, -5, 2, 0, 0
0.093530, 0, 0, 0, 0
0.093730, -7, 28, 0, 0
0.093930, 0, 0, 0, 0
0.094130, -5, 2, 0, 0
0.094330, -52, 25, 0, 0
0.094530, 0, 0, 0, 0
0.094730, -6, 15, 0, 0
0.094928, 20, -47, 0, 0
0.095130, 0, 0, 0, 0
0.095330, 1, -13, 0, 0
0.095530, -7, 28, 0, 0
0.095730, 0, 13, 0, 0
0.095930, 9, 20, 0, 0
0.096128, 1, -13, 0, 0
0.096330, -1, 26, 0, 0
0.096530, 0, 13, 0, 0
0.096730, -4, -10, 0, 0
0.096928, 40, -6, 0, 0
0.097130, 0, 0, 0, 0
0.097330, 28, -1, 0, 0
0.097530, 5, -2, 0, 0
0.097730, 0, 0, 0, 0
0.097930, 0, 0, 0, 0
0.098128, -4, -10, 0, 0
0.098330, -6, 15, 0, 0
0.098530, -13, 31, 0, 0
0.098730, -5, 2, 0, 0
0.098930, 42, -32, 0, 0
0.099128, -8, 28, 0, 0
0.099328, -6, 15, 0, 0
0.099530, -19, 34, 0, 0
0.099730, -4, -10, 0, 0
0.099930, -12, 18, 0, 0
0.000128, -31, 39, 0, 0
0.000330, -6, 15, 0, 0
0.000530, -47, 22, 0, 0
0.000730, -24, 30, 0, 0
0.000928, 0, 0, 0, 0
0.001130, -8, 28, 0, 0
0.001328, 19, -34, 0, 0
0.001530, -20, 47, 0, 0
0.001730, -8, 28, 0, 0
0.001930, 5, 10, 0, 0
0.002130, -5, 2, 0, 0
0.002330, 5, -2, 0, 0
0.002528, -15, 119, 0, 0
0.002730, 0, 0, 0, 0
0.002930, 0, 0, 0, 0
0.003130, -11, 5, 0, 0
0.003330, 0, 0, 0, 0
0.003528, -35, 16, 0, 0
0.003730, -4, -10, 0, 0
0.003930, -7, 22, 0, 0
0.004130, -5, 2, 0, 0
0.004330, 10, 7, 0, 0
0.004528, 0, 0, 0, 0
0.004728, -2, 26, 0, 0
0.004930, 5, -2, 0, 0
0.005128, -1, 13, 0, 0
0.005330, -4, -10, 0, 0
0.005530, -5, 2, 0, 0
0.005730, -5, 2, 0, 0
0.005930, -4, -10, 0, 0
0.006130, 10, 7, 0, 0
0.006328, 0, 0, 0, 0
0.006530, -1, 13, 0, 0
0.006730, 5, -78, 0, 0
0.006930, -7, 28, 0, 0
0.007130, -15, 119, 0, 0
0.007330, 4, 10, 0, 0
0.007528, -6, 15, 0, 0
0.007728, -23, 11, 0, 0
0.007930, 1, -13, 0, 0
0.008130, -49, 61, 0, 0
0.008328, 9, 20, 0, 0
0.008530, -1, 26, 0, 0
0.008730, 11, -80, 0, 0
0.008930, -36, 29, 0, 0
0.009128, 20, -109, 0, 0
0.009330, 3, 23, 0, 0
0.009530, -1, 13, 0, 0
0.009728, 35, -23, 0, 0
0.009928, -2, 25, 0, 0
0.010130, -51, 87, 0, 0
0.010330, -7, 28, 0, 0
0.010530, 41, -19, 0, 0
0.010728, -1, 13, 0, 0
0.010930, 9, 20, 0, 0
0.011128, 0, 0, 0, 0
0.011330, -4, -10, 0, 0
0.011530, 0, 0, 0, 0
0.011730, -12, 18, 0, 0
0.011930, -4, -10, 0, 0
0.012128, 40, -6, 0, 0
0.012330, 0, 13, 0, 0
0.012528, -1, 88, 0, 0
0.012730, 0, -13, 0, 0
0.012930, 0, 0, 0, 0
0.013130, -1, 13, 0, 0
0.013330, -2, 26, 0, 0
0.013528, 41, -19, 0, 0
0.013730, -6, 15, 0, 0
0.014130, 9, 20, 0, 0
0.014328, -55, 51, 0, 0
0.014528, 0, 0, 0, 0
0.014730, -13, 25, 0, 0
0.014930, -6, 15, 0, 0
0.015130, 0, 0, 0, 0
0.015330, 0, 0, 0, 0
0.015530, 0, 0, 0, 0
0.015728, 0, 0, 0, 0
0.015928, -4, -10, 0, 0
0.016130, -18, 21, 0, 0
0.016330, -7, 15, 0, 0
0.016530, 12, -18, 0, 0
0.016730, -7, 28, 0, 0
0.016930, -7, 28, 0, 0
0.017130, -6, 15, 0, 0
0.017330, -5, 2, 0, 0
0.017530, -17, 8, 0, 0
0.017730, -4, -10, 0, 0
0.017928, -8, 28, 0, 0
0.018130, -6, 15, 0, 0
0.018330, -4, -10, 0, 0
0.018530, -88, 42, 0, 0
0.018728, -52, 11, 0, 0
0.018930, -5, 2, 0, 0
0.019130, -18, 21, 0, 0
0.019330, -7, 15, 0, 0
0.019530, -49, 48, 0, 0
0.019730, -2, 26, 0, 0
0.019930, -18, 21, 0, 0
0.020130, 0, 0, 0, 0
0.020328, -6, 15, 0, 0
0.020530, 0, 0, 0, 0
0.020730, 1, -13, 0, 0
0.020930, -2, 26, 0, 0
0.021128, 1, -19, 0, 0
0.021330, 0, 0, 0, 0
0.021530, -7, 15, 0, 0
0.021730, -5, 2, 0, 0
0.021930, 0, 0, 0, 0
0.022130, -4, -10, 0, 0
0.022330, -8, 28, 0, 0
0.022530, 0, 0, 0, 0
0.022728, 9, 20, 0, 0
0.022928, 4, 10, 0, 0
0.023130, 39, 6, 0, 0
0.023330, -5, 2, 0, 0
0.023530, 0, 0, 0, 0
0.023730, 39, 6, 0, 0
0.023930, 0, 0, 0, 0
0.024130, -2, 26, 0, 0
0.024328, -5, 2, 0, 0
0.024530, -8, 28, 0, 0
0.024730, -8, 28, 0, 0
0.024928, -102, 73, 0, 0
0.025128, 0, 0, 0, 0
0.025330, 9, 20, 0, 0
0.025530, -11, 5, 0, 0
0.025730, 6, -15, 0, 0
0.025930, -2, 26, 0, 0
0.026130, -1, 13, 0, 0
0.026330, 3, 23, 0, 0
0.026530, 41, -19, 0, 0
0.026730, -7, 28, 0, 0
0.026930, 17, -1, 0, 0
0.027128, 1, -13, 0, 0
0.027328, 1, -13, 0, 0
0.027530, -7, 15, 0, 0
0.027928, 41, -19, 0, 0
0.028130, 26, 24, 0, 0
0.028330, -5, 2, 0, 0
0.028530, -8, 28, 0, 0
0.028730, 12, -18, 0, 0
0.028930, -4, -10, 0, 0
0.029128, -8, 28, 0, 0
0.029328, -8, 28, 0, 0
0.029530, 39, 6, 0, 0
0.029730, 0, 0, 0, 0
0.029930, -2, 26, 0, 0
0.030128, 10, 7, 0, 0
0.030330, -5, 2, 0, 0
0.030528, -4, -10, 0, 0
0.030730, -4, -10, 0, 0
0.030928, 5, -2, 0, 0
0.031130, -8, 35, 0, 0
0.031328, 10, 7, 0, 0
0.031530, -2, 26, 0, 0
0.031730, -5, 2, 0, 0
0.031930, -14, 44, 0, 0
0.032130, -21, 47, 0, 0
0.032328, -65, 29, 0, 0
0.032530, -3, -23, 0, 0
0.032728, -8, 28, 0, 0
0.032930, -65, 131, 0, 0
0.033130, -5, 2, 0, 0
0.033328, -2, 25, 0, 0
0.033530, -21, 47, 0, 0
0.033728, 47, -22, 0, 0
0.033930, 18, -21, 0, 0
0.034128, 29, -13, 0, 0
0.034330, -4, -10, 0, 0
0.034530, 42, -32, 0, 0
0.034730, -11, 0, 0, 0
0.034930, 39, 6, 0, 0
0.035130, -4, -10, 0, 0
0.035330, -18, 21, 0, 0
0.035528, -5, 2, 0, 0
0.035730, -2, 26, 0, 0
0.035930, -6, 15, 0, 0
0.036128, -5, 2, 0, 0
0.036330, 5, -2, 0, 0
0.036528, -9, -20, 0, 0
0.036728, 3, 23, 0, 0
0.036930, -8, 28, 0, 0
0.037130, -7, 15, 0, 0
0.037330, -7, 15, 0, 0
0.037530, -7, 15, 0, 0
0.037728, -12, 18, 0, 0
0.037930, 39, 6, 0, 0
0.038128, -8, 28, 0, 0
0.038330, -6, 15, 0, 0
0.038528, 1, -13, 0, 0
0.038730, 12, -18, 0, 0
0.038928, 27, 12, 0, 0
0.039128, -5, 2, 0, 0
0.039330, -2, 26, 0, 0
0.039530, 10, 7, 0, 0
0.039730, 0, 0, 0, 0
0.039928, 0, 0, 0, 0
0.040128, -18, 21, 0, 0
0.040330, -4, -10, 0, 0
0.040528, -7, 15, 0, 0
0.040728, -6, 15, 0, 0
0.040928, -1, 13, 0, 0
0.041130, -5, 2, 0, 0
0.041330, 0, 0, 0, 0
0.041530, -7, 15, 0, 0
0.041730, 3, 23, 0, 0
0.041930, -5, 2, 0, 0
0.042130, 11, -5, 0, 0
0.042328, 45, -58, 0, 0
0.042528, 41, -19, 0, 0
0.042730, 5, -2, 0, 0
0.042930, 40, -6, 0, 0
0.043128, 5, -2, 0, 0
0.043328, 9, 20, 0, 0
0.043530, 10, 7, 0, 0
0.043728, 26, 25, 0, 0
0.043928, -8, 28, 0, 0
0.044130, 41, -19, 0, 0
0.044330, -4, -10, 0, 0
0.044530, -4, -10, 0, 0
0.044730, -2, 32, 0, 0
0.044930, 0, 0, 0, 0
0.045130, -5, 2, 0, 0
0.045330, -36, 29, 0, 0
0.045528, 1, -13, 0, 0
0.045730, -5, 2, 0, 0
0.045930, 0, 0, 0, 0
0.046130, -18, 21, 0, 0
0.046330, 39, 6, 0, 0
0.046528, -7, 15, 0, 0
0.046730, -7, 15, 0, 0
0.046930, -7, 15, 0, 0
0.047130, 0, 0, 0, 0
0.047330, -22, -1, 0, 0
0.047530, -7, 15, 0, 0
0.047728, 4, 10, 0, 0
0.047928, -5, 2, 0, 0
0.048128, -2, 26, 0, 0
0.048328, 0, 0, 0, 0
0.048530, -4, -10, 0, 0
0.048728, -4, -10, 0, 0
0.048930, -6, 15, 0, 0
0.049128, 89, -40, 0, 0
0.049328, -52, 11, 0, 0
0.049530, 1, -13, 0, 0
0.049728, 3, 23, 0, 0
0.049928, -5, 2, 0, 0
0.050128, -5, 2, 0, 0
0.050330, 0, 0, 0, 0
0.050530, 0, 0, 0, 0
0.050730, -7, 15, 0, 0
0.050930, -1, 13, 0, 0
0.051128, -5, 2, 0, 0
0.051328, -9, 41, 0, 0
0.051530, -5, 2, 0, 0
0.051728, -20, 47, 0, 0
0.051930, -12, 18, 0, 0
0.052130, -2, 26, 0, 0
0.052330, -1, 13, 0, 0
0.052530, 1, -13, 0, 0
0.052730, -1, 13, 0, 0
0.052930, 0, 0, 0, 0
0.053130, -6, 15, 0, 0
0.053328, -7, 15, 0, 0
0.053530, 0, 0, 0, 0
0.053730, 87, -28, 0, 0
0.053928, -6, 15, 0, 0
0.054130, -1, 13, 0, 0
0.054330, -8, 28, 0, 0
0.054528, -2, 25, 0, 0
0.054728, 47, -21, 0, 0
0.054930, 0, 0, 0, 0
0.055130, -15, 44, 0, 0
0.055328, -7, 15, 0, 0
0.055530, 1, -13, 0, 0
0.055730, -8, 28, 0, 0
0.055930, -5, 2, 0, 0
0.056130, -53, 24, 0, 0
0.056330, 1, -13, 0, 0
0.056530, -7, 28, 0, 0
0.056730, -7, 15, 0, 0
0.056928, 10, 7, 0, 0
0.057130, -7, 15, 0, 0
0.057330, 39, 6, 0, 0
0.057528, 0, 0, 0, 0
0.057730, -1, 13, 0, 0
0.057928, 3, 23, 0, 0
0.058130, -4, -10, 0, 0
0.058328, 0, 0, 0, 0
0.058530, -7, 15, 0, 0
0.058730, -20, 40, 0, 0
0.058930, -1, 13, 0, 0
0.059130, -6, 15, 0, 0
0.059328, -7, 15, 0, 0
0.059530, 5, -2, 0, 0
0.059728, -8, 28, 0, 0
0.059930, 0, 0, 0, 0
0.060128, 5, -2, 0, 0
0.060330, -1, 13, 0, 0
0.060528, -6, 15, 0, 0
0.060728, 0, 0, 0, 0
0.060930, -18, 21, 0, 0
0.061130, 1, -13, 0, 0
0.061330, 4, 10, 0, 0
0.061530, -5, 2, 0, 0
0.061728, -7, 15, 0, 0
0.061930, -7, 15, 0, 0
0.062128, -5, 2, 0, 0
0.062330, 42, -32, 0, 0
0.062528, -5, 2, 0, 0
0.062730, 4, 10, 0, 0
0.062928, -2, 26, 0, 0
0.063130, -25, 37, 0, 0
0.063330, 0, 0, 0, 0
0.063530, 42, -32, 0, 0
0.063728, 3, -38, 0, 0
0.063928, -4, -10, 0, 0
0.064130, -5, 2, 0, 0
0.064328, -5, 2, 0, 0
0.064530, -5, 2, 0, 0
0.064730, 0, 0, 0, 0
0.064930, -8, 28, 0, 0
0.065130, -4, -10, 0, 0
0.065330, -1, 13, 0, 0
0.065528, 1, -13, 0, 0
0.065730, -4, -10, 0, 0
0.065930, -6, 15, 0, 0
0.066130, -1, 26, 0, 0
0.066330, 41, -19, 0, 0
0.066530, 0, -13, 0, 0
0.066728, 16, 4, 0, 0
0.066930, -1, 13, 0, 0
0.067128, -20, 40, 0, 0
0.067328, -7, 15, 0, 0
0.067530, -30, 26, 0, 0
0.067730, -10, -7, 0, 0
0.067930, -6, 15, 0, 0
0.068128, 0, 0, 0, 0
0.068330, 0, 0, 0, 0
0.068528, -7, 15, 0, 0
0.068730, -2, 26, 0, 0
0.068930, 0, 0, 0, 0
0.069130, -12, 18, 0, 0
0.069330, -5, 2, 0, 0
0.069530, -26, 49, 0, 0
0.069730, -7, 15, 0, 0
0.069930, 40, -6, 0, 0
0.070128, -5, 2, 0, 0
0.070330, 0, 0, 0, 0
0.070530, -1, 13, 0, 0
0.070730, -5, 2, 0, 0
0.070930, -14, 44, 0, 0
0.071130, 39, 6, 0, 0
0.071330, -2, 26, 0, 0
0.071528, -12, 11, 0, 0
0.071728, 0, 0, 0, 0
0.071930, -8, 28, 0, 0
0.072130, 3, 23, 0, 0
0.072330, -5, 2, 0, 0
0.072530, -13, 31, 0, 0
0.072728, -1, 13, 0, 0
0.072928, -1, 13, 0, 0
0.073130, 0, 0, 0, 0
0.073330, 4, 10, 0, 0
0.073530, -5, 2, 0, 0
0.073730, -18, 21, 0, 0
0.073928, 5, -2, 0, 0
0.074128, -6, 15, 0, 0
0.074330, -121, 156, 0, 0
0.074528, 39, 6, 0, 0
0.074730, 9, 20, 0, 0
0.074930, -8, 28, 0, 0
0.075130, -1, 26, 0, 0
0.075330, 9, 20, 0, 0
0.075728, -2, 26, 0, 0
0.075930, -7, 28, 0, 0
0.076130, -5, 2, 0, 0
0.076328, 39, 6, 0, 0
0.076530, -6, 15, 0, 0
0.076730, -12, 18, 0, 0
0.076928, -8, 28, 0, 0
0.077128, 6, -15, 0, 0
0.077330, 39, 6, 0, 0
0.077528, 110, -27, 0, 0
0.077730, -7, 15, 0, 0
0.077930, -2, 26, 0, 0
0.078130, -8, 28, 0, 0
0.078330, -6, 15, 0, 0
0.078530, 41, -19, 0, 0
0.078728, -8, 28, 0, 0
0.078930, 12, -18, 0, 0
0.079130, -5, 2, 0, 0
0.079330, 3, 23, 0, 0
0.079528, -13, 25, 0, 0
0.079728, 11, -5, 0, 0
0.079930, -1, 13, 0, 0
0.080128, -1, 13, 0, 0
0.080330, 5, -2, 0, 0
0.080530, 0, 13, 0, 0
0.080728, -2, 26, 0, 0
0.080930, -7, 15, 0, 0
0.081130, -6, 15, 0, 0
0.081330, 26, 24, 0, 0
0.081530, -5, 2, 0, 0
0.081728, -5, 2, 0, 0
0.081928, 12, -18, 0, 0
0.082130, 49, -49, 0, 0
0.082330, -146, 71, 0, 0
0.082530, 5, -2, 0, 0
0.082728, -8, 28, 0, 0
0.082928, -2, 26, 0, 0
0.083130, -8, 28, 0, 0
0.083330, -5, 2, 0, 0
0.083530, -6, 15, 0, 0
0.083730, 6, -15, 0, 0
0.083928, 41, -19, 0, 0
0.084128, 24, -24, 0, 0
0.084330, 33, 2, 0, 0
0.084530, 6, -15, 0, 0
0.084728, 41, -19, 0, 0
0.084930, -1, 13, 0, 0
0.085128, -5, 2, 0, 0
0.085330, -4, -10, 0, 0
0.085530, 59, -27, 0, 0
0.085730, -6, 15, 0, 0
0.085930, 111, -53, 0, 0
0.086128, -16, -4, 0, 0
0.086330, -2, 26, 0, 0
0.086530, -4, -10, 0, 0
0.086728, 6, -15, 0, 0
0.086930, -6, 15, 0, 0
0.087128, -5, 2, 0, 0
0.087328, -1, 13, 0, 0
0.087530, -7, 28, 0, 0
0.087730, -2, 26, 0, 0
0.087930, 4, 10, 0, 0
0.088130, -6, 15, 0, 0
0.088330, 0, 0, 0, 0
0.088528, -2, 26, 0, 0
0.088730, -46, 84, 0, 0
0.088930, -6, 15, 0, 0
0.089128, -37, 42, 0, 0
0.089330, -6, 15, 0, 0
0.089530, -1, 13, 0, 0
0.089728, -19, 34, 0, 0
0.089928, 9, 20, 0, 0
0.090130, -47, 22, 0, 0
0.090330, 42, -32, 0, 0
0.090530, -5, 2, 0, 0
0.090730, -49, 48, 0, 0
0.090930, -6, 15, 0, 0
0.091130, -35, 17, 0, 0
0.091330, -50, 74, 0, 0
0.091530, 0, 0, 0, 0
0.091730, -5, 2, 0, 0
0.091930, -1, 13, 0, 0
0.092130, -7, 15, 0, 0
0.092330, 3, 23, 0, 0
0.092530, 41, -19, 0, 0
0.092730, 5, -2, 0, 0
0.092928, -8, 28, 0, 0
0.093130, -12, 94, 0, 0
0.093330, -46, 84, 0, 0
0.093530, -1, 13, 0, 0
0.093728, 1, -12, 0, 0
0.093930, 40, -6, 0, 0
0.094130, -2, 26, 0, 0
0.094330, -5, 2, 0, 0
0.094530, -2, 26, 0, 0
0.094730, -5, 2, 0, 0
0.094930, -4, -10, 0, 0
0.095130, -5, 2, 0, 0
0.095328, -14, 31, 0, 0
0.095530, -7, 28, 0, 0
0.095730, -20, 47, 0, 0
0.095930, -54, 51, 0, 0
0.096130, 10, 7, 0, 0
0.096328, 1, -13, 0, 0
0.096530, -5, 2, 0, 0
0.096728, 3, 23, 0, 0
0.096930, 6, -78, 0, 0
0.097128, 28, 0, 0, 0
0.097328, 0, 0, 0, 0
0.097530, -11, 5, 0, 0
0.097730, -7, 15, 0, 0
0.097930, -2, 26, 0, 0
0.098130, 0, 0, 0, 0
0.098330, -4, -10, 0, 0
0.098530, -6, 15, 0, 0
0.098730, 0, 0, 0, 0
0.098928, 0, 0, 0, 0
0.099130, -41, 19, 0, 0
0.099330, -2, 26, 0, 0
0.099528, 19, -34, 0, 0
0.099730, -54, 51, 0, 0
0.099930, -1, 26, 0, 0
0.000128, 4, 10, 0, 0
0.000330, -8, 28, 0, 0
0.000530, -4, -10, 0, 0
0.000730, 0, 13, 0, 0
0.000930, -5, 2, 0, 0
0.001130, -5, 2, 0, 0
0.001330, 4, 10, 0, 0
0.001530, 19, -34, 0, 0
0.001728, -18, 21, 0, 0
0.001930, 65, -44, 0, 0
0.002130, 5, -2, 0, 0
0.002330, -14, 44, 0, 0
0.002530, -5, 2, 0, 0
0.002728, -5, 2, 0, 0
0.002928, 0, 0, 0, 0
0.003130, -5, 2, 0, 0
0.003330, -1, 13, 0, 0
0.003530, -4, -10, 0, 0
0.003730, -12, 18, 0, 0
0.003930, -5, 2, 0, 0
0.004128, -5, 2, 0, 0
0.004330, 0, 13, 0, 0
0.004528, -19, 34, 0, 0
0.004730, 1, -13, 0, 0
0.004928, -2, 26, 0, 0
0.005130, -5, 2, 0, 0
0.005330, -7, 28, 0, 0
0.005530, 1, -13, 0, 0
0.005728, -35, 16, 0, 0
0.005928, 26, -37, 0, 0
0.006130, -14, 38, 0, 0
0.006328, 23, -11, 0, 0
0.006530, -14, 44, 0, 0
0.006730, -6, 15, 0, 0
0.006928, 0, 0, 0, 0
0.007128, -8, 28, 0, 0
0.007330, 39, 5, 0, 0
0.007528, 39, 6, 0, 0
0.007728, 14, -44, 0, 0
0.007930, -8, 104, 0, 0
0.008130, -4, -10, 0, 0
0.008330, -6, 15, 0, 0
0.008530, 3, 23, 0, 0
0.008730, -6, 15, 0, 0
0.008928, -17, 8, 0, 0
0.009130, -4, -10, 0, 0
0.009330, 0, 0, 0, 0
0.009530, -8, 28, 0, 0
0.009730, 40, -6, 0, 0
0.009930, -7, 28, 0, 0
0.010130, -66, 57, 0, 0
0.010328, -4, -10, 0, 0
0.010530, -6, 15, 0, 0
0.010730, 12, -18, 0, 0
0.010930, 87, -28, 0, 0
0.011130, -7, 91, 0, 0
0.011328, -1, 13, 0, 0
0.011530, 12, -18, 0, 0
0.011728, -8, 28, 0, 0
0.011930, 3, 23, 0, 0
0.012130, -8, 28, 0, 0
0.012330, -53, 38, 0, 0
0.012530, 0, -13, 0, 0
0.012728, -7, 15, 0, 0
0.012930, 41, -19, 0, 0
0.013130, 0, -6, 0, 0
0.013328, 133, -38, 0, 0
0.013528, -5, 2, 0, 0
0.013730, -5, 2, 0, 0
0.013930, 10, 7, 0, 0
0.014130, 9, 20, 0, 0
0.014330, -2, 26, 0, 0
0.014528, 3, 23, 0, 0
0.014730, -5, 2, 0, 0
0.014930, -4, -10, 0, 0
0.015128, 39, 6, 0, 0
0.015328, -5, 2, 0, 0
0.015530, -5, 2, 0, 0
0.015730, 1, -13, 0, 0
0.015930, 0, 0, 0, 0
0.016130, -4, -10, 0, 0
0.016330, -2, 26, 0, 0
0.016530, 34, -10, 0, 0
0.016728, -20, 109, 0, 0
0.016930, -6, 15, 0, 0
0.017130, -2, 26, 0, 0
0.017330, -7, 28, 0, 0
0.017530, 3, 23, 0, 0
0.017730, -5, 2, 0, 0
0.017930, -5, 2, 0, 0
0.018130, -7, 28, 0, 0
0.018330, -5, 2, 0, 0
0.018530, -5, 2, 0, 0
0.018728, 27, -63, 0, 0
0.018930, -2, 26, 0, 0
0.019128, 5, -2, 0, 0
0.019330, -7, 15, 0, 0
0.019530, -1, 13, 0, 0
0.019730, -6, 15, 0, 0
0.019930, -1, 13, 0, 0
0.020130, -4, -10, 0, 0
0.020330, -7, 28, 0, 0
0.020530, -8, 28, 0, 0
0.020730, -19, 27, 0, 0
0.020930, -18, 21, 0, 0
0.021128, -5, 2, 0, 0
0.021328, -8, 28, 0, 0
0.021530, 46, -9, 0, 0
0.021730, -18, 21, 0, 0
0.021928, 19, -34, 0, 0
0.022130, 1, -13, 0, 0
0.022330, -100, 47, 0, 0
0.022530, -1, 13, 0, 0
0.022730, -8, 28, 0, 0
0.022930, -7, 15, 0, 0
0.023128, 6, -15, 0, 0
0.023330, 1, -13, 0, 0
0.023530, 5, -2, 0, 0
0.023730, -1, 13, 0, 0
0.023930, -18, 21, 0, 0
0.024130, -13, 31, 0, 0
0.024330, 9, 20, 0, 0
0.024530, 1, -13, 0, 0
0.024728, 28, 0, 0, 0
0.024928, -100, 53, 0, 0
0.025130, -6, 15, 0, 0
0.025328, -5, 2, 0, 0
0.025528, -8, 28, 0, 0
0.025730, 1, -13, 0, 0
0.026130, -6, 15, 0, 0
0.026330, -1, 13, 0, 0
0.026530, 40, -6, 0, 0
0.026730, 0, 0, 0, 0
0.026928, 0, 0, 0, 0
0.027130, -8, 28, 0, 0
0.027330, -1, 13, 0, 0
0.027528, 10, 7, 0, 0
0.027728, 42, -32, 0, 0
0.027930, 4, 10, 0, 0
0.028130, 39, 6, 0, 0
0.028330, 0, 0, 0, 0
0.028530, -5, 2, 0, 0
0.028730, -4, -10, 0, 0
0.028930, 0, 0, 0, 0
0.029130, -18, 21, 0, 0
0.029330, -7, 28, 0, 0
0.029530, -4, -10, 0, 0
0.029730, -2, 26, 0, 0
0.029930, 0, 0, 0, 0
0.030130, -5, 2, 0, 0
0.030330, -6, 15, 0, 0
0.030530, -5, 2, 0, 0
0.030730, 12, -18, 0, 0
0.030930, -1, 13, 0, 0
0.031128, 0, 0, 0, 0
0.031328, -6, 15, 0, 0
0.031530, -5, 2, 0, 0
0.031730, -7, 15, 0, 0
0.031930, -5, 2, 0, 0
0.032130, -8, 28, 0, 0
0.032328, -14, 31, 0, 0
0.032530, 0, 13, 0, 0
0.032730, -4, -10, 0, 0
0.032928, 17, -8, 0, 0
0.033130, -5, 2, 0, 0
0.033330, -1, 26, 0, 0
0.033528, -1, 13, 0, 0
0.033730, 42, -32, 0, 0
0.033928, 5, -2, 0, 0
0.034128, -18, 21, 0, 0
0.034330, -1, 13, 0, 0
0.034530, 0, -13, 0, 0
0.034730, -5, 2, 0, 0
0.034930, 0, 0, 0, 0
0.035130, -2, 26, 0, 0
0.035330, -5, 2, 0, 0
0.035530, -1, 26, 0, 0
0.035730, -7, 28, 0, 0
0.035930, 0, 0, 0, 0
0.036128, -14, 44, 0, 0
0.036330, -23, 11, 0, 0
0.036530, 0, 0, 0, 0
0.036730, -2, 26, 0, 0
0.036928, -5, 2, 0, 0
0.037130, -5, 2, 0, 0
0.037330, 4, -52, 0, 0
0.037530, 26, -37, 0, 0
0.037730, 1, -13, 0, 0
0.037928, 41, -19, 0, 0
0.038130, -5, 2, 0, 0
0.038330, 3, 23, 0, 0
0.038530, -6, 15, 0, 0
0.038730, 0, 0, 0, 0
0.038928, 27, 12, 0, 0
0.039130, 41, -19, 0, 0
0.039330, -14, 38, 0, 0
0.039530, -7, 28, 0, 0
0.039730, -2, 26, 0, 0
0.039928, 41, -19, 0, 0
0.040130, 0, 0, 0, 0
0.040330, -2, 39, 0, 0
0.040530, -18, 21, 0, 0
0.040728, -13, 31, 0, 0
0.040930, -1, 13, 0, 0
0.041130, 1, -13, 0, 0
0.041330, 0, 13, 0, 0
0.041528, -12, 12, 0, 0
0.041730, -5, 2, 0, 0
0.041928, 72, -59, 0, 0
0.042130, 18, -21, 0, 0
0.042330, -6, 15, 0, 0
0.042530, -7, 28, 0, 0
0.042728, 4, 10, 0, 0
0.042928, -8, 28, 0, 0
0.043130, -1, 13, 0, 0
0.043328, -6, 15, 0, 0
0.043530, -8, 28, 0, 0
0.043730, 10, 7, 0, 0
0.043928, -17, 8, 0, 0
0.044128, 1, -13, 0, 0
0.044330, 25, -37, 0, 0
0.044528, 0, 0, 0, 0
0.044730, -5, 2, 0, 0
0.044930, 5, -2, 0, 0
0.045128, 10, 7, 0, 0
0.045328, -60, 101, 0, 0
0.045530, -5, 2, 0, 0
0.045730, 6, -9, 0, 0
0.045930, -6, 15, 0, 0
0.046130, -7, 15, 0, 0
0.046330, -5, 2, 0, 0
0.046530, 1, -13, 0, 0
0.046728, 0, 0, 0, 0
0.046930, -1, 13, 0, 0
0.047130, -7, 15, 0, 0
0.047330, 27, 12, 0, 0
0.047530, 0, 0, 0, 0
0.047730, -5, 2, 0, 0
0.047928, 0, 0, 0, 0
0.048130, -114, 93, 0, 0
0.048330, -8, 28, 0, 0
0.048530, -19, 34, 0, 0
0.048730, 5, -2, 0, 0
0.048930, -19, 34, 0, 0
0.049128, -19, 34, 0, 0
0.049330, -1, 13, 0, 0
0.049528, -5, 2, 0, 0
0.049728, -5, 2, 0, 0
0.049930, -8, 28, 0, 0
0.050130, -6, 15, 0, 0
0.050328, 1, -13, 0, 0
0.050530, -2, 26, 0, 0
0.050730, 11, -5, 0, 0
0.050930, -2, 26, 0, 0
0.051130, 5, -2, 0, 0
0.051328, 41, -19, 0, 0
0.051530, -2, 26, 0, 0
0.051728, 5, -2, 0, 0
0.051928, -1, 13, 0, 0
0.052130, -2, 26, 0, 0
0.052330, 26, 25, 0, 0
0.052530, -14, 31, 0, 0
0.052730, -52, 25, 0, 0
0.052930, -7, 15, 0, 0
0.053128, -2, 26, 0, 0
0.053330, 1, -13, 0, 0
0.053530, -17, 8, 0, 0
0.053730, 18, -21, 0, 0
0.053930, 42, -32, 0, 0
0.054130, 0, 0, 0, 0
0.054330, -2, 26, 0, 0
0.054530, -8, 28, 0, 0
0.054728, -2, 26, 0, 0
0.054930, 75, -22, 0, 0
0.055128, -2, 26, 0, 0
0.055328, 0, 0, 0, 0
0.055528, -5, 2, 0, 0
0.055730, -7, 28, 0, 0
0.055930, -5, 2, 0, 0
0.056130, -5, 2, 0, 0
0.056330, 7, -15, 0, 0
0.056530, 9, 20, 0, 0
0.056728, -3, 39, 0, 0
0.056930, -8, 28, 0, 0
0.057128, -4, -10, 0, 0
0.057330, -1, 13, 0, 0
0.057530, -6, 15, 0, 0
0.057730, -5, 2, 0, 0
0.057928, 4, 10, 0, 0
0.058130, -13, 31, 0, 0
0.058328, 0, 0, 0, 0
0.058530, -7, 28, 0, 0
0.058730, 41, -19, 0, 0
0.058930, -6, 15, 0, 0
0.059130, -13, 25, 0, 0
0.059328, 0, 0, 0, 0
0.059530, 1, -13, 0, 0
0.059728, -12, 18, 0, 0
0.059930, 0, 0, 0, 0
0.060130, -5, 2, 0, 0
0.060328, 0, 0, 0, 0
0.060530, 10, 7, 0, 0
0.060730, -1, 13, 0, 0
0.060930, -6, 15, 0, 0
0.061130, -6, 15, 0, 0
0.061330, 1, -13, 0, 0
0.061530, 5, -2, 0, 0
0.061730, -15, 44, 0, 0
0.061930, 0, 0, 0, 0
0.062130, -1, 13, 0, 0
0.062330, -1, 13, 0, 0
0.062528, -6, 15, 0, 0
0.062730, -5, 2, 0, 0
0.062930, 0, 0, 0, 0
0.063130, 42, -32, 0, 0
0.063330, -8, 28, 0, 0
0.063530, -5, 2, 0, 0
0.063730, 3, -39, 0, 0
0.063930, -8, 28, 0, 0
0.064130, 0, 0, 0, 0
0.064328, -8, 28, 0, 0
0.064528, -8, 28, 0, 0
0.064728, 10, 7, 0, 0
0.064930, -5, 2, 0, 0
0.065128, -6, 15, 0, 0
0.065328, -8, 28, 0, 0
0.065530, 5, -2, 0, 0
0.065728, 0, 0, 0, 0
0.065930, 40, -6, 0, 0
0.066130, -8, 28, 0, 0
0.066328, -1, 13, 0, 0
0.066528, -2, 26, 0, 0
0.066730, -1, 13, 0, 0
0.066930, -11, 5, 0, 0
0.067330, -1, 13, 0, 0
0.067530, -7, 15, 0, 0
0.067730, -17, 8, 0, 0
0.067930, 1, -13, 0, 0
0.068128, -11, 5, 0, 0
0.068328, -8, 28, 0, 0
0.068530, -13, 93, 0, 0
0.068730, -4, -10, 0, 0
0.068930, -2, 26, 0, 0
0.069130, -7, 15, 0, 0
0.069328, 41, -19, 0, 0
0.069530, 0, 0, 0, 0
0.069728, -19, 34, 0, 0
0.069930, -5, 2, 0, 0
0.070130, -2, 26, 0, 0
0.070328, 39, 7, 0, 0
0.070530, -8, 28, 0, 0
0.070728, -5, 2, 0, 0
0.070928, -1, 12, 0, 0
0.071130, -5, 2, 0, 0
0.071330, -3, 38, 0, 0
0.071528, 11, -5, 0, 0
0.071728, -5, 2, 0, 0
0.071930, -7, 15, 0, 0
0.072128, -14, 31, 0, 0
0.072328, -3, 39, 0, 0
0.072530, -5, -3, 0, 0
0.072730, 40, -6, 0, 0
0.072930, -7, 15, 0, 0
0.073130, 11, -5, 0, 0
0.073328, -4, -10, 0, 0
0.073528, 7, -15, 0, 0
0.073728, -6, 15, 0, 0
0.073930, -5, 2, 0, 0
0.074130, -7, 15, 0, 0
0.074328, -7, 15, 0, 0
0.074528, -5, 2, 0, 0
0.074730, -5, 2, 0, 0
0.074930, -12, 18, 0, 0
0.075130, 3, 23, 0, 0
0.075328, 4, 16, 0, 0
0.075530, -5, 2, 0, 0
0.075728, -2, 26, 0, 0
0.075930, -7, 28, 0, 0
0.076128, -4, -10, 0, 0
0.076328, -7, 15, 0, 0
0.076530, 23, -11, 0, 0
0.076728, -19, 34, 0, 0
0.076928, -20, 34, 0, 0
0.077130, 1, -13, 0, 0
0.077328, -7, 15, 0, 0
0.077528, 40, -6, 0, 0
0.077730, 39, 6, 0, 0
0.077930, -8, 28, 0, 0
0.078130, -1, 13, 0, 0
0.078328, -6, 15, 0, 0
0.078530, -7, 15, 0, 0
0.078728, 5, -2, 0, 0
0.078928, -2, 26, 0, 0
0.079128, -1, 13, 0, 0
0.079330, -6, 15, 0, 0
0.079528, 10, 7, 0, 0
0.079728, -5, 2, 0, 0
0.079928, -1, 13, 0, 0
0.080128, -1, 13, 0, 0
0.080530, 7, -15, 0, 0
0.080730, 0, 0, 0, 0
0.080930, 26, 25, 0, 0
0.081130, 10, 7, 0, 0
0.081330, -19, 34, 0, 0
0.081530, 27, 12, 0, 0
0.081730, 0, 0, 0, 0
0.081930, -1, 13, 0, 0
0.082130, 11, -5, 0, 0
0.082328, 10, -166, 0, 0
0.082528, 0, 0, 0, 0
0.082730, -58, 89, 0, 0
0.082930, -1, 13, 0, 0
0.083128, 1, -75, 0, 0
0.083330, 2, -26, 0, 0
0.083528, -12, 18, 0, 0
0.083730, -4, -10, 0, 0
0.083930, -2, -36, 0, 0
0.084130, -1, 13, 0, 0
0.084330, -5, 2, 0, 0
0.084528, -7, 15, 0, 0
0.084728, -8, 28, 0, 0
0.084930, 0, 0, 0, 0
0.085128, -5, 2, 0, 0
0.085330, -7, 15, 0, 0
0.085528, 12, -18, 0, 0
0.085730, -5, 2, 0, 0
0.085930, -6, 15, 0, 0
0.086128, -2, 25, 0, 0
0.086328, -5, 2, 0, 0
0.086530, -4, -10, 0, 0
0.086728, -4, -10, 0, 0
0.086928, 0, 0, 0, 0
0.087130, -12, 18, 0, 0
0.087328, -6, 15, 0, 0
0.087528, -7, 15, 0, 0
0.087730, -5, 2, 0, 0
0.087930, -5, 2, 0, 0
0.088128, -8, 28, 0, 0
0.088328, -48, 35, 0, 0
0.088530, -1, 13, 0, 0
0.088730, 0, 0, 0, 0
0.088930, -7, 15, 0, 0
0.089130, -7, 15, 0, 0
0.089328, 0, 0, 0, 0
0.089528, -1, 13, 0, 0
0.089730, -8, 28, 0, 0
0.090128, 41, -19, 0, 0
0.090330, 39, 6, 0, 0
0.090528, 55, -106, 0, 0
0.090728, -21, 47, 0, 0
0.090930, 28, 0, 0, 0
0.091130, -18, 21, 0, 0
0.091330, -4, -10, 0, 0
0.091530, -2, 26, 0, 0
0.091728, -8, 28, 0, 0
0.091930, -80, 74, 0, 0
0.092128, -4, -10, 0, 0
0.092328, -7, 15, 0, 0
0.092528, 17, -8, 0, 0
0.092728, -5, 2, 0, 0
0.092928, -2, 26, 0, 0
0.093128, -5, 2, 0, 0
0.093330, -6, 15, 0, 0
0.093530, -4, -10, 0, 0
0.093728, -5, 2, 0, 0
0.093930, -8, 28, 0, 0
0.094128, 11, -5, 0, 0
0.094328, -1, 12, 0, 0
0.094528, -1, 13, 0, 0
0.094730, 10, 7, 0, 0
0.094928, -8, 28, 0, 0
0.095128, 5, -2, 0, 0
0.095328, -2, 26, 0, 0
0.095528, -13, -30, 0, 0
0.095730, -5, 2, 0, 0
0.095928, -4, -10, 0, 0
0.096130, 67, -56, 0, 0
0.096328, 5, -2, 0, 0
0.096528, -18, 21, 0, 0
0.096728, -91, 3, 0, 0
0.096928, -5, 2, 0, 0
0.097130, -5, 2, 0, 0
0.097328, -7, 15, 0, 0
0.097528, -7, 15, 0, 0
0.097728, 4, 10, 0, 0
0.097928, -4, -10, 0, 0
0.098128, 1, -19, 0, 0
0.098330, 5, -2, 0, 0
0.098530, 3, 23, 0, 0
0.098730, -2, 26, 0, 0
0.098928, -2, 25, 0, 0
0.099128, -5, 2, 0, 0
0.099328, -53, 86, 0, 0
0.099528, 19, -27, 0, 0
0.099730, -12, 18, 0, 0
0.099928, -7, 15, 0, 0
0.000128, -5, 2, 0, 0
0.000328, 1, -13, 0, 0
0.000530, 26, 25, 0, 0
0.000728, 10, 7, 0, 0
0.000928, -1, 13, 0, 0
0.001128, 39, 7, 0, 0
0.001328, -1, 12, 0, 0
0.001528, 120, -67, 0, 0
0.001728, -7, 15, 0, 0
0.001930, 10, 7, 0, 0
0.002130, -2, -36, 0, 0
0.002328, 0, 0, 0, 0
0.002530, 3, -39, 0, 0
0.002730, 4, 10, 0, 0
0.002928, 0, 0, 0, 0
0.003128, -2, 25, 0, 0
0.003328, 9, 20, 0, 0
0.003530, 0, 0, 0, 0
0.003728, 11, -5, 0, 0
0.003928, -5, 2, 0, 0
0.004128, -7, 22, 0, 0
0.004328, -5, 2, 0, 0
0.004528, -7, 15, 0, 0
0.004730, -4, -10, 0, 0
0.004928, -52, 10, 0, 0
0.005130, -8, 28, 0, 0
0.005330, 28, 0, 0, 0
0.005528, -9, 41, 0, 0
0.005728, 9, 20, 0, 0
0.005930, -1, 13, 0, 0
0.006130, -5, 2, 0, 0
0.006330, -8, 28, 0, 0
0.006528, -97, 69, 0, 0
0.006730, 42, -32, 0, 0
0.006928, -5, 2, 0, 0
0.007128, 0, 0, 0, 0
0.007328, -13, 18, 0, 0
0.007526, -8, 28, 0, 0
0.007730, -8, 28, 0, 0
0.007930, -7, 15, 0, 0
0.008130, 41, -19, 0, 0
0.008330, 1, -13, 0, 0
0.008528, 1, -12, 0, 0
0.008730, -4, -10, 0, 0
0.008928, 3, 23, 0, 0
0.009130, -7, 15, 0, 0
0.009328, 0, 0, 0, 0
0.009528, 0, 0, 0, 0
0.009728, -8, 91, 0, 0
0.009928, -4, -10, 0, 0
0.010128, -17, 8, 0, 0
0.010328, -7, 15, 0, 0
0.010530, 1, -13, 0, 0
0.010728, -5, 2, 0, 0
0.010930, 0, 0, 0, 0
0.011128, -7, 15, 0, 0
0.011330, -5, 2, 0, 0
0.011528, -4, -10, 0, 0
0.011730, 42, -32, 0, 0
0.011930, 3, 23, 0, 0
0.012128, -20, 34, 0, 0
0.012328, -8, 28, 0, 0
0.012530, -2, 26, 0, 0
0.012728, 4, 10, 0, 0
0.012928, -1, 12, 0, 0
0.013128, -5, 2, 0, 0
0.013330, -1, 13, 0, 0
0.013528, -6, 15, 0, 0
0.013728, 1, -12, 0, 0
0.013930, -21, 47, 0, 0
0.014130, 47, -84, 0, 0
0.014328, -7, 15, 0, 0
0.014530, -1, 13, 0, 0
0.014728, 39, 7, 0, 0
0.014928, 5, -2, 0, 0
0.015130, -12, 18, 0, 0
0.015328, -2, -36, 0, 0
0.015530, 6, -9, 0, 0
0.015730, -7, 15, 0, 0
0.015930, -1, 13, 0, 0
0.016128, 0, 0, 0, 0
0.016328, 41, -18, 0, 0
0.016528, 114, -63, 0, 0
0.016730, 40, -6, 0, 0
0.016928, -21, 46, 0, 0
0.017130, 5, -2, 0, 0
0.017330, -8, 28, 0, 0
0.017530, -8, 28, 0, 0
0.017730, 40, -6, 0, 0
0.017930, 0, 0, 0, 0
0.018128, -5, 2, 0, 0
0.018330, 0, 0, 0, 0
0.018528, -8, 28, 0, 0
0.018728, -19, 21, 0, 0
0.018930, -5, 2, 0, 0
0.019128, 26, -36, 0, 0
0.019330, 39, 6, 0, 0
0.019530, -5, 2, 0, 0
0.019728, 10, 7, 0, 0
0.019930, -2, 26, 0, 0
0.020128, 11, -5, 0, 0
0.020330, -4, -10, 0, 0
0.020530, -7, 15, 0, 0
0.020730, -14, 44, 0, 0
0.020930, -18, 21, 0, 0
0.021128, -15, 44, 0, 0
0.021330, -5, 2, 0, 0
0.021530, 1, -13, 0, 0
0.021728, -5, 2, 0, 0
0.021928, 0, 0, 0, 0
0.022130, -7, 15, 0, 0
0.022330, 11, -5, 0, 0
0.022528, 4, 10, 0, 0
0.022728, -4, -10, 0, 0
0.022930, 5, -2, 0, 0
0.023130, 31, -40, 0, 0
0.023328, 0, 0, 0, 0
0.023530, -2, 26, 0, 0
0.023728, -7, 15, 0, 0
0.023930, 7, -15, 0, 0
0.024130, -1, 13, 0, 0
0.024330, 5, -2, 0, 0
0.024528, -2, 25, 0, 0
0.024728, -5, 2, 0, 0
0.024928, -12, 18, 0, 0
0.025130, -4, -10, 0, 0
0.025330, 5, -2, 0, 0
0.025528, -1, 12, 0, 0
0.025730, 1, -13, 0, 0
0.025928, 4, 10, 0, 0
0.026130, -5, 2, 0, 0
0.026330, 114, -78, 0, 0
0.026528, -6, 15, 0, 0
0.026730, -3, 38, 0, 0
0.026928, -7, 15, 0, 0
0.027130, -47, 22, 0, 0
0.027328, 1, -13, 0, 0
0.027528, -2, 25, 0, 0
0.027728, -1, 12, 0, 0
0.027928, 47, -84, 0, 0
0.028128, 9, 20, 0, 0
0.028330, 3, -39, 0, 0
0.028530, 11, -5, 0, 0
0.028728, -147, 54, 0, 0
0.028928, -4, -10, 0, 0
0.029128, 11, -5, 0, 0
0.029330, 9, 20, 0, 0
0.029528, 0, 0, 0, 0
0.029728, 52, -74, 0, 0
0.029928, -8, 28, 0, 0
0.030128, 9, 20, 0, 0
0.030328, -14, 31, 0, 0
0.030528, -5, 2, 0, 0
0.030728, 42, -31, 0, 0
0.030930, 0, 0, 0, 0
0.031130, -12, 11, 0, 0
0.031330, -18, 21, 0, 0
0.031530, 2, -26, 0, 0
0.031728, -1, 12, 0, 0
0.031928, 13, -18, 0, 0
0.032128, 0, 0, 0, 0
0.032328, -8, 28, 0, 0
0.032530, 39, 6, 0, 0
0.032728, 11, -5, 0, 0
0.032930, -8, 28, 0, 0
0.033128, -1, 12, 0, 0
0.033330, -20, 47, 0, 0
0.033530, 0, 0, 0, 0
0.033730, -4, -10, 0, 0
0.033928, -1, 13, 0, 0
0.034128, -5, 2, 0, 0
0.034328, -20, 34, 0, 0
0.034528, -19, 34, 0, 0
0.034728, -2, 25, 0, 0
0.034928, 25, 25, 0, 0
0.035128, -8, 28, 0, 0
0.035328, 9, 20, 0, 0
0.035528, -5, -3, 0, 0
0.035730, 39, 6, 0, 0
0.035928, -101, 59, 0, 0
0.036130, -5, 2, 0, 0
0.036328, -1, 13, 0, 0
0.036528, 39, 7, 0, 0
0.036730, -5, 2, 0, 0
0.036928, -2, 26, 0, 0
0.037128, -8, 28, 0, 0
0.037330, -3, -23, 0, 0
0.037528, -44, 57, 0, 0
0.037730, -5, 2, 0, 0
0.037928, -6, 15, 0, 0
0.038128, 0, 0, 0, 0
0.038330, 41, -19, 0, 0
0.038528, -2, 25, 0, 0
0.038730, -5, 2, 0, 0
0.038930, 18, -21, 0, 0
0.039128, -1, 12, 0, 0
0.039330, 1, -19, 0, 0
0.039530, -6, -59, 0, 0
0.039730, 18, -21, 0, 0
0.039928, 10, 7, 0, 0
0.040130, -24, 24, 0, 0
0.040330, 86, -15, 0, 0
0.040528, -20, 47, 0, 0
0.040728, -13, 18, 0, 0
0.040930, -8, 28, 0, 0
0.041128, 16, 4, 0, 0
0.041330, -7, 15, 0, 0
0.041528, -8, 28, 0, 0
0.041728, 9, 20, 0, 0
0.041928, -34, 3, 0, 0
0.042128, -7, 15, 0, 0
0.042328, -8, 28, 0, 0
0.042530, 0, 0, 0, 0
0.042928, -5, 2, 0, 0
0.043128, 0, 0, 0, 0
0.043330, -2, 26, 0, 0
0.043528, 10, 7, 0, 0
0.043728, -5, 2, 0, 0
0.043928, -5, 2, 0, 0
0.044128, -8, 28, 0, 0
0.044330, -59, 102, 0, 0
0.044528, 0, 0, 0, 0
0.044730, 0, 0, 0, 0
0.044930, 41, -19, 0, 0
0.045128, -5, 2, 0, 0
0.045328, -7, 15, 0, 0
0.045530, 1, -13, 0, 0
0.045728, 41, -19, 0, 0
0.045928, 11, -5, 0, 0
0.046130, 12, -18, 0, 0
0.046330, 0, 0, 0, 0
0.046528, -5, 2, 0, 0
0.046730, -2, 26, 0, 0
0.046930, -5, 2, 0, 0
0.047130, -3, -23, 0, 0
0.047330, 5, -2, 0, 0
0.047528, -5, 2, 0, 0
0.047728, -5, 2, 0, 0
0.047928, -20, 34, 0, 0
0.048130, -8, 28, 0, 0
0.048328, -26, 50, 0, 0
0.048528, -5, 2, 0, 0
0.048728, 1, -12, 0, 0
0.048928, -7, 15, 0, 0
0.049130, -1, 13, 0, 0
0.049330, -5, 2, 0, 0
0.049530, -12, 18, 0, 0
0.049728, 16, 4, 0, 0
0.049928, -4, -10, 0, 0
0.050130, -37, 42, 0, 0
0.050328, 39, 7, 0, 0
0.050528, -8, 28, 0, 0
0.050728, -5, 2, 0, 0
0.050928, 1, -13, 0, 0
0.051130, -55, 51, 0, 0
0.051328, 0, 0, 0, 0
0.051528, 0, 0, 0, 0
0.051730, 1, -13, 0, 0
0.051928, -47, 21, 0, 0
0.052130, -8, 28, 0, 0
0.052328, 1, -12, 0, 0
0.052528, 10, 69, 0, 0
0.052728, -5, 2, 0, 0
0.052928, -1, 13, 0, 0
0.053130, -7, 15, 0, 0
0.053328, -7, 15, 0, 0
0.053530, -2, 26, 0, 0
0.053730, -15, 44, 0, 0
0.053930, 1, -13, 0, 0
0.054130, -12, 18, 0, 0
0.054328, -5, 2, 0, 0
0.054528, -6, 9, 0, 0
0.054730, 41, -19, 0, 0
0.054928, 5, -2, 0, 0
0.055128, -8, 28, 0, 0
0.055330, 7, -15, 0, 0
0.055528, 9, 20, 0, 0
0.055730, -4, -10, 0, 0
0.055928, -1, 13, 0, 0
0.056128, -8, 28, 0, 0
0.056328, -1, 13, 0, 0
0.056530, -7, 28, 0, 0
0.056728, -7, 15, 0, 0
0.056930, -7, 15, 0, 0
0.057128, -5, 2, 0, 0
0.057328, 0, 0, 0, 0
0.057530, -6, 15, 0, 0
0.057728, -11, -1, 0, 0
0.057930, -5, 2, 0, 0
0.058128, 41, -19, 0, 0
0.058330, 15, 17, 0, 0
0.058530, 7, -15, 0, 0
0.058730, -11, 5, 0, 0
0.058930, -18, 21, 0, 0
0.059128, -8, 28, 0, 0
0.059328, -13, 31, 0, 0
0.059530, 75, -22, 0, 0
0.059728, -6, 15, 0, 0
0.059928, -5, 2, 0, 0
0.060130, 0, 0, 0, 0
0.060328, -7, 15, 0, 0
0.060530, -5, 2, 0, 0
0.060728, 5, -2, 0, 0
0.060928, -4, -10, 0, 0
0.061130, -5, 2, 0, 0
0.061328, -1, 13, 0, 0
0.061528, -1, 12, 0, 0
0.061730, -36, 29, 0, 0
0.061928, 112, -52, 0, 0
0.062130, -5, 2, 0, 0
0.062328, -21, 47, 0, 0
0.062528, -10, -7, 0, 0
0.062728, -19, 21, 0, 0
0.062928, -1, 12, 0, 0
0.063128, -2, 26, 0, 0
0.063328, -7, 15, 0, 0
0.063530, -2, 26, 0, 0
0.063728, -1, 12, 0, 0
0.063928, 4, 10, 0, 0
0.064128, 13, -18, 0, 0
0.064328, 5, -2, 0, 0
0.064528, -1, 12, 0, 0
0.064730, -8, 28, 0, 0
0.064928, 89, -40, 0, 0
0.065128, -54, 37, 0, 0
0.065328, -5, 2, 0, 0
0.065530, -2, 26, 0, 0
0.065728, -7, 15, 0, 0
0.066128, 6, -9, 0, 0
0.066330, -5, 2, 0, 0
0.066530, -154, 84, 0, 0
0.066730, -1, 13, 0, 0
0.066928, -17, 8, 0, 0
0.067128, 48, -97, 0, 0
0.067328, 0, 0, 0, 0
0.067528, -5, 2, 0, 0
0.067730, -58, 89, 0, 0
0.067928, 39, 7, 0, 0
0.068128, -7, 15, 0, 0
0.068328, 41, -19, 0, 0
0.068530, -12, 18, 0, 0
0.068730, -2, 26, 0, 0
0.068928, -8, 28, 0, 0
0.069130, -8, 28, 0, 0
0.069330, -4, -10, 0, 0
0.069528, 5, -2, 0, 0
0.069730, -1, 13, 0, 0
0.069928, -1, 13, 0, 0
0.070128, -8, 28, 0, 0
0.070330, -53, 24, 0, 0
0.070530, -1, 13, 0, 0
0.070730, -2, 26, 0, 0
0.070928, 4, 10, 0, 0
0.071128, -5, 2, 0, 0
0.071330, 4, 10, 0, 0
0.071530, -11, 5, 0, 0
0.071730, -7, 15, 0, 0
0.071930, -8, 28, 0, 0
0.072130, -1, 13, 0, 0
0.072330, -7, 15, 0, 0
0.072528, -8, 28, 0, 0
0.072730, -4, -10, 0, 0
0.072928, -5, 2, 0, 0
0.073128, -6, 15, 0, 0
0.073330, -5, 2, 0, 0
0.073530, -18, 21, 0, 0
0.073728, -8, 28, 0, 0
0.073930, 0, 0, 0, 0
0.074128, -5, 2, 0, 0
0.074330, 9, 20, 0, 0
0.074528, -46, 8, 0, 0
0.074728, -2, 26, 0, 0
0.074930, -8, 28, 0, 0
0.075128, -8, 28, 0, 0
0.075328, -1, 12, 0, 0
0.075530, -2, 26, 0, 0
0.075728, 3, 23, 0, 0
0.075928, 9, 20, 0, 0
0.076128, -14, 31, 0, 0
0.076328, 40, -6, 0, 0
0.076530, 40, -6, 0, 0
0.076730, -5, 2, 0, 0
0.076928, 45, 3, 0, 0
0.077128, 11, -5, 0, 0
0.077330, -7, 15, 0, 0
0.077530, 42, -32, 0, 0
0.077728, -7, 15, 0, 0
0.077928, 0, 0, 0, 0
0.078130, -8, 28, 0, 0
0.078328, 3, 23, 0, 0
0.078530, -4, -10, 0, 0
0.078728, -7, 15, 0, 0
0.078930, 0, -6, 0, 0
0.079128, -8, 28, 0, 0
0.079328, -9, 104, 0, 0
0.079530, 6, -15, 0, 0
0.079728, 42, -32, 0, 0
0.079930, -8, 28, 0, 0
0.080128, -5, 2, 0, 0
0.080330, -8, 28, 0, 0
0.080528, 3, 23, 0, 0
0.080728, -5, 2, 0, 0
0.080930, -1, 13, 0, 0
0.081128, -11, 5, 0, 0
0.081330, -7, 28, 0, 0
0.081528, -15, 44, 0, 0
0.081728, 22, 1, 0, 0
0.081928, 41, -18, 0, 0
0.082128, -7, 15, 0, 0
0.082330, -7, 15, 0, 0
0.082530, 1, -13, 0, 0
0.082730, -7, 15, 0, 0
0.082930, 0, 0, 0, 0
0.083128, -7, 15, 0, 0
0.083330, -1, 13, 0, 0
0.083528, 28, 0, 0, 0
0.083728, -5, 2, 0, 0
0.083928, 10, 7, 0, 0
0.084128, -12, 11, 0, 0
0.084330, -7, 15, 0, 0
0.084528, -7, 15, 0, 0
0.084730, 11, -5, 0, 0
0.084928, 0, 0, 0, 0
0.085128, -8, 28, 0, 0
0.085330, -8, 28, 0, 0
0.085530, -33, 52, 0, 0
0.085728, -54, 99, 0, 0
0.085930, 5, -2, 0, 0
0.086130, -5, 2, 0, 0
0.086328, 9, 20, 0, 0
0.086528, -5, 2, 0, 0
0.086730, 11, -5, 0, 0
0.086928, -42, 31, 0, 0
0.087128, -7, 15, 0, 0
0.087330, 0, 0, 0, 0
0.087530, -7, 15, 0, 0
0.087728, 13, -18, 0, 0
0.087930, 9, 20, 0, 0
0.088128, -8, 28, 0, 0
0.088330, -2, 26, 0, 0
0.088528, 0, 0, 0, 0
0.088728, -8, 28, 0, 0
0.088930, 0, 0, 0, 0
0.089130, -20, 34, 0, 0
0.089330, 0, 0, 0, 0
0.089530, -5, 2, 0, 0
0.089730, -35, 16, 0, 0
0.089928, 8, -77, 0, 0
0.090130, 1, -13, 0, 0
0.090328, -4, -10, 0, 0
0.090528, -8, 28, 0, 0
0.090728, -5, 2, 0, 0
0.090930, -5, 2, 0, 0
0.091130, -8, 28, 0, 0
0.091330, 88, -41, 0, 0
0.091528, -4, -10, 0, 0
0.091728, -20, 34, 0, 0
0.091928, -5, 2, 0, 0
0.092130, -2, 26, 0, 0
0.092328, 40, -6, 0, 0
0.092530, 41, -19, 0, 0
0.092728, 4, 10, 0, 0
0.092928, -6, 9, 0, 0
0.093130, -1, 13, 0, 0
0.093328, -7, 15, 0, 0
0.093530, -2, 26, 0, 0
0.093730, 24, -17, 0, 0
0.093928, -4, -10, 0, 0
0.094130, -8, 28, 0, 0
0.094330, -46, 9, 0, 0
0.094528, 13, -80, 0, 0
0.094730, -1, 13, 0, 0
0.094928, 0, 0, 0, 0
0.095128, -4, -10, 0, 0
0.095330, -5, 2, 0, 0
0.095530, 0, 0, 0, 0
0.095728, -21, 47, 0, 0
0.095928, -14, 31, 0, 0
0.096128, -7, 15, 0, 0
0.096330, -5, 2, 0, 0
0.096528, 9, 20, 0, 0
0.096728, -12, 67, 0, 0
0.096930, -8, 28, 0, 0
0.097128, 39, 6, 0, 0
0.097330, 40, -6, 0, 0
0.097530, -1, 13, 0, 0
0.097730, 33, 71, 0, 0
0.097928, 39, 7, 0, 0
0.098128, 3, 23, 0, 0
0.098330, -8, 28, 0, 0
0.098528, -19, 20, 0, 0
0.098728, 39, 7, 0, 0
0.098928, -7, 15, 0, 0
0.099128, -37, -19, 0, 0
0.099330, -6, 9, 0, 0
0.099530, -4, -10, 0, 0
0.099730, -82, 38, 0, 0
0.099930, -5, 2, 0, 0
0.000128, -7, 15, 0, 0
0.000330, 10, -54, 0, 0
0.000528, -7, 15, 0, 0
0.000730, -4, -10, 0, 0
0.000930, -1, 13, 0, 0
0.001128, -7, 15, 0, 0
0.001328, -2, 26, 0, 0
0.001528, -5, 2, 0, 0
0.001728, -6, 15, 0, 0
0.001928, 0, 0, 0, 0
0.002130, -14, 31, 0, 0
0.002328, 39, 7, 0, 0
0.002528, -7, 15, 0, 0
0.002728, -8, 28, 0, 0
0.002930, -7, 15, 0, 0
0.003128, 0, 0, 0, 0
0.003328, -7, 15, 0, 0
0.003530, 39, 6, 0, 0
0.003728, -13, 18, 0, 0
0.003928, -2, 25, 0, 0
0.004128, -4, -10, 0, 0
0.004328, 1, -13, 0, 0
0.004528, 1, -12, 0, 0
0.004730, 3, 23, 0, 0
0.004928, 0, 0, 0, 0
0.005128, -1, 12, 0, 0
0.005328, -2, 25, 0, 0
0.005528, -14, 31, 0, 0
0.005730, 39, 6, 0, 0
0.005928, 0, 0, 0, 0
0.006128, -8, 28, 0, 0
0.006328, -5, 2, 0, 0
0.006530, -48, 35, 0, 0
0.006728, -5, 2, 0, 0
0.006930, 20, -34, 0, 0
0.007130, -7, 15, 0, 0
0.007328, 11, -5, 0, 0
0.007530, -84, 126, 0, 0
0.007728, -2, 25, 0, 0
0.007928, 20, -34, 0, 0
0.008130, 0, 0, 0, 0
0.008328, -15, 44, 0, 0
0.008528, -1, 13, 0, 0
0.008728, -1, 12, 0, 0
0.008930, 42, -32, 0, 0
0.009130, -4, -10, 0, 0
0.009328, -5, 2, 0, 0
0.009528, -1, 12, 0, 0
0.009728, -8, 28, 0, 0
0.009928, -4, -10, 0, 0
0.010128, -7, 15, 0, 0
0.010328, -243, 111, 0, 0
0.010528, -4, -10, 0, 0
0.010728, 9, 20, 0, 0
0.010928, 1, -12, 0, 0
0.011128, 11, -5, 0, 0
0.011328, 0, 0, 0, 0
0.011528, -3, -23, 0, 0
0.011728, 23, -10, 0, 0
0.011930, -1, 13, 0, 0
0.012130, -7, 15, 0, 0
0.012328, 7, -22, 0, 0
0.012528, -8, 28, 0, 0
0.012728, 1, -13, 0, 0
0.012930, 0, 0, 0, 0
0.013128, 2, -25, 0, 0
0.013330, -8, 28, 0, 0
0.013528, -7, 15, 0, 0
0.013728, -5, 2, 0, 0
0.013930, -7, 15, 0, 0
0.014128, 39, 7, 0, 0
0.014328, -7, 15, 0, 0
0.014530, -2, 26, 0, 0
0.014728, -61, 46, 0, 0
0.014928, -8, 28, 0, 0
0.015130, -1, 13, 0, 0
0.015328, -7, 15, 0, 0
0.015528, 27, 12, 0, 0
0.015728, -14, 37, 0, 0
0.015930, -5, 2, 0, 0
0.016128, 0, 0, 0, 0
0.016328, -4, -10, 0, 0
0.016528, -8, 28, 0, 0
0.016728, -4, -10, 0, 0
0.016930, -5, 2, 0, 0
0.017128, -7, 15, 0, 0
0.017328, -1, 12, 0, 0
0.017528, 39, 7, 0, 0
0.017728, -2, -36, 0, 0
0.017928, -7, 15, 0, 0
0.018128, -50, 54, 0, 0
0.018328, -35, 16, 0, 0
0.018528, -9, 35, 0, 0
0.018728, -7, 15, 0, 0
0.018928, -20, 34, 0, 0
0.019128, -4, -10, 0, 0
0.019328, -8, 28, 0, 0
0.019526, -5, 2, 0, 0
0.019730, -8, 28, 0, 0
0.019928, 3, 23, 0, 0
0.020128, -7, 15, 0, 0
0.020328, -17, 8, 0, 0
0.020528, 3, 23, 0, 0
0.020728, 41, -19, 0, 0
0.020928, -7, 15, 0, 0
0.021128, -18, 132, 0, 0
0.021328, 19, -21, 0, 0
0.021528, -14, 31, 0, 0
0.021726, -2, 25, 0, 0
0.021928, -14, 31, 0, 0
0.022126, -8, 28, 0, 0
0.022328, -19, 21, 0, 0
0.022530, -1, 13, 0, 0
0.022728, -5, 2, 0, 0
0.022928, 41, -18, 0, 0
0.023128, 5, -2, 0, 0
0.023328, 0, 0, 0, 0
0.023528, -13, 24, 0, 0
0.023728, -29, 13, 0, 0
0.023928, -5, 2, 0, 0
0.024128, -1, 13, 0, 0
0.024328, -7, 15, 0, 0
0.024528, -2, 26, 0, 0
0.024728, -7, 15, 0, 0
0.024928, 42, -31, 0, 0
0.025128, 0, 0, 0, 0
0.025328, 9, 20, 0, 0
0.025528, -5, 2, 0, 0
0.025728, 0, 0, 0, 0
0.025928, -2, 25, 0, 0
0.026128, -1, 12, 0, 0
0.026330, -2, 26, 0, 0
0.026528, -4, -10, 0, 0
0.026728, 0, 0, 0, 0
0.026928, 3, 23, 0, 0
0.027128, -2, 25, 0, 0
0.027328, -14, 31, 0, 0
0.027528, 0, 0, 0, 0
0.027730, -7, 15, 0, 0
0.027928, -1, 12, 0, 0
0.028128, -7, 15, 0, 0
0.028330, 4, 10, 0, 0
0.028528, -5, 2, 0, 0
0.028728, 39, 7, 0, 0
0.028928, 0, 0, 0, 0
0.029128, 7, -15, 0, 0
0.029328, -7, 15, 0, 0
0.029528, -4, -10, 0, 0
0.029728, 0, 0, 0, 0
0.029930, -8, 28, 0, 0
0.030128, 5, 59, 0, 0
0.030328, -5, 2, 0, 0
0.030528, 1, -12, 0, 0
0.030728, -5, 2, 0, 0
0.030930, 0, 0, 0, 0
0.031128, 0, 0, 0, 0
0.031330, 41, -19, 0, 0
0.031528, -5, 2, 0, 0
0.031728, -1, 12, 0, 0
0.031928, -7, 15, 0, 0
0.032130, -1, 13, 0, 0
0.032328, -25, 23, 0, 0
0.032528, -7, 15, 0, 0
0.032730, 1, -13, 0, 0
0.032928, -4, -10, 0, 0
0.033128, -12, 129, 0, 0
0.033328, -7, 15, 0, 0
0.033528, -4, -10, 0, 0
0.033728, 0, 0, 0, 0
0.033930, -8, 28, 0, 0
0.034128, 9, 20, 0, 0
0.034328, -5, 2, 0, 0
0.034528, -5, 2, 0, 0
0.034728, -20, 34, 0, 0
0.034928, 7, -77, 0, 0
0.035128, -1, 12, 0, 0
0.035328, -2, 25, 0, 0
0.035530, -18, 21, 0, 0
0.035728, -14, 31, 0, 0
0.035930, -1, 12, 0, 0
0.036128, -5, 2, 0, 0
0.036328, -7, 15, 0, 0
0.036530, -2, 26, 0, 0
0.036730, -5, 2, 0, 0
0.036930, -20, 34, 0, 0
0.037128, 5, -114, 0, 0
0.037328, -4, -10, 0, 0
0.037528, -2, 25, 0, 0
0.037730, 3, 23, 0, 0
0.037928, 41, -18, 0, 0
0.038128, -2, 25, 0, 0
0.038328, -4, -10, 0, 0
0.038528, -5, 2, 0, 0
0.038728, -3, -29, 0, 0
0.038928, -50, 47, 0, 0
0.039130, -26, 49, 0, 0
0.039330, -7, 15, 0, 0
0.039528, 0, 0, 0, 0
0.039728, -5, 2, 0, 0
0.039928, 113, -50, 0, 0
0.040128, -1, 12, 0, 0
0.040328, 40, -5, 0, 0
0.040528, -8, 28, 0, 0
0.040728, -61, 101, 0, 0
0.040928, -5, 2, 0, 0
0.041128, 39, 7, 0, 0
0.041328, -1, 12, 0, 0
0.041528, 25, 25, 0, 0
0.041726, -19, 20, 0, 0
0.041928, -1, 12, 0, 0
0.042128, -7, 15, 0, 0
0.042328, -2, 25, 0, 0
0.042528, -14, 31, 0, 0
0.042728, -5, 2, 0, 0
0.042928, -5, 2, 0, 0
0.043128, -8, 28, 0, 0
0.043328, -5, 2, 0, 0
0.043528, -38, 42, 0, 0
0.043728, -2, 25, 0, 0
0.043928, -5, 2, 0, 0
0.044128, 13, -179, 0, 0
0.044328, -5, 2, 0, 0
0.044528, -4, -10, 0, 0
0.044728, -7, 15, 0, 0
0.044930, -7, 15, 0, 0
0.045330, -1, 13, 0, 0
0.045528, 100, -46, 0, 0
0.045730, 1, -13, 0, 0
0.045928, -101, 45, 0, 0
0.046128, -1, 12, 0, 0
0.046328, 17, -8, 0, 0
0.046528, -4, -10, 0, 0
0.046728, 33, 71, 0, 0
0.046926, -16, 44, 0, 0
0.047128, 5, -2, 0, 0
0.047328, 0, 0, 0, 0
0.047528, -5, 2, 0, 0
0.047730, 5, -2, 0, 0
0.047930, -2, 26, 0, 0
0.048128, -5, 2, 0, 0
0.048328, -50, 47, 0, 0
0.048528, 13, -18, 0, 0
0.048728, -7, 15, 0, 0
0.048928, -7, 15, 0, 0
0.049128, -48, 34, 0, 0
0.049328, -54, 99, 0, 0
0.049528, 5, -2, 0, 0
0.049728, -12, 129, 0, 0
0.049928, -19, 21, 0, 0
0.050128, -19, 21, 0, 0
0.050328, 0, 0, 0, 0
0.050528, -7, 15, 0, 0
0.050728, -33, 52, 0, 0
0.050928, -8, 28, 0, 0
0.051128, -30, 151, 0, 0
0.051328, 39, 7, 0, 0
0.051528, -8, 28, 0, 0
0.051730, -5, 2, 0, 0
0.051928, -47, 21, 0, 0
0.052128, -5, 2, 0, 0
0.052328, -8, 28, 0, 0
0.052528, -7, 15, 0, 0
0.052728, -7, 15, 0, 0
0.052928, -7, 15, 0, 0
0.053128, -24, 23, 0, 0
0.053328, -4, -10, 0, 0
0.053528, 9, 20, 0, 0
0.053728, 190, -85, 0, 0
0.053930, -5, 2, 0, 0
0.054130, -1, 13, 0, 0
0.054328, 6, -64, 0, 0
0.054526, -8, 28, 0, 0
0.054728, 0, 0, 0, 0
0.054930, -5, 2, 0, 0
0.055128, -7, 15, 0, 0
0.055328, 4, 10, 0, 0
0.055528, -5, 2, 0, 0
0.055728, -1, 12, 0, 0
0.055928, 4, 10, 0, 0
0.056130, -17, 8, 0, 0
0.056328, 0, 0, 0, 0
0.056528, -1, 12, 0, 0
0.056726, 32, 16, 0, 0
0.056930, 41, -19, 0, 0
0.057128, -1, 12, 0, 0
0.057330, -5, 2, 0, 0
0.057528, -1, 12, 0, 0
0.057730, -17, 8, 0, 0
0.057928, -13, 18, 0, 0
0.058128, -7, 15, 0, 0
0.058328, -7, 15, 0, 0
0.058530, -2, 26, 0, 0
0.058726, -29, 111, 0, 0
0.058928, -5, 2, 0, 0
0.059128, -17, 7, 0, 0
0.059328, -4, -10, 0, 0
0.059528, 10, 7, 0, 0
0.059728, -1, 12, 0, 0
0.059928, 20, -34, 0, 0
0.060128, -7, 15, 0, 0
0.060328, -1, 13, 0, 0
0.060528, -7, 15, 0, 0
0.060728, -8, 28, 0, 0
0.060928, -5, 2, 0, 0
0.061128, 0, 0, 0, 0
0.061330, 9, 20, 0, 0
0.061528, -5, 2, 0, 0
0.061728, 13, -18, 0, 0
0.061928, -7, 15, 0, 0
0.062128, 0, 0, 0, 0
0.062326, 3, 23, 0, 0
0.062528, 60, -40, 0, 0
0.062728, -5, 2, 0, 0
0.062928, -4, -10, 0, 0
0.063128, -7, 15, 0, 0
0.063328, -21, 46, 0, 0
0.063528, 10, 7, 0, 0
0.063728, 10, 7, 0, 0
0.063930, -7, 15, 0, 0
0.064128, -1, 12, 0, 0
0.064328, 1, -12, 0, 0
0.064528, -4, -10, 0, 0
0.064728, -5, 2, 0, 0
0.064928, -7, 15, 0, 0
0.065128, -20, 33, 0, 0
0.065328, -8, 28, 0, 0
0.065528, -8, 28, 0, 0
0.065728, -7, 15, 0, 0
0.065928, -7, 15, 0, 0
0.066130, 0, 0, 0, 0
0.066328, -5, 2, 0, 0
0.066528, -5, 2, 0, 0
0.066728, 0, 0, 0, 0
0.066928, -4, -10, 0, 0
0.067128, -2, 25, 0, 0
0.067328, -2, 25, 0, 0
0.067528, -20, 34, 0, 0
0.067730, -8, 28, 0, 0
0.067930, -19, 34, 0, 0
0.068128, -2, 25, 0, 0
0.068328, -21, 46, 0, 0
0.068528, -7, 15, 0, 0
0.068728, -7, 15, 0, 0
0.068928, -2, -36, 0, 0
0.069128, -7, 15, 0, 0
0.069328, 1, -12, 0, 0
0.069528, -5, 2, 0, 0
0.069730, -1, 13, 0, 0
0.069926, 5, -2, 0, 0
0.070128, -13, 18, 0, 0
0.070328, -7, 15, 0, 0
0.070528, -23, 10, 0, 0
0.070728, 1, -12, 0, 0
0.070928, 5, -2, 0, 0
0.071126, -5, 2, 0, 0
0.071328, -8, 28, 0, 0
0.071526, -8, 28, 0, 0
0.071728, -5, 2, 0, 0
0.071928, -2, 26, 0, 0
0.072128, 41, -18, 0, 0
0.072330, -5, 2, 0, 0
0.072528, 10, 7, 0, 0
0.072728, -5, 2, 0, 0
0.072928, -5, 2, 0, 0
0.073128, -4, -10, 0, 0
0.073328, -7, 15, 0, 0
0.073528, -4, -10, 0, 0
0.073728, -5, 2, 0, 0
0.073928, -2, 25, 0, 0
0.074128, -7, 15, 0, 0
0.074328, 41, -18, 0, 0
0.074530, -1, 13, 0, 0
0.074728, 4, 10, 0, 0
0.074928, 0, 0, 0, 0
0.075130, -1, 13, 0, 0
0.075328, 9, 20, 0, 0
0.075528, -1, 12, 0, 0
0.075728, 0, 6, 0, 0
0.075928, 28, 0, 0, 0
0.076126, -8, 28, 0, 0
0.076326, -7, 15, 0, 0
0.076528, -104, 71, 0, 0
0.076730, -4, -10, 0, 0
0.076928, 89, -40, 0, 0
0.077128, -7, 15, 0, 0
0.077328, 9, 20, 0, 0
0.077528, 0, 0, 0, 0
0.077730, 0, 0, 0, 0
0.077928, 9, 20, 0, 0
0.078128, 11, 1, 0, 0
0.078328, -4, -10, 0, 0
0.078528, -8, 28, 0, 0
0.078728, 41, -18, 0, 0
0.078928, -5, 2, 0, 0
0.079128, 11, -5, 0, 0
0.079328, 40, -5, 0, 0
0.079526, -5, 2, 0, 0
0.079728, -2, -36, 0, 0
0.079930, -46, -53, 0, 0
0.080128, 5, -2, 0, 0
0.080328, -9, 97, 0, 0
0.080530, 53, -31, 0, 0
0.080728, 1, -75, 0, 0
0.080928, 50, -47, 0, 0
0.081128, -5, 2, 0, 0
0.081328, -5, 2, 0, 0
0.081528, -5, 2, 0, 0
0.081728, 7, -15, 0, 0
0.081928, -36, 29, 0, 0
0.082128, 0, 0, 0, 0
0.082328, 41, -18, 0, 0
0.082728, 0, 0, 0, 0
0.082928, -2, 25, 0, 0
0.083128, -1, 12, 0, 0
0.083328, -13, 129, 0, 0
0.083530, -5, 2, 0, 0
0.083728, -20, 34, 0, 0
0.083928, -5, 2, 0, 0
0.084128, 23, -10, 0, 0
0.084328, -14, 31, 0, 0
0.084526, -1, 12, 0, 0
0.084728, -5, 2, 0, 0
0.084928, -8, 28, 0, 0
0.085128, -8, 28, 0, 0
0.085330, -2, 26, 0, 0
0.085528, -1, 12, 0, 0
0.085728, -5, 2, 0, 0
0.085930, 113, -66, 0, 0
0.086128, 3, 23, 0, 0
0.086330, -2, 26, 0, 0
0.086528, -1, 12, 0, 0
0.086728, 5, -2, 0, 0
0.086928, -19, 20, 0, 0
0.087128, 0, 0, 0, 0
0.087328, -5, 2, 0, 0
0.087528, -6, 9, 0, 0
0.087728, 24, -24, 0, 0
0.087928, -7, 15, 0, 0
0.088128, 41, -18, 0, 0
0.088328, -8, 28, 0, 0
0.088528, 41, -18, 0, 0
0.088728, 13, -18, 0, 0
0.088928, 4, 10, 0, 0
0.089128, -2, 25, 0, 0
0.089328, -5, 2, 0, 0
0.089528, 3, 23, 0, 0
0.089728, -31, 26, 0, 0
0.089928, 4, 10, 0, 0
0.090128, -7, 15, 0, 0
0.090328, -8, 28, 0, 0
0.090528, -144, 77, 0, 0
0.090728, 0, 0, 0, 0
0.090926, -5, 2, 0, 0
0.091128, -1, 12, 0, 0
0.091328, -5, 2, 0, 0
0.091528, -13, 18, 0, 0
0.091728, -1, 12, 0, 0
0.091928, -7, 15, 0, 0
0.092128, 0, 0, 0, 0
0.092328, 39, 7, 0, 0
0.092528, -2, 25, 0, 0
0.092728, -21, 47, 0, 0
0.092928, 3, 23, 0, 0
0.093126, -1, 12, 0, 0
0.093326, 1, -12, 0, 0
0.093528, 1, -12, 0, 0
0.093726, -5, 2, 0, 0
0.093928, 2, -75, 0, 0
0.094128, -4, -10, 0, 0
0.094326, -7, 15, 0, 0
0.094528, -1, 12, 0, 0
0.094728, -19, 21, 0, 0
0.094926, -7, 15, 0, 0
0.095128, 3, 23, 0, 0
0.095328, 0, 0, 0, 0
0.095528, 39, 7, 0, 0
0.095728, -1, 12, 0, 0
0.096128, -5, 2, 0, 0
0.096328, -5, 2, 0, 0
0.096526, -1, 12, 0, 0
0.096728, -21, 46, 0, 0
0.096928, -5, 2, 0, 0
0.097128, -8, 28, 0, 0
0.097326, -7, 15, 0, 0
0.097530, -4, -10, 0, 0
0.097728, -5, 2, 0, 0
0.097928, -2, 25, 0, 0
0.098126, 5, 3, 0, 0
0.098328, -2, 25, 0, 0
0.098528, 19, -83, 0, 0
0.098728, -8, 28, 0, 0
0.098928, 3, 23, 0, 0
0.099128, 5, -2, 0, 0
0.099330, -7, 15, 0, 0
0.099528, -8, 28, 0, 0
0.099728, 7, -15, 0, 0
0.099928, 0, 0, 0, 0
0.000128, -19, 21, 0, 0
0.000326, 53, -73, 0, 0
0.000528, -7, 15, 0, 0
0.000728, -1, 12, 0, 0
0.001128, -4, -10, 0, 0
0.001328, -8, 28, 0, 0
0.001528, -5, 2, 0, 0
0.001728, -13, 18, 0, 0
0.001928, -7, 15, 0, 0
0.002128, -4, -10, 0, 0
0.002328, -5, 2, 0, 0
0.002528, -2, 25, 0, 0
0.002728, -7, 15, 0, 0
0.002928, -7, 15, 0, 0
0.003128, -5, 2, 0, 0
0.003328, -13, 18, 0, 0
0.003528, 10, 7, 0, 0
0.003728, -8, 28, 0, 0
0.003928, -2, 25, 0, 0
0.004128, 0, 0, 0, 0
0.004328, 36, 33, 0, 0
0.004528, -26, 36, 0, 0
0.004728, 3, 23, 0, 0
0.004928, 0, 0, 0, 0
0.005128, 11, -5, 0, 0
0.005328, -4, -10, 0, 0
0.005528, -149, 81, 0, 0
0.005726, -2, 25, 0, 0
0.005928, -7, 15, 0, 0
0.006128, -5, 2, 0, 0
0.006328, -8, 28, 0, 0
0.006528, -1, 12, 0, 0
0.006728, 0, 0, 0, 0
0.006928, -4, -10, 0, 0
0.007128, 25, -23, 0, 0
0.007326, -13, 116, 0, 0
0.007528, 0, 0, 0, 0
0.007728, -7, 15, 0, 0
0.007928, 4, 16, 0, 0
0.008128, 43, -31, 0, 0
0.008328, 39, 7, 0, 0
0.008528, 0, 0, 0, 0
0.008728, -8, 28, 0, 0
0.008928, 5, -2, 0, 0
0.009128, -4, -10, 0, 0
0.009328, -8, 28, 0, 0
0.009528, -38, 41, 0, 0
0.009728, 41, -18, 0, 0
0.009928, 0, 0, 0, 0
0.010128, -2, 25, 0, 0
0.010328, 93, -80, 0, 0
0.010528, -7, 15, 0, 0
0.010728, 43, -31, 0, 0
0.010928, -5, 2, 0, 0
0.011126, -34, 2, 0, 0
0.011328, -8, 28, 0, 0
0.011528, 1, -13, 0, 0
0.011728, 1, -12, 0, 0
0.011928, -4, -10, 0, 0
0.012128, -5, 2, 0, 0
0.012328, 0, 0, 0, 0
0.012526, 27, 12, 0, 0
0.012728, -1, 13, 0, 0
0.012928, 2, -25, 0, 0
0.013126, -1, 12, 0, 0
0.013328, -8, 28, 0, 0
0.013528, -7, 15, 0, 0
0.013728, -45, -54, 0, 0
0.013928, -47, 21, 0, 0
0.014128, -5, 2, 0, 0
0.014328, -2, -29, 0, 0
0.014528, -4, -10, 0, 0
0.014728, 39, 7, 0, 0
0.014928, -8, 28, 0, 0
0.015128, -1, 12, 0, 0
0.015328, -5, 2, 0, 0
0.015528, -4, -10, 0, 0
0.015726, -8, 127, 0, 0
0.015928, -11, 5, 0, 0
0.016128, 40, -5, 0, 0
0.016328, 1, -12, 0, 0
0.016526, -2, 25, 0, 0
0.016728, -19, 20, 0, 0
0.016928, 11, -5, 0, 0
0.017128, -14, 80, 0, 0
0.017326, -150, 78, 0, 0
0.017528, -17, 8, 0, 0
0.017726, -5, 2, 0, 0
0.017928, -5, 2, 0, 0
0.018130, -5, 2, 0, 0
0.018326, 2, -25, 0, 0
0.018528, -4, -10, 0, 0
0.018728, -5, -3, 0, 0
0.018928, -1, 12, 0, 0
0.019126, -22, 46, 0, 0
0.019328, 10, 7, 0, 0
0.019528, 39, 7, 0, 0
0.019726, -4, -10, 0, 0
0.019926, -19, 20, 0, 0
0.020128, -7, 15, 0, 0
0.020328, -5, 2, 0, 0
0.020526, -5, 2, 0, 0
0.020730, 5, -2, 0, 0
0.020926, 0, 0, 0, 0
0.021126, 0, 0, 0, 0
0.021328, 0, 0, 0, 0
0.021526, -2, 25, 0, 0
0.021726, 0, 0, 0, 0
0.021928, -8, 28, 0, 0
0.022128, -4, -10, 0, 0
0.022328, 14, -31, 0, 0
0.022528, -25, 23, 0, 0
0.022728, 11, -5, 0, 0
0.022928, 0, 0, 0, 0
0.023126, -7, 15, 0, 0
0.023328, 0, 0, 0, 0
0.023526, 40, -54, 0, 0
0.023728, 7, -15, 0, 0
0.023926, 3, 23, 0, 0
0.024128, 0, 0, 0, 0
0.024328, -5, 2, 0, 0
0.024528, 9, -90, 0, 0
0.024726, 0, 0, 0, 0
0.024928, 0, 0, 0, 0
0.025126, -1, 12, 0, 0
0.025326, 38, 7, 0, 0
0.025528, -5, 2, 0, 0
0.025726, -8, 28, 0, 0
0.025928, 7, -15, 0, 0
0.026128, 47, -21, 0, 0
0.026326, -8, 28, 0, 0
0.026528, 4, 10, 0, 0
0.026728, -2, 25, 0, 0
0.026928, 1, -12, 0, 0
0.027130, -8, 28, 0, 0
0.027328, -1, 12, 0, 0
0.027526, -2, 25, 0, 0
0.027728, 0, 0, 0, 0
0.027926, 0, 0, 0, 0
0.028128, -1, 12, 0, 0
0.028328, -8, 28, 0, 0
0.028528, -7, 15, 0, 0
0.028728, -13, 18, 0, 0
0.028928, -5, 2, 0, 0
0.029128, -30, 236, 0, 0
0.029328, -2, 25, 0, 0
0.029528, 11, -5, 0, 0
0.029728, -2, 25, 0, 0
0.029926, -8, 28, 0, 0
0.030126, -8, 28, 0, 0
0.030328, -5, 2, 0, 0
0.030528, -2, 25, 0, 0
0.030728, -4, -10, 0, 0
0.030928, 13, -18, 0, 0
0.031128, 135, -48, 0, 0
0.031328, -7, 15, 0, 0
0.031528, -1, 12, 0, 0
0.031728, -5, 2, 0, 0
0.031928, -21, 46, 0, 0
0.032128, 9, 20, 0, 0
0.032328, 40, -6, 0, 0
0.032526, 0, 0, 0, 0
0.032726, -4, -10, 0, 0
0.032930, 5, -2, 0, 0
0.033126, 11, -5, 0, 0
0.033328, -5, 2, 0, 0
0.033526, -2, 25, 0, 0
0.033728, -13, 18, 0, 0
0.033928, 3, 23, 0, 0
0.034126, -14, 24, 0, 0
0.034328, -7, 15, 0, 0
0.034528, -8, 28, 0, 0
0.034728, 0, 0, 0, 0
0.034928, -5, 2, 0, 0
0.035126, 5, -2, 0, 0
0.035328, -8, 28, 0, 0
0.035528, -8, 28, 0, 0
0.035726, 3, 23, 0, 0
0.035928, -7, 15, 0, 0
0.036128, -1, 12, 0, 0
0.036328, 7, -15, 0, 0
0.036526, -2, 25, 0, 0
0.036728, -2, 25, 0, 0
0.036928, -5, 2, 0, 0
0.037128, 1, -12, 0, 0
0.037328, 10, 7, 0, 0
0.037526, -5, 2, 0, 0
0.037728, 1, -12, 0, 0
0.037928, -5, 2, 0, 0
0.038128, 11, -5, 0, 0
0.038326, 9, -90, 0, 0
0.038526, -5, 2, 0, 0
0.038728, -4, -10, 0, 0
0.038926, 42, -18, 0, 0
0.039126, -7, 15, 0, 0
0.039528, -4, -10, 0, 0
0.039728, -8, 28, 0, 0
0.039926, 2, -75, 0, 0
0.040128, -8, 28, 0, 0
0.040328, -7, 15, 0, 0
0.040526, -5, 2, 0, 0
0.040728, -10, -7, 0, 0
0.040928, -4, -10, 0, 0
0.041126, 46, -8, 0, 0
0.041328, -7, 15, 0, 0
0.041528, -1, 12, 0, 0
0.041728, -1, 12, 0, 0
0.041928, -5, 2, 0, 0
0.042128, -8, 28, 0, 0
0.042328, 39, 7, 0, 0
0.042528, 9, 20, 0, 0
0.042728, 39, 7, 0, 0
0.042926, -7, 15, 0, 0
0.043126, -16, 44, 0, 0
0.043328, -5, 2, 0, 0
0.043528, -11, 5, 0, 0
0.043726, -36, 15, 0, 0
0.043928, -1, 12, 0, 0
0.044328, -5, 2, 0, 0
0.044526, -5, 2, 0, 0
0.044728, -1, 12, 0, 0
0.044926, -4, -10, 0, 0
0.045126, -15, 30, 0, 0
0.045328, 0, 0, 0, 0
0.045528, -4, -10, 0, 0
0.045726, -1, 12, 0, 0
0.045928, -4, -10, 0, 0
0.046126, 1, -12, 0, 0
0.046328, -8, 28, 0, 0
0.046528, 4, 10, 0, 0
0.046726, 76, -21, 0, 0
0.046928, -4, -10, 0, 0
0.047128, -8, 28, 0, 0
0.047328, 0, 0, 0, 0
0.047528, 1, -12, 0, 0
0.047728, 0, 0, 0, 0
0.047926, -1, -36, 0, 0
0.048126, 10, 7, 0, 0
0.048328, -4, -10, 0, 0
0.048528, -2, 25, 0, 0
0.048728, -5, 2, 0, 0
0.048928, 10, 7, 0, 0
0.049126, 1, -12, 0, 0
0.049328, -1, 12, 0, 0
0.049528, -8, 22, 0, 0
0.049730, -1, 13, 0, 0
0.049926, 0, 0, 0, 0
0.050126, 0, 0, 0, 0
0.050328, -5, 2, 0, 0
0.050526, 5, -2, 0, 0
0.050728, -8, 28, 0, 0
0.050928, -5, 2, 0, 0
0.051128, -14, 31, 0, 0
0.051326, 7, -15, 0, 0
0.051526, -1, 12, 0, 0
0.051728, -10, -7, 0, 0
0.051926, 0, 0, 0, 0
0.052128, -7, 15, 0, 0
0.052326, 4, -38, 0, 0
0.052528, 5, -2, 0, 0
0.052728, 0, 0, 0, 0
0.052926, -7, 15, 0, 0
0.053128, -7, 15, 0, 0
0.053328, -7, 15, 0, 0
0.053528, -15, 93, 0, 0
0.053728, -8, 28, 0, 0
0.054128, -8, 28, 0, 0
0.054328, 0, 0, 0, 0
0.054526, 11, -5, 0, 0
0.054728, -1, 12, 0, 0
0.054928, 0, 0, 0, 0
0.055128, -19, 21, 0, 0
0.055328, -1, 12, 0, 0
0.055528, -14, 31, 0, 0
0.055728, -19, 21, 0, 0
0.055928, -1, 12, 0, 0
0.056128, -1, 12, 0, 0
0.056328, -5, 2, 0, 0
0.056526, 11, -5, 0, 0
0.056726, -1, 12, 0, 0
0.056928, -5, 2, 0, 0
0.057128, -41, 18, 0, 0
0.057328, -2, 25, 0, 0
0.057526, 4, 10, 0, 0
0.057726, -20, 33, 0, 0
0.057928, 0, 0, 0, 0
0.058126, 4, 10, 0, 0
0.058328, 7, -77, 0, 0
0.058526, -2, 25, 0, 0
0.058728, -17, 8, 0, 0
0.058926, -2, 25, 0, 0
0.059126, 0, 0, 0, 0
0.059328, -1, 12, 0, 0
0.059528, 11, -5, 0, 0
0.059726, -19, 20, 0, 0
0.059928, -7, 15, 0, 0
0.060128, -2, 25, 0, 0
0.060326, -1, 12, 0, 0
0.060528, -20, 34, 0, 0
0.060726, 4, 10, 0, 0
0.060926, -1, 12, 0, 0
0.061128, -14, 31, 0, 0
0.061328, -3, -23, 0, 0
0.061526, -1, 12, 0, 0
0.061728, -49, 34, 0, 0
0.061926, -7, 15, 0, 0
0.062128, -14, 31, 0, 0
0.062328, 42, -31, 0, 0
0.062528, 4, 10, 0, 0
0.062726, -7, 15, 0, 0
0.062928, 7, -15, 0, 0
0.063128, -21, 46, 0, 0
0.063328, -2, 25, 0, 0
0.063526, -78, 95, 0, 0
0.063726, -1, 12, 0, 0
0.063926, 34, -2, 0, 0
0.064126, 9, 20, 0, 0
0.064328, -1, 12, 0, 0
0.064528, -13, 18, 0, 0
0.064728, -5, 2, 0, 0
0.064928, 41, -18, 0, 0
0.065126, -1, 12, 0, 0
0.065330, -1, 13, 0, 0
0.065728, -4, -10, 0, 0
0.065926, 0, 0, 0, 0
0.066128, -11, 5, 0, 0
0.066328, -5, 2, 0, 0
0.066526, -7, 15, 0, 0
0.066728, -5, 2, 0, 0
0.066926, -1, 12, 0, 0
0.067128, 13, -18, 0, 0
0.067326, -2, 25, 0, 0
0.067528, 11, -5, 0, 0
0.067726, -14, 31, 0, 0
0.067926, 11, -5, 0, 0
0.068126, 136, -47, 0, 0
0.068326, 1, -12, 0, 0
0.068528, -1, 12, 0, 0
0.068726, 8, -77, 0, 0
0.068928, 1, -19, 0, 0
0.069126, -7, 15, 0, 0
0.069326, 11, -5, 0, 0
0.069728, -2, 25, 0, 0
0.069928, 73, -108, 0, 0
0.070128, -29, 13, 0, 0
0.070328, -1, 12, 0, 0
0.070528, 21, -47, 0, 0
0.070726, -2, 25, 0, 0
0.070926, -7, 15, 0, 0
0.071128, -17, 7, 0, 0
0.071326, -19, 20, 0, 0
0.071526, 14, -31, 0, 0
0.071726, -1, 12, 0, 0
0.071928, 4, 10, 0, 0
0.072128, 39, 7, 0, 0
0.072328, -7, 15, 0, 0
0.072526, -4, -10, 0, 0
0.072728, -4, -10, 0, 0
0.072926, -13, 18, 0, 0
0.073126, -24, 10, 0, 0
0.073326, -7, 64, 0, 0
0.073528, -5, 2, 0, 0
0.073728, -8, 28, 0, 0
0.073926, 10, 7, 0, 0
0.074128, 136, -61, 0, 0
0.074326, 1, -12, 0, 0
0.074526, -5, 2, 0, 0
0.074728, 0, 0, 0, 0
0.074926, 1, -12, 0, 0
0.075128, -7, 15, 0, 0
0.075328, 5, -2, 0, 0
0.075528, -1, 12, 0, 0
0.075728, -2, 25, 0, 0
0.075926, -49, 34, 0, 0
0.076128, -5, 2, 0, 0
0.076326, 43, -31, 0, 0
0.076526, -8, 28, 0, 0
0.076726, -7, 15, 0, 0
0.076928, 141, -50, 0, 0
0.077126, -5, 2, 0, 0
0.077328, -5, 2, 0, 0
0.077528, 5, -2, 0, 0
0.077728, -8, 28, 0, 0
0.077928, 4, -38, 0, 0
0.078128, -4, -10, 0, 0
0.078326, 0, -49, 0, 0
0.078526, -4, 38, 0, 0
0.078728, -15, 93, 0, 0
0.078928, -5, 2, 0, 0
0.079128, 27, 12, 0, 0
0.079326, -5, 2, 0, 0
0.079526, 13, -18, 0, 0
0.079728, -13, 18, 0, 0
0.079928, 89, -39, 0, 0
0.080126, -7, 15, 0, 0
0.080326, -4, 38, 0, 0
0.080528, 1, -12, 0, 0
0.080728, -20, 33, 0, 0
0.080928, 41, -18, 0, 0
0.081128, -1, 12, 0, 0
0.081326, 17, -7, 0, 0
0.081528, -1, 12, 0, 0
0.081728, -2, 25, 0, 0
0.081928, 4, -38, 0, 0
0.082126, -5, 2, 0, 0
0.082328, 11, -5, 0, 0
0.082526, -16, 44, 0, 0
0.082726, -5, 2, 0, 0
0.082928, 1, -12, 0, 0
0.083128, -5, 2, 0, 0
0.083326, -1, 12, 0, 0
0.083526, 5, 3, 0, 0
0.083728, -20, 33, 0, 0
0.083928, -2, 25, 0, 0
0.084126, 0, 0, 0, 0
0.084328, 0, 0, 0, 0
0.084528, -11, 5, 0, 0
0.084728, -17, 7, 0, 0
0.084928, -5, 2, 0, 0
0.085126, 0, 0, 0, 0
0.085326, 5, -2, 0, 0
0.085528, 3, 23, 0, 0
0.085728, 1, -12, 0, 0
0.085926, 5, -2, 0, 0
0.086130, 3, 23, 0, 0
0.086326, -5, 2, 0, 0
0.086526, -19, 20, 0, 0
0.086728, -2, -36, 0, 0
0.086926, 20, -33, 0, 0
0.087126, -1, 12, 0, 0
0.087328, -7, 15, 0, 0
0.087528, -5, 2, 0, 0
0.087726, 3, 23, 0, 0
0.087928, 7, -15, 0, 0
0.088128, 0, 0, 0, 0
0.088328, 39, 7, 0, 0
0.088528, -2, 25, 0, 0
0.088726, -49, 33, 0, 0
0.088926, 0, 0, 0, 0
0.089126, 0, 0, 0, 0
0.089326, 11, -5, 0, 0
0.089528, -21, 46, 0, 0
0.089728, -7, 15, 0, 0
0.089926, 0, 0, 0, 0
0.090126, -52, 10, 0, 0
0.090328, -5, 2, 0, 0
0.090528, -13, 18, 0, 0
0.090728, -20, 34, 0, 0
0.090928, 11, -5, 0, 0
0.091128, 11, -5, 0, 0
0.091328, -2, 25, 0, 0
0.091526, -5, 2, 0, 0
0.091726, -13, 18, 0, 0
0.091928, 0, 0, 0, 0
0.092128, 10, 7, 0, 0
0.092326, -8, 22, 0, 0
0.092526, -1, 12, 0, 0
0.092728, -17, 119, 0, 0
0.092926, -1, 12, 0, 0
0.093128, 41, -18, 0, 0
0.093326, 11, -5, 0, 0
0.093528, 41, -18, 0, 0
0.093728, -8, 28, 0, 0
0.093926, 38, 7, 0, 0
0.094126, -7, 15, 0, 0
0.094328, -1, 12, 0, 0
0.094528, -7, 15, 0, 0
0.094728, -8, 28, 0, 0
0.094926, 0, 0, 0, 0
0.095126, -35, 15, 0, 0
0.095328, 0, 0, 0, 0
0.095526, 43, -31, 0, 0
0.095726, -7, 15, 0, 0
0.095928, -5, 2, 0, 0
0.096128, -11, 5, 0, 0
0.096328, -8, 28, 0, 0
0.096528, -5, 2, 0, 0
0.096728, -9, 35, 0, 0
0.096928, 5, -2, 0, 0
0.097126, 1, -12, 0, 0
0.097326, 1, -12, 0, 0
0.097526, 5, -2, 0, 0
0.097726, -19, 20, 0, 0
0.097926, -7, 15, 0, 0
0.098128, -7, 15, 0, 0
0.098326, 28, 0, 0, 0
0.098528, -4, -10, 0, 0
0.098728, -11, 5, 0, 0
0.098928, -2, 25, 0, 0
0.099128, -7, 15, 0, 0
0.099328, -5, 2, 0, 0
0.099528, 0, 0, 0, 0
0.099728, 10, 7, 0, 0
0.099926, 0, 0, 0, 0
0.000128, 11, -5, 0, 0
0.000326, -5, 2, 0, 0
0.000528, 10, 7, 0, 0
0.000728, -15, 44, 0, 0
0.000928, -17, 1, 0, 0
0.001128, -8, 28, 0, 0
0.001326, 0, 0, 0, 0
0.001528, 5, -2, 0, 0
0.001728, -5, 2, 0, 0
0.001928, 1, -12, 0, 0
0.002128, -3, -23, 0, 0
0.002328, -7, 15, 0, 0
0.002528, -5, 2, 0, 0
0.002728, 1, -12, 0, 0
0.002928, -2, 25, 0, 0
0.003128, 43, -31, 0, 0
0.003326, -1, 12, 0, 0
0.003528, -1, 12, 0, 0
0.003728, -7, 15, 0, 0
0.003928, 43, -31, 0, 0
0.004126, 1, -12, 0, 0
0.004326, 0, 0, 0, 0
0.004528, -1, 12, 0, 0
0.004728, -4, -10, 0, 0
0.004928, 27, 12, 0, 0
0.005128, -19, 20, 0, 0
0.005328, -5, 2, 0, 0
0.005526, -4, -10, 0, 0
0.005728, 4, 10, 0, 0
0.005928, 11, -5, 0, 0
0.006126, 0, 0, 0, 0
0.006328, 22, 2, 0, 0
0.006528, 18, 90, 0, 0
0.006728, 7, -15, 0, 0
0.006926, 43, -31, 0, 0
0.007128, -15, 44, 0, 0
0.007328, -7, 15, 0, 0
0.007528, -2, 26, 0, 0
0.007728, -1, -36, 0, 0
0.007928, 17, -1, 0, 0
0.008128, -7, 15, 0, 0
0.008328, -1, 13, 0, 0
0.008526, -20, 33, 0, 0
0.008728, 1, -12, 0, 0
0.008926, 28, 0, 0, 0
0.009128, 4, 10, 0, 0
0.009328, 29, -13, 0, 0
0.009528, 11, -5, 0, 0
0.009728, -7, 15, 0, 0
0.009926, 5, -2, 0, 0
0.010128, -5, 2, 0, 0
0.010328, -7, 15, 0, 0
0.010526, -5, 2, 0, 0
0.010726, -8, 28, 0, 0
0.010926, 38, 7, 0, 0
0.011128, -2, 25, 0, 0
0.011328, 4, 10, 0, 0
0.011528, -5, 2, 0, 0
0.011926, 25, -23, 0, 0
0.012126, 0, 0, 0, 0
0.012328, -11, 5, 0, 0
0.012526, 40, -5, 0, 0
0.012726, -1, 12, 0, 0
0.012928, -11, -56, 0, 0
0.013128, -14, 31, 0, 0
0.013328, 0, 0, 0, 0
0.013526, -7, 15, 0, 0
0.013728, -19, 21, 0, 0
0.013926, -7, 15, 0, 0
0.014128, -1, 12, 0, 0
0.014328, 9, 20, 0, 0
0.014528, 5, -2, 0, 0
0.014728, -17, 8, 0, 0
0.014928, -4, -10, 0, 0
0.015128, -13, 18, 0, 0
0.015328, -4, -10, 0, 0
0.015526, -1, 12, 0, 0
0.015928, -5, 2, 0, 0
0.016128, 0, 0, 0, 0
0.016328, -9, 90, 0, 0
0.016526, -2, 25, 0, 0
0.016728, 3, 23, 0, 0
0.016930, -1, 12, 0, 0
0.017128, -5, 2, 0, 0
0.017328, -13, 18, 0, 0
0.017526, -5, 2, 0, 0
0.017726, -20, 33, 0, 0
0.017928, -7, 15, 0, 0
0.018126, 0, 0, 0, 0
0.018328, 10, 7, 0, 0
0.018526, 0, 0, 0, 0
0.018728, -4, -10, 0, 0
0.018926, 11, -5, 0, 0
0.019126, 0, 0, 0, 0
0.019328, -21, 47, 0, 0
0.019526, 11, -5, 0, 0
0.019726, 38, -41, 0, 0
0.019928, -5, 2, 0, 0
0.020128, 5, 3, 0, 0
0.020328, -13, 18, 0, 0
0.020528, 13, -18, 0, 0
0.020726, -17, 7, 0, 0
0.020926, 11, -54, 0, 0
0.021128, -1, 12, 0, 0
0.021328, -2, 25, 0, 0
0.021526, -1, 12, 0, 0
0.021726, -1, 12, 0, 0
0.021928, 11, -5, 0, 0
0.022128, -1, 12, 0, 0
0.022328, -5, 2, 0, 0
0.022528, 5, -2, 0, 0
0.022728, -7, 15, 0, 0
0.022928, -11, 5, 0, 0
0.023128, -5, 2, 0, 0
0.023326, -8, 28, 0, 0
0.023528, -19, 20, 0, 0
0.023726, -24, 121, 0, 0
0.023926, 35, -15, 0, 0
0.024126, -1, 12, 0, 0
0.024326, -15, 93, 0, 0
0.024528, -13, 18, 0, 0
0.024728, 0, 0, 0, 0
0.024928, 114, -63, 0, 0
0.025128, -33, 52, 0, 0
0.025326, 43, -31, 0, 0
0.025528, 8, -77, 0, 0
0.025728, -7, 15, 0, 0
0.025926, 3, -25, 0, 0
0.026128, 0, 0, 0, 0
0.026328, 1, -12, 0, 0
0.026526, -59, 25, 0, 0
0.026728, 10, 7, 0, 0
0.026928, -1, 12, 0, 0
0.027128, -29, 223, 0, 0
0.027328, 0, 0, 0, 0
0.027526, 0, 0, 0, 0
0.027726, 5, -2, 0, 0
0.027928, -19, 21, 0, 0
0.028128, -5, 2, 0, 0
0.028328, -1, 12, 0, 0
0.028526, -4, -10, 0, 0
0.028928, 34, -59, 0, 0
0.029128, -29, 13, 0, 0
0.029328, -1, 12, 0, 0
0.029526, -5, 2, 0, 0
0.029728, -20, 34, 0, 0
0.029926, -8, 28, 0, 0
0.030126, 1, -12, 0, 0
0.030328, -20, 33, 0, 0
0.030528, 13, -18, 0, 0
0.030728, 9, 20, 0, 0
0.030926, -20, 33, 0, 0
0.031128, -94, 29, 0, 0
0.031328, -7, 15, 0, 0
0.031528, -4, -10, 0, 0
0.031726, -7, 15, 0, 0
0.031926, -4, -10, 0, 0
0.032128, 41, -18, 0, 0
0.032328, -19, 21, 0, 0
0.032528, -4, -10, 0, 0
0.032728, -2, 25, 0, 0
0.032928, 4, 10, 0, 0
0.033128, -8, 28, 0, 0
0.033328, 43, -31, 0, 0
0.033528, -8, 28, 0, 0
0.033728, 0, 0, 0, 0
0.033928, -20, 33, 0, 0
0.034128, -7, 15, 0, 0
0.034330, -8, 28, 0, 0
0.034528, -46, 70, 0, 0
0.034728, -15, -17, 0, 0
0.034928, -5, 2, 0, 0
0.035126, 0, 0, 0, 0
0.035326, 43, -31, 0, 0
0.035528, -68, 55, 0, 0
0.035728, 1, -12, 0, 0
0.035926, -50, -9, 0, 0
0.036126, -8, 28, 0, 0
0.036328, 40, -5, 0, 0
0.036528, 0, 0, 0, 0
0.036728, 26, -36, 0, 0
0.036928, -31, 26, 0, 0
0.037126, 0, 0, 0, 0
0.037328, 0, 0, 0, 0
0.037526, -20, 33, 0, 0
0.037726, 1, -12, 0, 0
0.037926, -20, 33, 0, 0
0.038126, -14, 31, 0, 0
0.038328, -2, 25, 0, 0
0.038528, -4, -10, 0, 0
0.038726, -8, 28, 0, 0
0.038928, -1, 12, 0, 0
0.039128, -20, 33, 0, 0
0.039328, -5, 2, 0, 0
0.039528, 12, -11, 0, 0
0.039726, -1, 12, 0, 0
0.039928, -14, 31, 0, 0
0.040128, 22, 2, 0, 0
0.040326, -5, 2, 0, 0
0.040526, -2, 25, 0, 0
0.040726, -2, 25, 0, 0
0.040926, -7, 15, 0, 0
0.041128, -5, 2, 0, 0
0.041328, 0, 0, 0, 0
0.041528, 1, -12, 0, 0
0.041728, -20, 33, 0, 0
0.041926, -4, -10, 0, 0
0.042128, 32, -39, 0, 0
0.042328, -5, 2, 0, 0
0.042526, 23, 38, 0, 0
0.042726, -22, -2, 0, 0
0.042928, -8, 28, 0, 0
0.043128, -5, 2, 0, 0
0.043326, -2, 25, 0, 0
0.043528, -19, 20, 0, 0
0.043728, -7, 15, 0, 0
0.043928, -3, 38, 0, 0
0.044128, 1, -12, 0, 0
0.044326, -5, 2, 0, 0
0.044528, -1, 12, 0, 0
0.044728, 4, 10, 0, 0
0.044928, -2, 25, 0, 0
0.045126, -5, 2, 0, 0
0.045328, -15, 44, 0, 0
0.045528, -3, -23, 0, 0
0.045728, -55, 36, 0, 0
0.045928, -1, 12, 0, 0
0.046126, -11, 5, 0, 0
0.046328, -5, 2, 0, 0
0.046526, -5, 2, 0, 0
0.046728, -5, 2, 0, 0
0.046928, -4, -10, 0, 0
0.047126, -2, 25, 0, 0
0.047328, -2, 25, 0, 0
0.047528, -7, 15, 0, 0
0.047726, 38, 7, 0, 0
0.047928, 39, 7, 0, 0
0.048128, 0, 0, 0, 0
0.048326, -20, 33, 0, 0
0.048528, 4, 10, 0, 0
0.048728, -20, 33, 0, 0
0.048928, 3, 23, 0, 0
0.049126, -2, 25, 0, 0
0.049328, 41, -18, 0, 0
0.049528, -2, 25, 0, 0
0.049728, -5, 2, 0, 0
0.049926, -4, -10, 0, 0
0.050126, 75, -70, 0, 0
0.050328, 5, 3, 0, 0
0.050528, -5, 2, 0, 0
0.050728, -5, 2, 0, 0
0.050928, -11, 5, 0, 0
0.051128, -5, 2, 0, 0
0.051328, 9, 20, 0, 0
0.051528, 0, 0, 0, 0
0.051726, -19, 20, 0, 0
0.051928, 1, -12, 0, 0
0.052128, -7, 15, 0, 0
0.052326, 3, 23, 0, 0
0.052528, 39, 7, 0, 0
0.052728, -9, 35, 0, 0
0.052928, -1, 12, 0, 0
0.053126, 40, -5, 0, 0
0.053326, -7, 15, 0, 0
0.053528, -4, -10, 0, 0
0.053728, -20, 34, 0, 0
0.053928, 9, 20, 0, 0
0.054128, -4, -10, 0, 0
0.054326, 40, -5, 0, 0
0.054526, 41, -18, 0, 0
0.054728, 9, 20, 0, 0
0.054926, -5, 2, 0, 0
0.055128, -7, 15, 0, 0
0.055328, -2, 25, 0, 0
0.055528, -5, 2, 0, 0
0.055728, 41, -18, 0, 0
0.055926, 0, 0, 0, 0
0.056128, -4, 38, 0, 0
0.056328, -2, 26, 0, 0
0.056526, -1, 12, 0, 0
0.056726, 0, 0, 0, 0
0.056926, -17, 7, 0, 0
0.057128, -87, 137, 0, 0
0.057328, -8, 28, 0, 0
0.057526, -1, 12, 0, 0
0.057726, -7, 15, 0, 0
0.057926, -14, 31, 0, 0
0.058128, 1, -12, 0, 0
0.058328, -7, 15, 0, 0
0.058526, 0, 0, 0, 0
0.058728, 0, 0, 0, 0
0.058928, 5, -2, 0, 0
0.059128, 1, -12, 0, 0
0.059328, 10, 7, 0, 0
0.059528, 42, -31, 0, 0
0.059728, 3, 23, 0, 0
0.059926, -5, 2, 0, 0
0.060128, 0, 0, 0, 0
0.060326, 9, 20, 0, 0
0.060526, -34, 2, 0, 0
0.060726, 0, 0, 0, 0
0.060926, 40, -5, 0, 0
0.061128, -8, 28, 0, 0
0.061328, -8, 28, 0, 0
0.061526, 37, -28, 0, 0
0.061728, -7, 15, 0, 0
0.061926, 5, -2, 0, 0
0.062126, -5, 2, 0, 0
0.062326, 1, -12, 0, 0
0.062528, -5, 2, 0, 0
0.062728, -1, 12, 0, 0
0.062926, 185, -80, 0, 0
0.063128, -3, 38, 0, 0
0.063328, -7, 15, 0, 0
0.063528, -1, 12, 0, 0
0.063728, 13, -18, 0, 0
0.063928, -2, 25, 0, 0
0.064128, 0, 0, 0, 0
0.064328, -1, 12, 0, 0
0.064528, -1, 12, 0, 0
0.064728, 3, 23, 0, 0
0.064928, -2, 25, 0, 0
0.065126, -4, -10, 0, 0
0.065328, 42, -31, 0, 0
0.065526, -7, 15, 0, 0
0.065726, -8, 28, 0, 0
0.065926, 0, 0, 0, 0
0.066126, -7, 15, 0, 0
0.066328, 0, 0, 0, 0
0.066528, -2, 25, 0, 0
0.066728, -2, -36, 0, 0
0.066928, -7, 15, 0, 0
0.067128, -1, 12, 0, 0
0.067328, -4, -10, 0, 0
0.067528, -1, 12, 0, 0
0.067726, 10, 7, 0, 0
0.067928, -29, 6, 0, 0
0.068126, -7, 15, 0, 0
0.068328, 0, 0, 0, 0
0.068526, 26, -36, 0, 0
0.068728, 4, -38, 0, 0
0.068926, -7, 15, 0, 0
0.069126, -1, 12, 0, 0
0.069328, -20, 34, 0, 0
0.069526, -7, 15, 0, 0
0.069728, -4, -10, 0, 0
0.069928, 0, 0, 0, 0
0.070128, -5, 2, 0, 0
0.070328, -5, 2, 0, 0
0.070526, -13, 18, 0, 0
0.070726, -23, 10, 0, 0
0.070928, -4, -10, 0, 0
0.071128, 1, -12, 0, 0
0.071328, -5, 2, 0, 0
0.071526, -1, -36, 0, 0
0.071726, -11, 103, 0, 0
0.071928, -47, 21, 0, 0
0.072128, 11, -5, 0, 0
0.072326, -7, 15, 0, 0
0.072526, -8, 28, 0, 0
0.072726, -46, 57, 0, 0
0.072926, -5, 2, 0, 0
0.073126, 0, 0, 0, 0
0.073326, 0, 0, 0, 0
0.073528, 0, 0, 0, 0
0.073726, 1, -12, 0, 0
0.073926, 94, -78, 0, 0
0.074126, -5, 2, 0, 0
0.074326, 2, -75, 0, 0
0.074528, 7, -77, 0, 0
0.074728, 5, -2, 0, 0
0.074928, -14, 31, 0, 0
0.075126, -5, 2, 0, 0
0.075326, -14, 31, 0, 0
0.075728, -7, 15, 0, 0
0.075928, 7, -15, 0, 0
0.076128, 5, -2, 0, 0
0.076326, 55, -86, 0, 0
0.076528, -15, 44, 0, 0
0.076728, 4, 10, 0, 0
0.076926, -19, 20, 0, 0
0.077126, -5, 2, 0, 0
0.077328, -1, 12, 0, 0
0.077528, 87, -27, 0, 0
0.077728, -4, -10, 0, 0
0.077926, 0, 0, 0, 0
0.078128, 0, 0, 0, 0
0.078326, 2, -25, 0, 0
0.078526, -6, 2, 0, 0
0.078728, 0, 0, 0, 0
0.078926, -14, 31, 0, 0
0.079128, 1, -12, 0, 0
0.079328, -5, 2, 0, 0
0.079526, -8, 28, 0, 0
0.079728, -28, 111, 0, 0
0.079928, 12, -172, 0, 0
0.080128, -22, -113, 0, 0
0.080528, -7, 15, 0, 0
0.080726, 0, 0, 0, 0
0.080928, -2, 25, 0, 0
0.081128, -17, 7, 0, 0
0.081326, -14, 31, 0, 0
0.081526, -1, 12, 0, 0
0.081728, -9, -20, 0, 0
0.081926, 0, 6, 0, 0
0.082128, 43, -31, 0, 0
0.082326, -7, 15, 0, 0
0.082526, -2, 25, 0, 0
0.082726, -8, 28, 0, 0
0.082928, -4, -10, 0, 0
0.083126, -7, 15, 0, 0
0.083328, -102, 59, 0, 0
0.083528, 0, 0, 0, 0
0.083726, 1, -12, 0, 0
0.083928, 1, -12, 0, 0
0.084126, -13, 18, 0, 0
0.084328, 2, -75, 0, 0
0.084528, 0, 0, 0, 0
0.084728, 0, 0, 0, 0
0.084926, 1, -12, 0, 0
0.085126, -7, 15, 0, 0
0.085328, 61, -39, 0, 0
0.085526, -8, 28, 0, 0
0.085726, -7, 15, 0, 0
0.085926, -11, 5, 0, 0
0.086126, -7, 15, 0, 0
0.086326, -4, -10, 0, 0
0.086528, -7, 15, 0, 0
0.086728, -19, 20, 0, 0
0.086928, -2, 25, 0, 0
0.087126, -7, 15, 0, 0
0.087328, 36, -22, 0, 0
0.087528, -4, -10, 0, 0
0.087728, -13, 24, 0, 0
0.087926, -22, 46, 0, 0
0.088128, -8, 28, 0, 0
0.088326, -8, 28, 0, 0
0.088528, -19, 20, 0, 0
0.088726, -5, 2, 0, 0
0.088928, 0, 0, 0, 0
0.089126, 0, 0, 0, 0
0.089326, 3, 23, 0, 0
0.089526, -5, 2, 0, 0
0.089726, 0, 0, 0, 0
0.089926, -7, 15, 0, 0
0.090128, -1, 19, 0, 0
0.090326, -1, 12, 0, 0
0.090528, -17, 8, 0, 0
0.090726, -48, 20, 0, 0
0.090928, -6, 9, 0, 0
0.091128, -8, 28, 0, 0
0.091326, 0, 0, 0, 0
0.091526, -1, 12, 0, 0
0.091728, 0, -160, 0, 0
0.091928, -1, 12, 0, 0
0.092126, 1, -12, 0, 0
0.092326, 43, -31, 0, 0
0.092528, -7, 15, 0, 0
0.092728, -5, 2, 0, 0
0.092926, -2, 25, 0, 0
0.093128, -4, 38, 0, 0
0.093326, 1, -12, 0, 0
0.093526, -7, 15, 0, 0
0.093728, -102, 58, 0, 0
0.093928, 0, 0, 0, 0
0.094126, 23, -10, 0, 0
0.094326, -15, 31, 0, 0
0.094526, 0, 0, 0, 0
0.094726, -1, 12, 0, 0
0.094926, -1, 12, 0, 0
0.095128, -2, 25, 0, 0
0.095328, -1, 12, 0, 0
0.095526, -1, 12, 0, 0
0.095726, -85, 111, 0, 0
0.095928, -8, 28, 0, 0
0.096126, 1, -12, 0, 0
0.096326, 47, -70, 0, 0
0.096526, -11, 5, 0, 0
0.096726, -5, 2, 0, 0
0.096926, -2, 25, 0, 0
0.097126, -53, 23, 0, 0
0.097326, -8, 28, 0, 0
0.097526, -7, 15, 0, 0
0.097726, -4, -10, 0, 0
0.097926, 19, -20, 0, 0
0.098128, -16, -4, 0, 0
0.098328, -7, 15, 0, 0
0.098526, 41, -18, 0, 0
0.098726, -4, -10, 0, 0
0.098928, -7, 15, 0, 0
0.099126, -55, 36, 0, 0
0.099326, -1, -36, 0, 0
0.099526, 14, -80, 0, 0
0.099726, 5, -2, 0, 0
0.099926, -1, 12, 0, 0
0.000126, -3, 25, 0, 0
0.000328, 13, -18, 0, 0
0.000526, -4, -10, 0, 0
0.000726, -2, 25, 0, 0
0.000926, -1, 12, 0, 0
0.001126, -22, 46, 0, 0
0.001326, -11, 5, 0, 0
0.001526, 5, -2, 0, 0
0.001726, -17, 7, 0, 0
0.001926, -7, 15, 0, 0
0.002126, -2, 25, 0, 0
0.002326, -5, 2, 0, 0
0.002526, -55, 36, 0, 0
0.002726, 16, 5, 0, 0
0.002926, 4, 10, 0, 0
0.003126, -7, 15, 0, 0
0.003326, -7, 15, 0, 0
0.003526, -3, 25, 0, 0
0.003728, 7, -15, 0, 0
0.003928, 4, 10, 0, 0
0.004126, -4, -10, 0, 0
0.004326, 50, 2, 0, 0
0.004526, -1, 12, 0, 0
0.004726, 1, -12, 0, 0
0.004926, -7, 15, 0, 0
0.005126, -5, 2, 0, 0
0.005326, 11, -5, 0, 0
0.005526, -8, 28, 0, 0
0.005726, -5, 2, 0, 0
0.005926, -7, 15, 0, 0
0.006124, -4, -10, 0, 0
0.006328, -8, 28, 0, 0
0.006526, -1, 12, 0, 0
0.006726, -5, 2, 0, 0
0.006926, 1, -12, 0, 0
0.007128, 1, -12, 0, 0
0.007328, -5, 2, 0, 0
0.007526, 38, 7, 0, 0
0.007726, -5, 2, 0, 0
0.007926, 43, -31, 0, 0
0.008126, -2, 25, 0, 0
0.008326, -6, 2, 0, 0
0.008528, -5, 2, 0, 0
0.008728, -7, 15, 0, 0
0.008926, -6, 2, 0, 0
0.009126, -25, 23, 0, 0
0.009326, -1, 12, 0, 0
0.009526, 5, -2, 0, 0
0.009726, 1, -12, 0, 0
0.009928, -4, -10, 0, 0
0.010126, -8, 28, 0, 0
0.010326, -49, 33, 0, 0
0.010526, -1, 12, 0, 0
0.010726, -7, 15, 0, 0
0.010926, -9, 28, 0, 0
0.011126, 29, -12, 0, 0
0.011326, -1, 12, 0, 0
0.011528, -14, 31, 0, 0
0.011726, -8, 28, 0, 0
0.011926, 9, 20, 0, 0
0.012126, -1, 12, 0, 0
0.012326, -7, 15, 0, 0
0.012526, -53, 23, 0, 0
0.012726, -7, 15, 0, 0
0.012926, 0, 0, 0, 0
0.013128, -7, 15, 0, 0
0.013326, -1, 12, 0, 0
0.013526, -7, 15, 0, 0
0.013726, -3, 25, 0, 0
0.013926, -4, -10, 0, 0
0.014128, 9, 20, 0, 0
0.014326, -5, 2, 0, 0
0.014526, -7, 15, 0, 0
0.014726, -9, 35, 0, 0
0.014926, -2, 19, 0, 0
0.015126, -9, 35, 0, 0
0.015326, -3, 25, 0, 0
0.015526, -1, 12, 0, 0
0.015726, -13, 18, 0, 0
0.015926, -12, 11, 0, 0
0.016128, 9, 20, 0, 0
0.016326, 8, 20, 0, 0
0.016526, -7, 15, 0, 0
0.016726, -1, 12, 0, 0
0.016926, -9, 28, 0, 0
0.017126, -2, 25, 0, 0
0.017326, 0, 0, 0, 0
0.017526, -6, 2, 0, 0
0.017726, -6, 2, 0, 0
0.017926, 40, -5, 0, 0
0.018126, -5, 2, 0, 0
0.018326, 1, -12, 0, 0
0.018526, -20, 33, 0, 0
0.018726, -5, 2, 0, 0
0.018926, 41, -18, 0, 0
0.019126, -1, 12, 0, 0
0.019326, -17, 7, 0, 0
0.019526, -1, 12, 0, 0
0.019724, 6, -2, 0, 0
0.019926, 3, -25, 0, 0
0.020126, 0, 0, 0, 0
0.020326, 4, 10, 0, 0
0.020526, -5, 2, 0, 0
0.020726, -4, -10, 0, 0
0.020926, -4, -10, 0, 0
0.021126, 19, -20, 0, 0
0.021326, -1, 12, 0, 0
0.021526, -1, 12, 0, 0
0.021726, -7, 15, 0, 0
0.021926, -3, 25, 0, 0
0.022126, -7, 15, 0, 0
0.022328, 1, -12, 0, 0
0.022528, -4, -10, 0, 0
0.022726, 1, -12, 0, 0
0.022926, -7, 15, 0, 0
0.023126, 0, 0, 0, 0
0.023326, -8, 28, 0, 0
0.023526, 28, 0, 0, 0
0.023726, -47, 21, 0, 0
0.023928, -5, 2, 0, 0
0.024126, -55, 36, 0, 0
0.024326, -1, 12, 0, 0
0.024526, -8, 28, 0, 0
0.024726, -7, 15, 0, 0
0.024926, -24, 10, 0, 0
0.025126, 10, -90, 0, 0
0.025328, -5, 2, 0, 0
0.025526, -6, 2, 0, 0
0.025728, -26, 36, 0, 0
0.025926, 3, -32, 0, 0
0.026126, -14, 31, 0, 0
0.026326, -15, 31, 0, 0
0.026526, 10, 7, 0, 0
0.026726, -1, 12, 0, 0
0.026926, -3, 25, 0, 0
0.027126, 0, 0, 0, 0
0.027328, 0, 0, 0, 0
0.027526, 0, 0, 0, 0
0.027726, 11, -5, 0, 0
0.027926, 42, -18, 0, 0
0.028126, -15, 30, 0, 0
0.028326, -9, 28, 0, 0
0.028526, -1, 12, 0, 0
0.028726, -2, 25, 0, 0
0.028926, -1, 12, 0, 0
0.029126, 41, -18, 0, 0
0.029326, -1, 12, 0, 0
0.029528, -5, 2, 0, 0
0.029726, 4, 10, 0, 0
0.029926, -6, 2, 0, 0
0.030126, -19, 20, 0, 0
0.030326, -7, 15, 0, 0
0.030526, -105, 69, 0, 0
0.030726, 7, -15, 0, 0
0.030926, -15, 31, 0, 0
0.031126, -3, -23, 0, 0
0.031326, 76, -106, 0, 0
0.031526, -6, 2, 0, 0
0.031726, 41, -18, 0, 0
0.031926, 3, -75, 0, 0
0.032126, -7, 15, 0, 0
0.032326, 12, -11, 0, 0
0.032526, -9, 28, 0, 0
0.032724, 1, -12, 0, 0
0.032926, -4, -10, 0, 0
0.033126, 0, 0, 0, 0
0.033326, 43, -30, 0, 0
0.033528, 15, -93, 0, 0
0.033726, -2, 25, 0, 0
0.033926, -22, 46, 0, 0
0.034126, -4, -10, 0, 0
0.034326, 38, 7, 0, 0
0.034526, -7, 15, 0, 0
0.034726, -5, 2, 0, 0
0.034926, -1, 12, 0, 0
0.035126, -17, 7, 0, 0
0.035326, 1, -12, 0, 0
0.035526, -8, 28, 0, 0
0.035726, 11, -5, 0, 0
0.035926, 189, -71, 0, 0
0.036126, -1, 12, 0, 0
0.036326, -20, 33, 0, 0
0.036526, -13, 18, 0, 0
0.036726, -133, 70, 0, 0
0.036926, -13, 18, 0, 0
0.037126, -4, -10, 0, 0
0.037324, 19, -20, 0, 0
0.037526, -7, 15, 0, 0
0.037726, 41, -18, 0, 0
0.037926, 95, -42, 0, 0
0.038126, -7, 15, 0, 0
0.038326, -6, 2, 0, 0
0.038526, -21, 33, 0, 0
0.038726, 0, 6, 0, 0
0.038926, -5, 2, 0, 0
0.039126, 26, -29, 0, 0
0.039326, -5, 2, 0, 0
0.039526, -8, 28, 0, 0
0.039726, 8, 20, 0, 0
0.039926, -9, 28, 0, 0
0.040126, 0, 0, 0, 0
0.040324, -6, 2, 0, 0
0.040526, -4, -10, 0, 0
0.040726, -5, 2, 0, 0
0.040926, 5, -2, 0, 0
0.041126, -21, 33, 0, 0
0.041326, -4, -10, 0, 0
0.041526, 1, -12, 0, 0
0.041726, -19, 20, 0, 0
0.041926, -5, 2, 0, 0
0.042126, -1, 12, 0, 0
0.042326, 0, 0, 0, 0
0.042526, -7, 15, 0, 0
0.042726, 42, -18, 0, 0
0.042926, 16, 5, 0, 0
0.043126, -4, -10, 0, 0
0.043326, -9, 28, 0, 0
0.043526, -32, 38, 0, 0
0.043728, -1, 12, 0, 0
0.043926, 41, -18, 0, 0
0.044126, 112, -35, 0, 0
0.044326, 12, -116, 0, 0
0.044526, -1, 12, 0, 0
0.044724, -6, 2, 0, 0
0.044926, -5, 2, 0, 0
0.045126, 48, -69, 0, 0
0.045326, -8, 28, 0, 0
0.045526, -1, 12, 0, 0
0.045726, 23, -3, 0, 0
0.045926, -7, 15, 0, 0
0.046126, 8, -22, 0, 0
0.046326, -1, 12, 0, 0
0.046526, 25, -23, 0, 0
0.046726, 9, 20, 0, 0
0.046926, -6, 2, 0, 0
0.047126, -6, 2, 0, 0
0.047326, -5, 2, 0, 0
0.047526, -1, 12, 0, 0
0.047726, 0, 0, 0, 0
0.047926, 0, 0, 0, 0
0.048126, -7, 15, 0, 0
0.048326, 1, -12, 0, 0
0.048526, -7, 15, 0, 0
0.048726, -7, 15, 0, 0
0.048926, -7, 15, 0, 0
0.049126, -1, 12, 0, 0
0.049326, -15, 31, 0, 0
0.049526, -43, 30, 0, 0
0.049726, -6, 2, 0, 0
0.049926, -7, 15, 0, 0
0.050126, 0, 0, 0, 0
0.050328, -14, 31, 0, 0
0.050526, 17, -7, 0, 0
0.050726, 0, 0, 0, 0
0.050926, -1, 12, 0, 0
0.051126, -3, 25, 0, 0
0.051326, -3, 25, 0, 0
0.051526, 0, 0, 0, 0
0.051724, -18, 7, 0, 0
0.051926, -8, 28, 0, 0
0.052126, 44, -37, 0, 0
0.052326, -6, 2, 0, 0
0.052526, 4, 10, 0, 0
0.052726, -1, 12, 0, 0
0.052926, -7, 15, 0, 0
0.053126, 6, -2, 0, 0
0.053326, 38, 7, 0, 0
0.053526, -9, 28, 0, 0
0.053726, -7, 15, 0, 0
0.053926, -6, 2, 0, 0
0.054124, 43, -30, 0, 0
0.054326, -13, 18, 0, 0
0.054526, -4, -10, 0, 0
0.054724, -3, 25, 0, 0
0.054926, -8, 28, 0, 0
0.055126, 0, 0, 0, 0
0.055326, -13, 18, 0, 0
0.055526, -5, -3, 0, 0
0.055726, 7, -15, 0, 0
0.055926, -22, 46, 0, 0
0.056126, 5, 3, 0, 0
0.056326, -5, 2, 0, 0
0.056526, -12, 5, 0, 0
0.056726, -1, 12, 0, 0
0.056926, -5, 2, 0, 0
0.057126, 11, -5, 0, 0
0.057326, 3, -25, 0, 0
0.057526, 0, 0, 0, 0
0.057726, -7, 15, 0, 0
0.057926, -1, 12, 0, 0
0.058126, 4, 10, 0, 0
0.058328, -5, 2, 0, 0
0.058526, -10, 41, 0, 0
0.058726, -5, 2, 0, 0
0.058926, -6, 2, 0, 0
0.059126, -6, -40, 0, 0
0.059326, -22, 46, 0, 0
0.059528, -48, 83, 0, 0
0.059726, -7, 15, 0, 0
0.059926, -3, 25, 0, 0
0.060126, -1, 12, 0, 0
0.060324, -9, 28, 0, 0
0.060524, 0, 0, 0, 0
0.060726, -59, 74, 0, 0
0.060926, -7, 15, 0, 0
0.061126, -1, 12, 0, 0
0.061326, 12, -5, 0, 0
0.061524, -3, 25, 0, 0
0.061724, 10, 7, 0, 0
0.061926, -61, 87, 0, 0
0.062126, 4, 10, 0, 0
0.062326, 0, 0, 0, 0
0.062526, 41, -18, 0, 0
0.062724, -21, 33, 0, 0
0.062926, -2, -23, 0, 0
0.063126, -3, 25, 0, 0
0.063326, -61, 38, 0, 0
0.063526, 0, 0, 0, 0
0.063724, 3, -25, 0, 0
0.063926, -4, -10, 0, 0
0.064126, 42, -18, 0, 0
0.064326, 2, 23, 0, 0
0.064524, 2, 23, 0, 0
0.064726, -20, 33, 0, 0
0.064924, 1, -12, 0, 0
0.065126, -13, 18, 0, 0
0.065326, 42, -18, 0, 0
0.065526, -9, 28, 0, 0
0.065726, 0, 0, 0, 0
0.065926, 88, -25, 0, 0
0.066126, -21, 33, 0, 0
0.066324, -6, 2, 0, 0
0.066526, -9, 28, 0, 0
0.066726, -3, 25, 0, 0
0.066926, 7, -15, 0, 0
0.067126, -11, 5, 0, 0
0.067326, -9, 28, 0, 0
0.067526, 27, -85, 0, 0
0.067726, -7, 15, 0, 0
0.067926, -7, 15, 0, 0
0.068124, 0, 0, 0, 0
0.068326, 40, -5, 0, 0
0.068526, 13, -18, 0, 0
0.068724, -6, 2, 0, 0
0.068924, -9, 28, 0, 0
0.069126, -16, 43, 0, 0
0.069324, 40, -4, 0, 0
0.069526, 0, 0, 0, 0
0.069726, 16, 5, 0, 0
0.069926, -1, 12, 0, 0
0.070126, 12, -5, 0, 0
0.070326, -7, 15, 0, 0
0.070526, 12, -5, 0, 0
0.070726, -9, 28, 0, 0
0.070926, 42, -17, 0, 0
0.071126, -1, 12, 0, 0
0.071326, -5, 2, 0, 0
0.071526, 0, 6, 0, 0
0.071726, -6, 2, 0, 0
0.071926, -5, 2, 0, 0
0.072124, 16, 5, 0, 0
0.072326, 22, 2, 0, 0
0.072526, 1, 36, 0, 0
0.072726, 6, -2, 0, 0
0.072926, -6, 2, 0, 0
0.073126, -1, 12, 0, 0
0.073324, -7, 15, 0, 0
0.073526, -9, 28, 0, 0
0.073726, 8, 20, 0, 0
0.073926, 0, 0, 0, 0
0.074126, -7, 15, 0, 0
0.074326, -6, 2, 0, 0
0.074526, 8, 20, 0, 0
0.074724, -19, 20, 0, 0
0.074926, -51, 46, 0, 0
0.075126, -13, 18, 0, 0
0.075326, 1, -12, 0, 0
0.075526, 1, -12, 0, 0
0.075726, 1, -12, 0, 0
0.075926, -6, 2, 0, 0
0.076126, -7, 15, 0, 0
0.076324, 0, 0, 0, 0
0.076524, -1, 12, 0, 0
0.076726, 45, -43, 0, 0
0.076926, -1, 12, 0, 0
0.077126, 0, 0, 0, 0
0.077324, -19, 20, 0, 0
0.077526, -7, 15, 0, 0
0.077724, 4, 10, 0, 0
0.077926, 9, -77, 0, 0
0.078126, -8, 28, 0, 0
0.078324, -21, 33, 0, 0
0.078526, 4, 10, 0, 0
0.078724, -6, 2, 0, 0
0.078926, 12, -5, 0, 0
0.079126, -19, 20, 0, 0
0.079326, 0, 0, 0, 0
0.079526, 11, -5, 0, 0
0.079924, -8, 64, 0, 0
0.080126, -28, 42, 0, 0
0.080326, 0, 0, 0, 0
0.080526, -13, 18, 0, 0
0.080726, 1, -12, 0, 0
0.080926, 5, -2, 0, 0
0.081126, 36, -21, 0, 0
0.081324, -6, 2, 0, 0
0.081526, -6, 9, 0, 0
0.081724, 30, -12, 0, 0
0.081926, -6, 2, 0, 0
0.082124, -18, 93, 0, 0
0.082326, 1, -12, 0, 0
0.082526, -82, 106, 0, 0
0.082726, 12, -116, 0, 0
0.082926, 40, -5, 0, 0
0.083124, -9, 28, 0, 0
0.083326, -1, 12, 0, 0
0.083526, 8, -77, 0, 0
0.083726, 0, 0, 0, 0
0.083926, -7, 15, 0, 0
0.084124, 6, -2, 0, 0
0.084324, -9, 28, 0, 0
0.084526, 0, 0, 0, 0
0.084726, 1, -12, 0, 0
0.084924, -7, 15, 0, 0
0.085126, -2, 25, 0, 0
0.085326, 4, 10, 0, 0
0.085524, 9, -28, 0, 0
0.085724, 12, -5, 0, 0
0.085926, 13, -18, 0, 0
0.086126, 40, -5, 0, 0
0.086326, 10, 7, 0, 0
0.086526, -22, 46, 0, 0
0.086724, -7, 15, 0, 0
0.086924, -12, 4, 0, 0
0.087126, 5, -2, 0, 0
0.087326, -9, 28, 0, 0
0.087526, 0, 0, 0, 0
0.087726, 0, 0, 0, 0
0.087926, -3, 25, 0, 0
0.088126, -4, -10, 0, 0
0.088326, -28, 0, 0, 0
0.088524, 12, -4, 0, 0
0.088726, -7, 15, 0, 0
0.088926, -16, 37, 0, 0
0.089126, -30, 12, 0, 0
0.089324, -19, 20, 0, 0
0.089526, -1, 12, 0, 0
0.089726, -8, 28, 0, 0
0.089926, 0, 0, 0, 0
0.090126, -9, 28, 0, 0
0.090326, 115, -61, 0, 0
0.090526, -18, 7, 0, 0
0.090724, 140, -70, 0, 0
0.090926, 2, 23, 0, 0
0.091126, -4, -10, 0, 0
0.091326, -21, 33, 0, 0
0.091526, -13, 18, 0, 0
0.091726, -2, -23, 0, 0
0.091926, -13, 18, 0, 0
0.092126, -7, 15, 0, 0
0.092324, -18, 7, 0, 0
0.092526, -8, 22, 0, 0
0.092726, 0, 0, 0, 0
0.092926, 38, 8, 0, 0
0.093126, 38, 8, 0, 0
0.093326, 5, -2, 0, 0
0.093526, -9, 28, 0, 0
0.093724, 0, 0, 0, 0
0.093924, 0, 0, 0, 0
0.094126, -4, -10, 0, 0
0.094326, -19, 20, 0, 0
0.094526, -3, 25, 0, 0
0.094726, -14, 24, 0, 0
0.094926, -7, 15, 0, 0
0.095126, 1, -12, 0, 0
0.095326, -6, 2, 0, 0
0.095524, 0, 0, 0, 0
0.095726, -7, 15, 0, 0
0.095926, 41, -18, 0, 0
0.096124, 24, 26, 0, 0
0.096324, -1, 12, 0, 0
0.096526, 1, -12, 0, 0
0.096726, 1, -12, 0, 0
0.096926, -4, -10, 0, 0
0.097126, -6, 2, 0, 0
0.097326, 0, 0, 0, 0
0.097526, -7, 15, 0, 0
0.097726, -7, 15, 0, 0
0.097926, -19, 20, 0, 0
0.098124, -15, 30, 0, 0
0.098326, 3, 16, 0, 0
0.098526, -7, 15, 0, 0
0.098726, -4, 38, 0, 0
0.098926, -5, 2, 0, 0
0.099126, 1, -12, 0, 0
0.099326, -19, 20, 0, 0
0.099526, -1, 12, 0, 0
0.099726, -8, 28, 0, 0
0.099926, 13, -18, 0, 0
0.000126, -47, 20, 0, 0
0.000326, -3, 25, 0, 0
0.000526, -4, -10, 0, 0
0.000724, -7, 15, 0, 0
0.000926, 0, 0, 0, 0
0.001126, 0, 0, 0, 0
0.001324, -4, -10, 0, 0
0.001526, -11, 5, 0, 0
0.001724, -9, 28, 0, 0
0.001926, -7, 15, 0, 0
0.002126, -7, 15, 0, 0
0.002326, 0, 0, 0, 0
0.002526, -6, 2, 0, 0
0.002726, 1, -12, 0, 0
0.002926, 0, 0, 0, 0
0.003124, 0, 0, 0, 0
0.003324, -7, 15, 0, 0
0.003526, -1, 12, 0, 0
0.003724, -19, 20, 0, 0
0.003926, 1, -12, 0, 0
0.004126, -19, 20, 0, 0
0.004326, -1, 12, 0, 0
0.004526, 9, -127, 0, 0
0.004726, -13, 18, 0, 0
0.004926, -1, 12, 0, 0
0.005126, -1, 12, 0, 0
0.005326, 0, 0, 0, 0
0.005526, -1, 12, 0, 0
0.005726, 11, -5, 0, 0
0.005926, 0, 0, 0, 0
0.006126, 43, -30, 0, 0
0.006326, 38, 7, 0, 0
0.006524, -9, 28, 0, 0
0.006726, -15, 37, 0, 0
0.006926, -46, 7, 0, 0
0.007124, -1, 12, 0, 0
0.007326, 21, -181, 0, 0
0.007526, -3, 25, 0, 0
0.007726, 6, -2, 0, 0
0.007926, -3, 25, 0, 0
0.008126, -12, 47, 0, 0
0.008326, 2, 29, 0, 0
0.008524, 0, 0, 0, 0
0.008726, 42, -18, 0, 0
0.008926, -6, 2, 0, 0
0.009126, 7, -15, 0, 0
0.009326, -1, 12, 0, 0
0.009526, 38, 7, 0, 0
0.009726, -4, -10, 0, 0
0.009924, -6, 2, 0, 0
0.010124, -3, 25, 0, 0
0.010326, -19, 20, 0, 0
0.010526, 67, -225, 0, 0
0.010724, 38, 8, 0, 0
0.010926, 7, -15, 0, 0
0.011126, 0, 0, 0, 0
0.011324, -7, 15, 0, 0
0.011526, -15, 31, 0, 0
0.011726, 1, -12, 0, 0
0.011926, -49, 33, 0, 0
0.012126, -1, 12, 0, 0
0.012324, -17, 43, 0, 0
0.012526, 0, 0, 0, 0
0.012726, -17, 7, 0, 0
0.012926, -3, 25, 0, 0
0.013126, -7, 15, 0, 0
0.013326, -1, 12, 0, 0
0.013526, -14, 31, 0, 0
0.013726, 40, -4, 0, 0
0.013926, 30, 72, 0, 0
0.014124, -6, 2, 0, 0
0.014326, 42, -18, 0, 0
0.014526, 6, -2, 0, 0
0.014726, 144, -60, 0, 0
0.014926, 42, -17, 0, 0
0.015124, 1, -12, 0, 0
0.015326, -7, 15, 0, 0
0.015524, -9, 28, 0, 0
0.015726, -13, 18, 0, 0
0.015926, -5, 2, 0, 0
0.016124, -11, 41, 0, 0
0.016326, -21, 33, 0, 0
0.016526, -13, 18, 0, 0
0.016726, 0, 0, 0, 0
0.016926, 12, -5, 0, 0
0.017124, -57, 318, 0, 0
0.017324, -1, 12, 0, 0
0.017526, 0, 0, 0, 0
0.017726, -7, 15, 0, 0
0.017926, -9, 28, 0, 0
0.018126, 55, -35, 0, 0
0.018326, -7, 15, 0, 0
0.018526, -1, 12, 0, 0
0.018726, 1, -12, 0, 0
0.018926, 0, 0, 0, 0
0.019126, -6, 2, 0, 0
0.019326, 3, 23, 0, 0
0.019526, -8, 22, 0, 0
0.019726, 0, 0, 0, 0
0.019926, -1, 12, 0, 0
0.020126, 27, -36, 0, 0
0.020324, -7, 15, 0, 0
0.020526, -3, 25, 0, 0
0.020726, -19, 20, 0, 0
0.020926, -9, 28, 0, 0
0.021124, 7, -101, 0, 0
0.021324, -9, 28, 0, 0
0.021526, 48, -20, 0, 0
0.021726, -3, 25, 0, 0
0.021926, 0, 0, 0, 0
0.022124, 4, 10, 0, 0
0.022326, -19, 20, 0, 0
0.022526, -3, 25, 0, 0
0.022726, 4, 10, 0, 0
0.022926, -8, 28, 0, 0
0.023126, 38, 7, 0, 0
0.023326, 1, -12, 0, 0
0.023526, -7, 15, 0, 0
0.023726, -14, 31, 0, 0
0.023926, -6, 2, 0, 0
0.024126, 6, -2, 0, 0
0.024324, 3, -75, 0, 0
0.024526, 40, -5, 0, 0
0.024726, -14, -18, 0, 0
0.024926, -21, 33, 0, 0
0.025124, 10, 8, 0, 0
0.025326, -7, 15, 0, 0
0.025526, 28, 0, 0, 0
0.025724, -4, -10, 0, 0
0.025924, -6, 2, 0, 0
0.026124, -4, 38, 0, 0
0.026326, -16, 43, 0, 0
0.026526, -9, 28, 0, 0
0.026726, -1, 12, 0, 0
0.026926, 1, -12, 0, 0
0.027126, -19, 20, 0, 0
0.027324, -1, 12, 0, 0
0.027526, 0, 0, 0, 0
0.027726, 42, -17, 0, 0
0.027924, -7, 15, 0, 0
0.028126, -4, -10, 0, 0
0.028326, -19, 20, 0, 0
0.028526, -7, 15, 0, 0
0.028726, 1, -12, 0, 0
0.028926, -75, 104, 0, 0
0.029124, 10, 7, 0, 0
0.029326, -1, 12, 0, 0
0.029526, 42, -17, 0, 0
0.029726, -6, 2, 0, 0
0.029926, -5, -3, 0, 0
0.030124, -1, 12, 0, 0
0.030326, -36, 15, 0, 0
0.030526, -7, 15, 0, 0
0.030726, -55, 35, 0, 0
0.030926, 3, 23, 0, 0
0.031126, -16, 93, 0, 0
0.031326, 0, 0, 0, 0
0.031526, 0, 0, 0, 0
0.031726, 0, 0, 0, 0
0.031926, -19, 20, 0, 0
0.032126, 0, 0, 0, 0
0.032324, -9, 28, 0, 0
0.032526, -17, 7, 0, 0
0.032726, -21, 33, 0, 0
0.032926, -10, 41, 0, 0
0.033126, -1, 12, 0, 0
0.033326, 8, 20, 0, 0
0.033526, -5, 2, 0, 0
0.033726, -4, -10, 0, 0
0.033926, 0, 0, 0, 0
0.034126, -9, 28, 0, 0
0.034324, 43, -30, 0, 0
0.034526, -7, 15, 0, 0
0.034726, -9, 28, 0, 0
0.034926, 0, 0, 0, 0
0.035126, 8, -28, 0, 0
0.035326, -9, 28, 0, 0
0.035524, -7, 15, 0, 0
0.035726, -7, 15, 0, 0
0.035926, -9, 28, 0, 0
0.036126, -3, 25, 0, 0
0.036326, -3, 25, 0, 0
0.036524, 0, 0, 0, 0
0.036726, 0, 0, 0, 0
0.036926, -14, 31, 0, 0
0.037126, -8, 28, 0, 0
0.037324, -4, -10, 0, 0
0.037526, -6, 2, 0, 0
0.037726, 1, -12, 0, 0
0.037926, 40, -4, 0, 0
0.038126, 41, -18, 0, 0
0.038326, -7, 15, 0, 0
0.038526, 1, -12, 0, 0
0.038726, -13, 18, 0, 0
0.038926, 25, -23, 0, 0
0.039126, 38, 7, 0, 0
0.039326, 130, -43, 0, 0
0.039524, -6, 2, 0, 0
0.039726, -3, 25, 0, 0
0.039926, 12, -5, 0, 0
0.040126, -6, 2, 0, 0
0.040326, -9, 28, 0, 0
0.040526, -8, 28, 0, 0
0.040724, 30, -12, 0, 0
0.040926, 6, -2, 0, 0
0.041124, 25, 26, 0, 0
0.041326, 6, -2, 0, 0
0.041524, 13, -17, 0, 0
0.041726, 1, -12, 0, 0
0.041926, 8, 20, 0, 0
0.042126, -9, 28, 0, 0
0.042324, 1, -12, 0, 0
0.042526, 0, 0, 0, 0
0.042726, -28, 0, 0, 0
0.042926, -7, 15, 0, 0
0.043126, -36, 15, 0, 0
0.043326, -6, 2, 0, 0
0.043526, 86, -12, 0, 0
0.043726, -1, 12, 0, 0
0.043926, -27, 36, 0, 0
0.044124, -9, 28, 0, 0
0.044326, 42, -18, 0, 0
0.044526, -7, 15, 0, 0
0.044724, -6, 2, 0, 0
0.044926, -5, 2, 0, 0
0.045126, -6, 2, 0, 0
0.045326, 0, 0, 0, 0
0.045526, 43, -30, 0, 0
0.045724, -6, 2, 0, 0
0.045924, -19, 20, 0, 0
0.046126, 0, 0, 0, 0
0.046326, 6, -2, 0, 0
0.046526, -7, 15, 0, 0
0.046726, -64, 64, 0, 0
0.046926, -7, 15, 0, 0
0.047124, -4, -10, 0, 0
0.047326, 0, 0, 0, 0
0.047526, -1, 12, 0, 0
0.047726, -7, 15, 0, 0
0.047926, 42, -17, 0, 0
0.048124, -6, 2, 0, 0
0.048326, -4, -10, 0, 0
0.048526, -5, 2, 0, 0
0.048724, -23, 46, 0, 0
0.048926, -6, 9, 0, 0
0.049126, -1, 12, 0, 0
0.049326, -5, 2, 0, 0
0.049526, -20, 33, 0, 0
0.049726, -1, 12, 0, 0
0.049926, -1, 12, 0, 0
0.050126, -6, 2, 0, 0
0.050326, 17, -7, 0, 0
0.050526, -6, 2, 0, 0
0.050726, -36, 15, 0, 0
0.050926, 48, -20, 0, 0
0.051126, -13, 17, 0, 0
0.051326, -4, -10, 0, 0
0.051526, 13, -17, 0, 0
0.051724, -96, 40, 0, 0
0.051926, -1, 12, 0, 0
0.052126, 1, -12, 0, 0
0.052326, -21, 33, 0, 0
0.052524, 0, 0, 0, 0
0.052724, -13, 17, 0, 0
0.052926, -13, 18, 0, 0
0.053124, -1, 12, 0, 0
0.053326, -7, 15, 0, 0
0.053524, 0, 0, 0, 0
0.053726, 42, -17, 0, 0
0.053924, 7, -15, 0, 0
0.054126, -7, 15, 0, 0
0.054326, 136, -45, 0, 0
0.054526, -9, 28, 0, 0
0.054726, 54, -72, 0, 0
0.054926, -1, 12, 0, 0
0.055126, 1, -12, 0, 0
0.055326, -9, 28, 0, 0
0.055526, -8, -20, 0, 0
0.055726, -25, 23, 0, 0
0.055924, -10, 41, 0, 0
0.056126, -4, -10, 0, 0
0.056326, -4, -10, 0, 0
0.056526, 47, -20, 0, 0
0.056726, 40, -4, 0, 0
0.056926, 18, -7, 0, 0
0.057126, -13, 17, 0, 0
0.057326, -16, -5, 0, 0
0.057524, 60, -25, 0, 0
0.057726, -6, 2, 0, 0
0.057926, -6, 2, 0, 0
0.058126, -3, 25, 0, 0
0.058324, 13, -17, 0, 0
0.058526, 0, 0, 0, 0
0.058724, -4, -10, 0, 0
0.058926, 8, 20, 0, 0
0.059124, -15, 30, 0, 0
0.059324, 0, 0, 0, 0
0.059526, -37, 28, 0, 0
0.059726, 29, -12, 0, 0
0.059926, -1, 12, 0, 0
0.060126, -5, 2, 0, 0
0.060326, 0, 0, 0, 0
0.060524, 12, -5, 0, 0
0.060724, -6, 2, 0, 0
0.060924, -21, 33, 0, 0
0.061126, 1, -12, 0, 0
0.061326, 0, 0, 0, 0
0.061526, 12, -5, 0, 0
0.061724, -9, 28, 0, 0
0.061924, 13, -17, 0, 0
0.062124, -19, 20, 0, 0
0.062324, 1, -12, 0, 0
0.062526, -53, 65, 0, 0
0.062724, 13, -17, 0, 0
0.062924, -15, 30, 0, 0
0.063126, 0, 0, 0, 0
0.063326, 42, -17, 0, 0
0.063526, 12, -5, 0, 0
0.063726, -16, 43, 0, 0
0.063926, 1, -12, 0, 0
0.064126, -22, 46, 0, 0
0.064326, -1, -36, 0, 0
0.064526, 40, -4, 0, 0
0.064726, -15, 31, 0, 0
0.064924, -9, 28, 0, 0
0.065126, -6, 2, 0, 0
0.065324, -4, -10, 0, 0
0.065524, 16, 5, 0, 0
0.065726, -1, 12, 0, 0
0.065924, -9, 28, 0, 0
0.066126, 6, -2, 0, 0
0.066324, 0, 0, 0, 0
0.066526, -3, 25, 0, 0
0.066724, -1, 12, 0, 0
0.066924, -4, -10, 0, 0
0.067324, 42, -17, 0, 0
0.067526, 2, 23, 0, 0
0.067724, -6, 2, 0, 0
0.067926, -6, 2, 0, 0
0.068124, -1, 12, 0, 0
0.068324, 26, 13, 0, 0
0.068526, 1, -12, 0, 0
0.068726, 4, 10, 0, 0
0.068926, 1, -12, 0, 0
0.069124, -7, 15, 0, 0
0.069324, -21, 33, 0, 0
0.069524, -9, 28, 0, 0
0.069724, 10, 7, 0, 0
0.069926, 0, 0, 0, 0
0.070124, 38, -34, 0, 0
0.070324, -4, -10, 0, 0
0.070524, 3, 16, 0, 0
0.070726, -1, 12, 0, 0
0.070926, -4, -10, 0, 0
0.071124, -6, 2, 0, 0
0.071324, -4, -10, 0, 0
0.071526, -40, 54, 0, 0
0.071724, 0, 0, 0, 0
0.071926, 0, 0, 0, 0
0.072126, -9, 28, 0, 0
0.072324, 0, 0, 0, 0
0.072526, -12, 5, 0, 0
0.072724, -6, 2, 0, 0
0.072924, -16, 37, 0, 0
0.073126, -4, -10, 0, 0
0.073326, -6, 2, 0, 0
0.073524, 42, -17, 0, 0
0.073724, 6, -88, 0, 0
0.073926, 42, -17, 0, 0
0.074126, -1, 12, 0, 0
0.074324, -21, 33, 0, 0
0.074526, -6, 2, 0, 0
0.074724, -1, 12, 0, 0
0.074924, 18, -7, 0, 0
0.075126, -6, 2, 0, 0
0.075326, 0, 0, 0, 0
0.075524, -8, 21, 0, 0
0.075724, 0, 0, 0, 0
0.075926, -4, -10, 0, 0
0.076124, 12, -4, 0, 0
0.076324, 46, -7, 0, 0
0.076524, 4, 10, 0, 0
0.076726, -19, 20, 0, 0
0.076926, -9, 28, 0, 0
0.077126, -1, 12, 0, 0
0.077324, -9, 28, 0, 0
0.077524, -13, 17, 0, 0
0.077726, 0, 0, 0, 0
0.077926, -16, 43, 0, 0
0.078126, -6, 2, 0, 0
0.078326, 0, 0, 0, 0
0.078526, -7, 15, 0, 0
0.078724, -6, 2, 0, 0
0.078926, -62, 100, 0, 0
0.079124, -6, 2, 0, 0
0.079326, 1, -12, 0, 0
0.079724, -2, -23, 0, 0
0.079924, -3, 25, 0, 0
0.080126, 6, -2, 0, 0
0.080324, 6, -2, 0, 0
0.080526, -9, 28, 0, 0
0.080724, 13, -17, 0, 0
0.080926, -7, 15, 0, 0
0.081126, -22, 46, 0, 0
0.081326, 1, -12, 0, 0
0.081526, -6, 2, 0, 0
0.081724, -54, 22, 0, 0
0.081926, -4, -10, 0, 0
0.082124, -6, 2, 0, 0
0.082326, -7, 15, 0, 0
0.082526, -3, 25, 0, 0
0.082724, -7, 15, 0, 0
0.082924, -6, 2, 0, 0
0.083124, -6, 2, 0, 0
0.083324, -9, 28, 0, 0
0.083524, 1, -12, 0, 0
0.083726, -15, 30, 0, 0
0.083926, -15, 30, 0, 0
0.084126, 12, -4, 0, 0
0.084324, 8, 20, 0, 0
0.084526, 4, 10, 0, 0
0.084724, -9, 28, 0, 0
0.084926, -1, 12, 0, 0
0.085124, 10, 8, 0, 0
0.085326, -9, 28, 0, 0
0.085524, 12, -4, 0, 0
0.085724, -6, 2, 0, 0
0.085924, 26, 13, 0, 0
0.086124, 6, -2, 0, 0
0.086324, -6, 2, 0, 0
0.086526, 42, -17, 0, 0
0.086724, -7, 15, 0, 0
0.086924, 28, 0, 0, 0
0.087124, 10, 7, 0, 0
0.087326, 4, 10, 0, 0
0.087524, 4, 10, 0, 0
0.087726, 6, -2, 0, 0
0.087924, -6, 2, 0, 0
0.088126, -4, -10, 0, 0
0.088324, 0, 0, 0, 0
0.088524, 23, -46, 0, 0
0.088724, 6, -2, 0, 0
0.088924, -7, 15, 0, 0
0.089124, -7, 15, 0, 0
0.089324, 21, -33, 0, 0
0.089526, -19, 20, 0, 0
0.089724, -9, 28, 0, 0
0.089924, 6, -2, 0, 0
0.090124, 0, 0, 0, 0
0.090326, -6, 2, 0, 0
0.090524, -7, 15, 0, 0
0.090726, -7, 15, 0, 0
0.090924, 10, 8, 0, 0
0.091124, -3, 25, 0, 0
0.091324, 0, -36, 0, 0
0.091524, -9, 28, 0, 0
0.091724, -9, 28, 0, 0
0.091924, 0, 0, 0, 0
0.092124, 1, -12, 0, 0
0.092326, 1, -12, 0, 0
0.092524, 0, 0, 0, 0
0.092724, -2, -23, 0, 0
0.092924, 10, 8, 0, 0
0.093124, -7, 15, 0, 0
0.093326, 40, -4, 0, 0
0.093524, 8, 20, 0, 0
0.093724, 19, -13, 0, 0
0.093924, 0, 0, 0, 0
0.094126, 3, -75, 0, 0
0.094324, 96, -76, 0, 0
0.094524, 6, -2, 0, 0
0.094726, 43, -30, 0, 0
0.094924, -7, 15, 0, 0
0.095124, -18, 7, 0, 0
0.095324, 42, -17, 0, 0
0.095526, -1, 12, 0, 0
0.095724, -6, 2, 0, 0
0.095924, -6, 2, 0, 0
0.096124, 0, 0, 0, 0
0.096324, 40, -4, 0, 0
0.096526, -3, 25, 0, 0
0.096724, 10, 8, 0, 0
0.096926, 42, -17, 0, 0
0.097124, -6, 2, 0, 0
0.097326, 10, 7, 0, 0
0.097524, -7, 15, 0, 0
0.097724, -9, 28, 0, 0
0.097924, -7, 15, 0, 0
0.098126, 58, -12, 0, 0
0.098324, 42, -17, 0, 0
0.098526, -102, 42, 0, 0
0.098726, -1, 12, 0, 0
0.098926, -3, 25, 0, 0
0.099124, -4, 38, 0, 0
0.099324, -18, 7, 0, 0
0.099524, 38, -27, 0, 0
0.099724, -7, 15, 0, 0
0.099926, -19, 20, 0, 0
0.000124, -9, 28, 0, 0
0.000324, 42, -17, 0, 0
0.000524, -4, -10, 0, 0
0.000726, 0, 0, 0, 0
0.000924, -7, 15, 0, 0
0.001124, -13, 17, 0, 0
0.001326, -21, 33, 0, 0
0.001524, 0, 0, 0, 0
0.001724, 3, 16, 0, 0
0.001924, 6, -51, 0, 0
0.002124, 28, 0, 0, 0
0.002324, 18, -7, 0, 0
0.002524, -6, 2, 0, 0
0.002724, -7, 15, 0, 0
0.002926, -6, 2, 0, 0
0.003124, 1, -12, 0, 0
0.003324, -7, 15, 0, 0
0.003524, 5, -38, 0, 0
0.003724, -6, 2, 0, 0
0.003924, -1, 12, 0, 0
0.004126, 1, -12, 0, 0
0.004324, 1, -12, 0, 0
0.004526, -7, 15, 0, 0
0.004724, 44, -29, 0, 0
0.004924, -1, 12, 0, 0
0.005124, 42, -17, 0, 0
0.005324, -3, 25, 0, 0
0.005526, -13, 18, 0, 0
0.005724, 0, 0, 0, 0
0.005924, -9, 28, 0, 0
0.006124, -1, 12, 0, 0
0.006324, -2, -23, 0, 0
0.006526, -21, 33, 0, 0
0.006724, 36, -57, 0, 0
0.006924, -14, 24, 0, 0
0.007124, -7, 15, 0, 0
0.007324, -7, 15, 0, 0
0.007524, 0, 0, 0, 0
0.007724, -18, 7, 0, 0
0.007924, -6, 2, 0, 0
0.008124, 3, -25, 0, 0
0.008324, 8, -114, 0, 0
0.008524, 2, 23, 0, 0
0.008724, -4, -10, 0, 0
0.008924, -7, 15, 0, 0
0.009124, -4, -10, 0, 0
0.009324, 28, -42, 0, 0
0.009522, 12, -4, 0, 0
0.009726, 12, -5, 0, 0
0.009924, -13, 17, 0, 0
0.010124, 40, -4, 0, 0
0.010324, 5, 4, 0, 0
0.010524, -1, 12, 0, 0
0.010726, -1, 12, 0, 0
0.010924, 0, 0, 0, 0
0.011124, -6, 2, 0, 0
0.011324, 0, 0, 0, 0
0.011526, -7, 15, 0, 0
0.011722, 40, -3, 0, 0
0.011924, 0, 0, 0, 0
0.012124, 8, -100, 0, 0
0.012324, -1, 12, 0, 0
0.012524, 1, -12, 0, 0
0.012724, 12, -4, 0, 0
0.012924, -9, 28, 0, 0
0.013124, 2, 23, 0, 0
0.013326, 42, -17, 0, 0
0.013524, 6, -2, 0, 0
0.013724, 12, -4, 0, 0
0.013926, -1, 12, 0, 0
0.014126, -9, 28, 0, 0
0.014324, 4, 10, 0, 0
0.014526, -1, 12, 0, 0
0.014724, 7, -15, 0, 0
0.014924, 10, 7, 0, 0
0.015126, -18, 7, 0, 0
0.015324, -9, 28, 0, 0
0.015524, -48, 19, 0, 0
0.015724, -19, 13, 0, 0
0.015924, -18, 7, 0, 0
0.016124, -6, 2, 0, 0
0.016324, 1, -12, 0, 0
0.016524, 139, -56, 0, 0
0.016726, -6, 2, 0, 0
0.016924, -6, 2, 0, 0
0.017124, 1, -12, 0, 0
0.017324, 1, -12, 0, 0
0.017524, 0, 0, 0, 0
0.017724, 54, -21, 0, 0
0.017924, 10, 8, 0, 0
0.018124, -7, 15, 0, 0
0.018326, 6, -2, 0, 0
0.018524, -39, 40, 0, 0
0.018724, -3, 25, 0, 0
0.018926, 0, 0, 0, 0
0.019124, 6, -2, 0, 0
0.019326, 0, -6, 0, 0
0.019524, -6, 2, 0, 0
0.019724, -6, 2, 0, 0
0.019924, -6, 8, 0, 0
0.020124, -4, -10, 0, 0
0.020324, -17, 80, 0, 0
0.020524, -7, 15, 0, 0
0.020724, -1, 12, 0, 0
0.020924, 28, -35, 0, 0
0.021126, 0, 0, 0, 0
0.021322, -14, 17, 0, 0
0.021524, -7, 15, 0, 0
0.021724, -5, -4, 0, 0
0.021924, 0, 0, 0, 0
0.022124, 43, -30, 0, 0
0.022324, 0, 0, 0, 0
0.022524, -9, 28, 0, 0
0.022724, -6, 2, 0, 0
0.022926, 3, 16, 0, 0
0.023124, -9, 28, 0, 0
0.023324, -7, 15, 0, 0
0.023524, 12, -4, 0, 0
0.023724, -9, 28, 0, 0
0.023924, -6, 2, 0, 0
0.024124, 46, -6, 0, 0
0.024324, -3, 25, 0, 0
0.024524, -7, 15, 0, 0
0.024724, -6, 2, 0, 0
0.024926, 2, 23, 0, 0
0.025124, -1, 12, 0, 0
0.025324, -7, 15, 0, 0
0.025524, -6, 2, 0, 0
0.025724, 0, 0, 0, 0
0.025924, -6, 2, 0, 0
0.026126, -18, 7, 0, 0
0.026324, -2, -23, 0, 0
0.026524, 3, -75, 0, 0
0.026724, 8, 20, 0, 0
0.026924, -1, 12, 0, 0
0.027124, -3, 25, 0, 0
0.027324, -1, 12, 0, 0
0.027524, -14, 17, 0, 0
0.027724, 1, -12, 0, 0
0.027924, 39, -40, 0, 0
0.028124, 1, -12, 0, 0
0.028324, -3, 25, 0, 0
0.028524, -19, 20, 0, 0
0.028726, 42, -17, 0, 0
0.028924, 1, -12, 0, 0
0.029124, 42, -17, 0, 0
0.029324, -6, 2, 0, 0
0.029524, -6, 2, 0, 0
0.029724, -1, 12, 0, 0
0.029924, 60, -24, 0, 0
0.030124, -7, 15, 0, 0
0.030324, -6, 2, 0, 0
0.030524, 18, -7, 0, 0
0.030722, 1, -49, 0, 0
0.030924, -20, 105, 0, 0
0.031124, -2, 19, 0, 0
0.031324, 24, 26, 0, 0
0.031526, -1, 12, 0, 0
0.031724, -6, 2, 0, 0
0.031924, -1, 12, 0, 0
0.032124, 1, -49, 0, 0
0.032324, -26, 194, 0, 0
0.032524, 12, -11, 0, 0
0.032724, 7, -51, 0, 0
0.032924, -9, 28, 0, 0
0.033124, -9, 28, 0, 0
0.033324, -54, 22, 0, 0
0.033524, 2, 23, 0, 0
0.033724, -4, -10, 0, 0
0.033924, -112, 69, 0, 0
0.034124, -3, 25, 0, 0
0.034324, -7, 15, 0, 0
0.034524, -3, 25, 0, 0
0.034726, -6, 2, 0, 0
0.034924, -6, 2, 0, 0
0.035124, -6, 2, 0, 0
0.035324, -9, 28, 0, 0
0.035524, -1, 12, 0, 0
0.035724, 12, -4, 0, 0
0.035924, 35, 34, 0, 0
0.036124, -4, -10, 0, 0
0.036324, -6, 2, 0, 0
0.036524, -1, 12, 0, 0
0.036724, -7, 15, 0, 0
0.036924, -20, 20, 0, 0
0.037124, -4, -10, 0, 0
0.037324, -6, 2, 0, 0
0.037526, 1, -12, 0, 0
0.037724, 40, -4, 0, 0
0.037924, -1, 12, 0, 0
0.038126, -3, -16, 0, 0
0.038324, -23, 46, 0, 0
0.038524, -5, 38, 0, 0
0.038724, 0, 0, 0, 0
0.038924, 0, 0, 0, 0
0.039124, 6, -2, 0, 0
0.039326, -6, 2, 0, 0
0.039524, 0, 0, 0, 0
0.039724, -3, 25, 0, 0
0.040122, -16, 30, 0, 0
0.040324, -3, 25, 0, 0
0.040524, 22, -33, 0, 0
0.040724, -7, 15, 0, 0
0.040924, -6, 2, 0, 0
0.041124, -3, 25, 0, 0
0.041324, -6, 2, 0, 0
0.041524, -4, -10, 0, 0
0.041726, 16, 5, 0, 0
0.041922, 42, -16, 0, 0
0.042124, -3, 25, 0, 0
0.042324, -12, 90, 0, 0
0.042524, -6, 2, 0, 0
0.042724, 1, -12, 0, 0
0.042924, -6, 2, 0, 0
0.043124, -19, 20, 0, 0
0.043322, -1, 12, 0, 0
0.043524, 16, 5, 0, 0
0.043724, -9, 28, 0, 0
0.043924, -93, 20, 0, 0
0.044122, 46, -6, 0, 0
0.044324, 42, -17, 0, 0
0.044524, -4, -10, 0, 0
0.044724, 2, 23, 0, 0
0.044926, 38, 8, 0, 0
0.045124, -18, 92, 0, 0
0.045324, 12, -5, 0, 0
0.045524, -38, 27, 0, 0
0.045724, -6, 2, 0, 0
0.045924, -1, 12, 0, 0
0.046124, -6, 2, 0, 0
0.046324, 4, 10, 0, 0
0.046524, 0, 0, 0, 0
0.046724, -9, 28, 0, 0
0.046924, -4, -10, 0, 0
0.047124, 18, -7, 0, 0
0.047324, 6, -2, 0, 0
0.047524, -7, 51, 0, 0
0.047724, -7, 15, 0, 0
0.047926, -1, 12, 0, 0
0.048122, 2, 23, 0, 0
0.048324, 16, -80, 0, 0
0.048524, -111, 56, 0, 0
0.048724, 1, -12, 0, 0
0.048924, 16, 5, 0, 0
0.049124, -3, 25, 0, 0
0.049324, -7, 15, 0, 0
0.049524, -7, 15, 0, 0
0.049724, -6, 2, 0, 0
0.049924, 1, -12, 0, 0
0.050124, 48, -19, 0, 0
0.050324, -13, 17, 0, 0
0.050524, -7, 15, 0, 0
0.050724, -1, 12, 0, 0
0.050924, -6, 2, 0, 0
0.051126, -7, 15, 0, 0
0.051324, -100, 64, 0, 0
0.051524, -7, 15, 0, 0
0.051724, 8, 20, 0, 0
0.051926, 42, -17, 0, 0
0.052122, -5, 38, 0, 0
0.052324, 0, 0, 0, 0
0.052524, 0, 0, 0, 0
0.052724, -7, 15, 0, 0
0.052924, 11, 1, 0, 0
0.053124, -7, 15, 0, 0
0.053324, 6, -2, 0, 0
0.053524, -1, 12, 0, 0
0.053724, -3, 25, 0, 0
0.053924, 2, 23, 0, 0
0.054324, -50, 32, 0, 0
0.054524, 6, -2, 0, 0
0.054724, -3, 25, 0, 0
0.054924, 6, -2, 0, 0
0.055124, -7, 15, 0, 0
0.055324, 12, -4, 0, 0
0.055524, -13, 17, 0, 0
0.055724, -23, 46, 0, 0
0.055922, -1, 12, 0, 0
0.056124, -56, 35, 0, 0
0.056324, -3, 25, 0, 0
0.056524, -6, 2, 0, 0
0.056724, 1, -12, 0, 0
0.056924, -18, 7, 0, 0
0.057124, -1, 12, 0, 0
0.057324, 8, 21, 0, 0
0.057524, -3, 25, 0, 0
0.057724, -7, 15, 0, 0
0.057926, 12, -5, 0, 0
0.058124, -6, 2, 0, 0
0.058324, -1, 12, 0, 0
0.058522, -8, 15, 0, 0
0.058724, 0, 0, 0, 0
0.058924, 0, 0, 0, 0
0.059124, 0, 0, 0, 0
0.059324, -7, 15, 0, 0
0.059522, 4, 10, 0, 0
0.059724, -7, 15, 0, 0
0.059924, -17, 43, 0, 0
0.060124, 0, 0, 0, 0
0.060324, 0, 0, 0, 0
0.060524, 1, -12, 0, 0
0.060724, 8, 21, 0, 0
0.060924, -1, 12, 0, 0
0.061124, -7, 15, 0, 0
0.061324, -7, 15, 0, 0
0.061524, -14, 24, 0, 0
0.061724, -134, 67, 0, 0
0.061926, 42, -17, 0, 0
0.062124, -7, 15, 0, 0
0.062324, -7, 15, 0, 0
0.062524, 0, 0, 0, 0
0.062724, -3, 25, 0, 0
0.062924, 39, -149, 0, 0
0.063124, 0, 0, 0, 0
0.063324, -6, 2, 0, 0
0.063524, 14, 18, 0, 0
0.063724, 1, -12, 0, 0
0.063924, 8, 20, 0, 0
0.064124, -3, 25, 0, 0
0.064324, -6, 2, 0, 0
0.064524, -6, 2, 0, 0
0.064724, 40, -4, 0, 0
0.064924, 4, 10, 0, 0
0.065124, -9, 28, 0, 0
0.065324, 0, 0, 0, 0
0.065524, -17, 43, 0, 0
0.065724, -7, 15, 0, 0
0.065924, -4, -10, 0, 0
0.066124, -9, 28, 0, 0
0.066324, 44, -29, 0, 0
0.066524, -7, 15, 0, 0
0.066724, 4, 10, 0, 0
0.066924, -6, 2, 0, 0
0.067124, -6, 2, 0, 0
0.067324, -7, 15, 0, 0
0.067524, 0, 0, 0, 0
0.067724, -15, 30, 0, 0
0.067924, -4, -10, 0, 0
0.068124, -21, 118, 0, 0
0.068324, -7, 15, 0, 0
0.068524, -7, 15, 0, 0
0.068724, -1, 12, 0, 0
0.068924, -7, 15, 0, 0
0.069124, 4, 10, 0, 0
0.069322, -4, 25, 0, 0
0.069524, -4, -10, 0, 0
0.069724, 6, -2, 0, 0
0.069924, 7, -15, 0, 0
0.070124, -106, 68, 0, 0
0.070322, 12, -4, 0, 0
0.070524, -8, 21, 0, 0
0.070722, -6, 2, 0, 0
0.070924, 50, -32, 0, 0
0.071126, -9, 28, 0, 0
0.071324, -1, 12, 0, 0
0.071524, -9, 28, 0, 0
0.071724, 0, 0, 0, 0
0.071924, -9, 28, 0, 0
0.072124, -9, 28, 0, 0
0.072324, -9, 28, 0, 0
0.072524, 42, -17, 0, 0
0.072724, -7, 15, 0, 0
0.072924, -13, 17, 0, 0
0.073124, -6, 2, 0, 0
0.073324, -9, 28, 0, 0
0.073524, -9, 28, 0, 0
0.073724, -7, 15, 0, 0
0.073924, -1, 12, 0, 0
0.074122, -14, 17, 0, 0
0.074324, -34, 1, 0, 0
0.074524, 12, -4, 0, 0
0.074724, -6, 2, 0, 0
0.074924, 38, 8, 0, 0
0.075124, -9, 28, 0, 0
0.075324, 6, -2, 0, 0
0.075524, -7, 15, 0, 0
0.075724, 1, -12, 0, 0
0.075924, -1, 12, 0, 0
0.076124, -37, 63, 0, 0
0.076324, -15, 30, 0, 0
0.076524, -6, 2, 0, 0
0.076724, -4, -10, 0, 0
0.076924, 6, -2, 0, 0
0.077124, -3, 25, 0, 0
0.077324, -7, 15, 0, 0
0.077524, -9, 28, 0, 0
0.077724, 12, -4, 0, 0
0.077924, 0, 0, 0, 0
0.078124, -6, 2, 0, 0
0.078326, 7, -15, 0, 0
0.078524, -9, 28, 0, 0
0.078724, -1, 12, 0, 0
0.078922, -6, 2, 0, 0
0.079124, 7, -15, 0, 0
0.079324, 3, -25, 0, 0
0.079524, 10, 7, 0, 0
0.079724, -9, 28, 0, 0
0.079924, -18, 93, 0, 0
0.080124, 4, 10, 0, 0
0.080324, -19, 20, 0, 0
0.080524, -9, 28, 0, 0
0.080724, 0, 0, 0, 0
0.080924, -6, 2, 0, 0
0.081124, 0, 0, 0, 0
0.081324, -6, 2, 0, 0
0.081524, -7, 15, 0, 0
0.081724, -4, -10, 0, 0
0.081924, 0, 0, 0, 0
0.082124, 1, -12, 0, 0
0.082324, -1, 12, 0, 0
0.082524, 0, 0, 0, 0
0.082724, 1, -12, 0, 0
0.082924, 14, 18, 0, 0
0.083122, 38, 9, 0, 0
0.083324, -7, 15, 0, 0
0.083522, 0, 0, 0, 0
0.083724, -1, 12, 0, 0
0.083924, -7, 15, 0, 0
0.084124, 0, 0, 0, 0
0.084322, 8, 129, 0, 0
0.084522, 12, -4, 0, 0
0.084724, -4, -10, 0, 0
0.084924, -6, 2, 0, 0
0.085124, -6, 2, 0, 0
0.085322, -4, 25, 0, 0
0.085524, -9, 28, 0, 0
0.085726, -1, 12, 0, 0
0.085924, 33, -37, 0, 0
0.086124, -20, 20, 0, 0
0.086324, -9, 28, 0, 0
0.086522, 20, 16, 0, 0
0.086724, -4, -83, 0, 0
0.086924, -38, 27, 0, 0
0.087124, 12, -4, 0, 0
0.087522, -4, -10, 0, 0
0.087724, 0, 0, 0, 0
0.087924, 42, -16, 0, 0
0.088124, -1, 12, 0, 0
0.088324, 115, -45, 0, 0
0.088524, -3, 25, 0, 0
0.088724, 16, 5, 0, 0
0.088924, -17, 43, 0, 0
0.089124, 46, -6, 0, 0
0.089324, -9, 28, 0, 0
0.089522, -4, -10, 0, 0
0.089722, 2, 23, 0, 0
0.089924, 40, -4, 0, 0
0.090124, -1, 12, 0, 0
0.090324, 40, -4, 0, 0
0.090524, -9, 28, 0, 0
0.090724, -3, 25, 0, 0
0.090922, 1, -12, 0, 0
0.091124, -15, 30, 0, 0
0.091324, 40, -3, 0, 0
0.091524, 0, 0, 0, 0
0.091724, 0, 0, 0, 0
0.091924, 12, -4, 0, 0
0.092122, -10, 28, 0, 0
0.092324, -1, 12, 0, 0
0.092524, -7, 15, 0, 0
0.092722, -2, 12, 0, 0
0.092924, -4, -10, 0, 0
0.093124, -7, 15, 0, 0
0.093322, -1, 12, 0, 0
0.093524, 38, 8, 0, 0
0.093722, 40, -3, 0, 0
0.093922, -8, 15, 0, 0
0.094122, -8, 15, 0, 0
0.094322, -8, 15, 0, 0
0.094522, -8, 15, 0, 0
0.094724, 12, -4, 0, 0
0.094924, -7, 15, 0, 0
0.095122, -9, 28, 0, 0
0.095322, -10, 28, 0, 0
0.095524, -7, 15, 0, 0
0.095722, -1, 12, 0, 0
0.095924, 5, -75, 0, 0
0.096122, -12, 4, 0, 0
0.096324, -9, 28, 0, 0
0.096522, 0, 0, 0, 0
0.096724, -19, 20, 0, 0
0.096922, -3, 25, 0, 0
0.097124, -3, 25, 0, 0
0.097324, -20, 20, 0, 0
0.097524, -19, 92, 0, 0
0.097724, -4, -10, 0, 0
0.097924, 0, 0, 0, 0
0.098124, -7, 15, 0, 0
0.098324, -7, 15, 0, 0
0.098524, -7, 15, 0, 0
0.098724, -4, -10, 0, 0
0.098924, 44, -29, 0, 0
0.099124, -1, 12, 0, 0
0.099324, -21, 33, 0, 0
0.099522, -58, 83, 0, 0
0.099722, -9, 28, 0, 0
0.099924, 29, -121, 0, 0
0.000122, 42, -16, 0, 0
0.000324, 0, 0, 0, 0
0.000524, -9, 28, 0, 0
0.000724, 1, -12, 0, 0
0.000924, -7, 15, 0, 0
0.001124, -9, 28, 0, 0
0.001322, 38, 9, 0, 0
0.001524, -6, 2, 0, 0
0.001724, 4, 10, 0, 0
0.001924, 1, -12, 0, 0
0.002122, -37, 232, 0, 0
0.002324, -14, 17, 0, 0
0.002522, 0, 0, 0, 0
0.002724, -3, 25, 0, 0
0.002924, -3, 25, 0, 0
0.003124, -6, 2, 0, 0
0.003322, -6, 38, 0, 0
0.003524, 4, -32, 0, 0
0.003722, -8, 15, 0, 0
0.003922, -6, 2, 0, 0
0.004124, 38, 8, 0, 0
0.004324, -3, 25, 0, 0
0.004524, -6, 2, 0, 0
0.004724, 0, 0, 0, 0
0.004924, 0, 0, 0, 0
0.005122, 0, 6, 0, 0
0.005322, 0, 0, 0, 0
0.005522, 42, -16, 0, 0
0.005724, 0, 0, 0, 0
0.005924, -15, 30, 0, 0
0.006122, -24, 45, 0, 0
0.006322, 18, -7, 0, 0
0.006524, -9, 28, 0, 0
0.006724, -20, 20, 0, 0
0.006922, -20, 20, 0, 0
0.007122, 30, -11, 0, 0
0.007324, 0, 0, 0, 0
0.007522, -8, 15, 0, 0
0.007722, 12, -4, 0, 0
0.007922, -8, 15, 0, 0
0.008122, 34, -37, 0, 0
0.008324, 40, -3, 0, 0
0.008522, 1, -12, 0, 0
0.008722, -17, 37, 0, 0
0.008924, -15, 30, 0, 0
0.009122, -64, 85, 0, 0
0.009322, -4, -10, 0, 0
0.009522, -24, 9, 0, 0
0.009722, -54, 21, 0, 0
0.009924, -3, 25, 0, 0
0.010122, 30, -11, 0, 0
0.010322, -2, 12, 0, 0
0.010522, -7, -27, 0, 0
0.010724, -37, -58, 0, 0
0.010924, -1, 12, 0, 0
0.011122, -10, 28, 0, 0
0.011324, -14, 24, 0, 0
0.011524, 4, 10, 0, 0
0.011724, 42, -16, 0, 0
0.011924, -4, -10, 0, 0
0.012124, -6, 2, 0, 0
0.012322, -8, 15, 0, 0
0.012522, -8, 15, 0, 0
0.012722, -12, 41, 0, 0
0.012924, -14, 24, 0, 0
0.013124, -6, 2, 0, 0
0.013322, 6, -2, 0, 0
0.013522, 6, -2, 0, 0
0.013722, -20, 92, 0, 0
0.013922, -4, -10, 0, 0
0.014122, 0, 0, 0, 0
0.014322, -1, 12, 0, 0
0.014524, 6, -2, 0, 0
0.014722, 0, 0, 0, 0
0.014924, -9, 28, 0, 0
0.015124, -7, 15, 0, 0
0.015322, -1, 12, 0, 0
0.015522, 2, -12, 0, 0
0.015724, 1, -12, 0, 0
0.015922, -2, 12, 0, 0
0.016124, 6, -2, 0, 0
0.016324, -32, 24, 0, 0
0.016522, -6, 2, 0, 0
0.016722, -21, 26, 0, 0
0.016922, -4, -10, 0, 0
0.017122, 22, -33, 0, 0
0.017324, -13, 11, 0, 0
0.017524, 47, -12, 0, 0
0.017722, 0, 0, 0, 0
0.017924, 10, 8, 0, 0
0.018124, 1, -12, 0, 0
0.018322, -9, 28, 0, 0
0.018524, 40, -3, 0, 0
0.018722, 10, 8, 0, 0
0.018922, 6, -2, 0, 0
0.019124, -6, 2, 0, 0
0.019322, 2, -12, 0, 0
0.019522, -34, 37, 0, 0
0.019722, -6, 2, 0, 0
0.019922, 6, -2, 0, 0
0.020124, -7, 15, 0, 0
0.020322, 4, 10, 0, 0
0.020524, -23, 46, 0, 0
0.020722, 18, -7, 0, 0
0.020922, -4, -10, 0, 0
0.021122, -8, 15, 0, 0
0.021322, -8, 15, 0, 0
0.021524, -6, 2, 0, 0
0.021722, -4, 32, 0, 0
0.021924, -4, -10, 0, 0
0.022124, -1, 12, 0, 0
0.022322, 12, -4, 0, 0
0.022522, -1, 12, 0, 0
0.022724, -6, 2, 0, 0
0.022922, 44, -29, 0, 0
0.023124, -4, -10, 0, 0
0.023322, 1, -12, 0, 0
0.023522, -10, 28, 0, 0
0.023722, -107, 66, 0, 0
0.023922, -9, 28, 0, 0
0.024122, 103, -112, 0, 0
0.024322, -2, 12, 0, 0
0.024522, 10, 8, 0, 0
0.024722, 6, -2, 0, 0
0.024922, -2, -53, 0, 0
0.025122, -10, 28, 0, 0
0.025324, -7, 15, 0, 0
0.025524, -34, 1, 0, 0
0.025722, 0, 0, 0, 0
0.025924, 2, -19, 0, 0
0.026124, -1, 12, 0, 0
0.026322, -2, 12, 0, 0
0.026524, -7, 15, 0, 0
0.026722, -6, 2, 0, 0
0.026922, 8, -15, 0, 0
0.027322, 44, -29, 0, 0
0.027522, -4, -10, 0, 0
0.027722, -8, 15, 0, 0
0.027924, -3, 25, 0, 0
0.028122, -4, -10, 0, 0
0.028322, 0, 0, 0, 0
0.028522, -1, 12, 0, 0
0.028722, -2, 12, 0, 0
0.028922, -6, 2, 0, 0
0.029122, -6, 2, 0, 0
0.029322, -2, -23, 0, 0
0.029522, -8, 15, 0, 0
0.029724, 23, -118, 0, 0
0.029922, 40, -3, 0, 0
0.030122, -21, 135, 0, 0
0.030322, -8, 15, 0, 0
0.030524, -1, 12, 0, 0
0.030724, -3, 25, 0, 0
0.030924, 4, 10, 0, 0
0.031124, 40, -3, 0, 0
0.031322, -20, 19, 0, 0
0.031524, -3, 25, 0, 0
0.031722, 10, 8, 0, 0
0.031922, -6, 2, 0, 0
0.032122, -24, 45, 0, 0
0.032322, 52, -8, 0, 0
0.032522, -12, 4, 0, 0
0.032724, 12, -4, 0, 0
0.032922, -16, 30, 0, 0
0.033124, -11, 41, 0, 0
0.033322, -14, 17, 0, 0
0.033522, -8, 15, 0, 0
0.033722, -4, -10, 0, 0
0.033924, 0, 0, 0, 0
0.034122, 12, -4, 0, 0
0.034322, 2, -12, 0, 0
0.034524, 42, -16, 0, 0
0.034722, -1, 12, 0, 0
0.034922, -4, 25, 0, 0
0.035122, 0, 0, 0, 0
0.035322, -5, -4, 0, 0
0.035522, 14, -90, 0, 0
0.035722, -22, 32, 0, 0
0.035922, 91, -35, 0, 0
0.036122, 2, -12, 0, 0
0.036322, 24, -9, 0, 0
0.036522, 5, -38, 0, 0
0.036722, -10, 28, 0, 0
0.036924, 42, -16, 0, 0
0.037122, -8, 15, 0, 0
0.037322, -6, 2, 0, 0
0.037522, 12, -4, 0, 0
0.037722, -22, 32, 0, 0
0.037924, -4, -10, 0, 0
0.038122, -4, -10, 0, 0
0.038322, 5, -38, 0, 0
0.038522, 53, -14, 0, 0
0.038722, -14, 17, 0, 0
0.038922, -8, 15, 0, 0
0.039124, 38, 8, 0, 0
0.039322, 28, 1, 0, 0
0.039522, -14, 17, 0, 0
0.039722, -18, 7, 0, 0
0.039922, -6, 2, 0, 0
0.040122, 6, -2, 0, 0
0.040322, -4, -10, 0, 0
0.040522, 2, -12, 0, 0
0.040722, -8, 15, 0, 0
0.040922, -8, 15, 0, 0
0.041122, -6, 2, 0, 0
0.041322, 0, 0, 0, 0
0.041522, 12, -41, 0, 0
0.041722, 12, -4, 0, 0
0.041922, 37, -50, 0, 0
0.042122, -6, 2, 0, 0
0.042322, 1, 23, 0, 0
0.042522, -6, 2, 0, 0
0.042724, 38, 8, 0, 0
0.042922, 44, -29, 0, 0
0.043124, -9, 28, 0, 0
0.043322, 0, 0, 0, 0
0.043522, 16, 5, 0, 0
0.043722, -2, 12, 0, 0
0.043922, -9, 28, 0, 0
0.044124, -6, 2, 0, 0
0.044322, 0, 0, 0, 0
0.044522, 5, -75, 0, 0
0.044722, -2, 12, 0, 0
0.044924, 7, -15, 0, 0
0.045122, -6, 2, 0, 0
0.045322, 12, -4, 0, 0
0.045522, -1, 12, 0, 0
0.045722, 42, -16, 0, 0
0.045922, -4, 25, 0, 0
0.046122, -4, 25, 0, 0
0.046322, -6, 2, 0, 0
0.046522, 0, 0, 0, 0
0.046722, -1, -23, 0, 0
0.046922, -2, 12, 0, 0
0.047122, 0, 36, 0, 0
0.047322, -8, 15, 0, 0
0.047522, -6, 2, 0, 0
0.047722, -11, 41, 0, 0
0.047922, 40, -3, 0, 0
0.048122, -18, 43, 0, 0
0.048322, 0, 0, 0, 0
0.048522, -4, 25, 0, 0
0.048722, -18, 6, 0, 0
0.048922, -3, -10, 0, 0
0.049122, -6, 2, 0, 0
0.049322, -9, 28, 0, 0
0.049522, -6, 2, 0, 0
0.049722, -6, 2, 0, 0
0.049922, -8, 15, 0, 0
0.050122, -6, 2, 0, 0
0.050324, -4, -10, 0, 0
0.050522, -9, -50, 0, 0
0.050722, 0, 0, 0, 0
0.050922, -2, 12, 0, 0
0.051122, 0, 0, 0, 0
0.051322, -2, 12, 0, 0
0.051522, 40, -2, 0, 0
0.051728, 2, -12, 0, 0
0.051922, -2, 12, 0, 0
0.052122, -14, 17, 0, 0
0.052322, -24, 45, 0, 0
0.052522, -16, 103, 0, 0
0.052722, 0, 0, 0, 0
0.052922, -2, 12, 0, 0
0.053122, -4, 25, 0, 0
0.053322, 0, 0, 0, 0
0.053522, -22, 32, 0, 0
0.053724, -4, -10, 0, 0
0.053922, -6, 2, 0, 0
0.054122, -8, 15, 0, 0
0.054322, -10, 28, 0, 0
0.054522, 42, -16, 0, 0
0.054722, -4, -10, 0, 0
0.054922, -4, -10, 0, 0
0.055124, 0, 0, 0, 0
0.055322, -18, 43, 0, 0
0.055522, 44, -29, 0, 0
0.055722, -22, 32, 0, 0
0.055922, 2, -12, 0, 0
0.056122, -6, 2, 0, 0
0.056322, -34, 1, 0, 0
0.056522, -6, 2, 0, 0
0.056722, -2, 12, 0, 0
0.056922, -4, -10, 0, 0
0.057122, 1, -12, 0, 0
0.057322, 2, -12, 0, 0
0.057524, 6, -2, 0, 0
0.057724, -21, 33, 0, 0
0.057922, -60, -13, 0, 0
0.058122, 0, 0, 0, 0
0.058322, -9, 21, 0, 0
0.058524, -9, 28, 0, 0
0.058722, -2, 12, 0, 0
0.058922, 8, -15, 0, 0
0.059124, -7, 15, 0, 0
0.059322, 6, -2, 0, 0
0.059522, 10, 8, 0, 0
0.059722, -59, 46, 0, 0
0.059922, -56, 33, 0, 0
0.060128, -18, 6, 0, 0
0.060322, 6, -2, 0, 0
0.060522, -6, 2, 0, 0
0.060722, -59, 46, 0, 0
0.060922, -2, 12, 0, 0
0.061122, 30, -11, 0, 0
0.061322, -16, 30, 0, 0
0.061522, 0, 0, 0, 0
0.061722, -4, -10, 0, 0
0.061922, 12, -4, 0, 0
0.062122, 14, -17, 0, 0
0.062322, -22, 32, 0, 0
0.062522, -8, 15, 0, 0
0.062722, 0, 0, 0, 0
0.062922, -2, 12, 0, 0
0.063122, -46, 78, 0, 0
0.063322, 6, -2, 0, 0
0.063522, -6, 2, 0, 0
0.063722, 8, -15, 0, 0
0.063928, -3, -10, 0, 0
0.064122, -6, 2, 0, 0
0.064322, 0, 0, 0, 0
0.064522, 0, 0, 0, 0
0.064722, -6, 2, 0, 0
0.064922, -4, -10, 0, 0
0.065122, -2, -23, 0, 0
0.065324, -6, 2, 0, 0
0.065522, -8, 15, 0, 0
0.065722, -4, -10, 0, 0
0.065922, -10, 28, 0, 0
0.066122, -9, 21, 0, 0
0.066322, 33, 5, 0, 0
0.066522, 6, -38, 0, 0
0.066722, 2, 23, 0, 0
0.066922, 44, -29, 0, 0
0.067122, -8, 15, 0, 0
0.067322, -4, -10, 0, 0
0.067522, 1, 23, 0, 0
0.067722, -1, 12, 0, 0
0.067922, -18, 43, 0, 0
0.068122, -6, 2, 0, 0
0.068324, -7, 15, 0, 0
0.068522, -4, 25, 0, 0
0.068724, -9, 28, 0, 0
0.068922, -2, 12, 0, 0
0.069122, 8, -15, 0, 0
0.069322, -2, 12, 0, 0
0.069522, -2, 12, 0, 0
0.069722, 0, 0, 0, 0
0.069922, -4, -10, 0, 0
0.070122, 4, 10, 0, 0
0.070324, -6, 2, 0, 0
0.070524, -7, 15, 0, 0
0.070722, 18, -7, 0, 0
0.070922, -6, 2, 0, 0
0.071122, -2, 12, 0, 0
0.071322, 35, -7, 0, 0
0.071522, 0, 0, 0, 0
0.071722, -8, 15, 0, 0
0.071922, -8, 15, 0, 0
0.072122, 2, -12, 0, 0
0.072322, 40, -3, 0, 0
0.072522, 2, 23, 0, 0
0.072722, -6, 2, 0, 0
0.072922, -8, 15, 0, 0
0.073122, -4, -10, 0, 0
0.073522, -4, -10, 0, 0
0.073722, -20, 19, 0, 0
0.073922, 6, -2, 0, 0
0.074122, 0, 0, 0, 0
0.074322, -50, 31, 0, 0
0.074522, -18, 7, 0, 0
0.074722, -2, 12, 0, 0
0.074922, -22, 32, 0, 0
0.075122, -6, 2, 0, 0
0.075322, -10, 28, 0, 0
0.075522, -10, 28, 0, 0
0.075722, 12, -4, 0, 0
0.075922, -2, 12, 0, 0
0.076122, 2, -12, 0, 0
0.076322, 28, -35, 0, 0
0.076522, 0, 0, 0, 0
0.076722, -8, 15, 0, 0
0.076922, 38, 9, 0, 0
0.077122, 18, -6, 0, 0
0.077324, -6, 2, 0, 0
0.077522, -2, 12, 0, 0
0.077722, -10, 28, 0, 0
0.077922, 26, 86, 0, 0
0.078122, -52, 8, 0, 0
0.078322, -24, 118, 0, 0
0.078522, -20, 19, 0, 0
0.078722, 2, -12, 0, 0
0.078922, 93, -47, 0, 0
0.079122, 38, 9, 0, 0
0.079322, -2, 12, 0, 0
0.079522, -3, 25, 0, 0
0.079722, -4, -10, 0, 0
0.079922, -56, 34, 0, 0
0.080122, -8, 15, 0, 0
0.080322, 40, -3, 0, 0
0.080522, 1, -12, 0, 0
0.080722, 14, -17, 0, 0
0.080922, 0, 0, 0, 0
0.081124, -6, 2, 0, 0
0.081324, -30, 134, 0, 0
0.081522, -6, 2, 0, 0
0.081722, 0, 0, 0, 0
0.081922, 8, 21, 0, 0
0.082122, -6, 2, 0, 0
0.082328, 38, 10, 0, 0
0.082522, -10, 28, 0, 0
0.082722, 8, -15, 0, 0
0.082922, -38, 26, 0, 0
0.083122, 2, -12, 0, 0
0.083322, -8, 15, 0, 0
0.083522, 12, -4, 0, 0
0.083722, 10, 8, 0, 0
0.083922, -3, 25, 0, 0
0.084122, 2, -12, 0, 0
0.084324, 0, 0, 0, 0
0.084522, 2, -12, 0, 0
0.084722, -30, 11, 0, 0
0.084922, -12, 4, 0, 0
0.085122, 0, 0, 0, 0
0.085322, -2, 12, 0, 0
0.085522, -2, 12, 0, 0
0.085722, -8, 15, 0, 0
0.085922, 2, -12, 0, 0
0.086122, -4, 25, 0, 0
0.086322, 40, -3, 0, 0
0.086522, -4, 25, 0, 0
0.086722, -6, 2, 0, 0
0.086922, 14, -17, 0, 0
0.087122, 8, 21, 0, 0
0.087322, -2, 12, 0, 0
0.087522, 24, -9, 0, 0
0.087722, -10, 28, 0, 0
0.087922, -6, 2, 0, 0
0.088122, -18, 43, 0, 0
0.088322, -4, -10, 0, 0
0.088522, 3, 10, 0, 0
0.088722, -23, 118, 0, 0
0.088922, -6, 2, 0, 0
0.089122, -8, 15, 0, 0
0.089322, -18, 6, 0, 0
0.089522, -10, 28, 0, 0
0.089722, -73, 28, 0, 0
0.089922, -6, 2, 0, 0
0.090122, 4, -25, 0, 0
0.090322, -2, 12, 0, 0
0.090522, -2, 12, 0, 0
0.090722, 56, -93, 0, 0
0.090922, -10, 28, 0, 0
0.091122, -8, 15, 0, 0
0.091322, 1, -12, 0, 0
0.091522, 6, -75, 0, 0
0.091722, -8, 15, 0, 0
0.091922, -8, 15, 0, 0
0.092122, -2, 12, 0, 0
0.092322, -14, 17, 0, 0
0.092522, -14, 90, 0, 0
0.092722, -3, 25, 0, 0
0.092922, 38, 9, 0, 0
0.093122, 0, 0, 0, 0
0.093322, -8, 15, 0, 0
0.093522, 2, -12, 0, 0
0.093722, 48, -55, 0, 0
0.093924, -15, 30, 0, 0
0.094122, -8, 15, 0, 0
0.094322, 10, 8, 0, 0
0.094522, 1, 23, 0, 0
0.094722, 40, -3, 0, 0
0.094922, -10, -8, 0, 0
0.095122, -8, 15, 0, 0
0.095322, -4, -10, 0, 0
0.095522, -2, 12, 0, 0
0.095722, -6, 2, 0, 0
0.096128, 0, 0, 0, 0
0.096322, 0, 0, 0, 0
0.096522, 2, -12, 0, 0
0.096722, -2, 12, 0, 0
0.096922, 1, 23, 0, 0
0.097122, -3, -10, 0, 0
0.097322, -4, -10, 0, 0
0.097522, -11, -1, 0, 0
0.097722, -24, 45, 0, 0
0.097922, -24, 45, 0, 0
0.098122, 0, 0, 0, 0
0.098322, -42, 16, 0, 0
0.098522, -2, 12, 0, 0
0.098722, -6, 2, 0, 0
0.098922, -8, 15, 0, 0
0.099122, -8, 15, 0, 0
0.099322, 38, 9, 0, 0
0.099522, -8, 15, 0, 0
0.099722, 4, 10, 0, 0
0.099922, -4, -10, 0, 0
0.000122, 26, 13, 0, 0
0.000322, -3, -10, 0, 0
0.000522, -20, 19, 0, 0
0.000722, 24, 27, 0, 0
0.000924, -23, 45, 0, 0
0.001122, 42, -16, 0, 0
0.001322, 0, 0, 0, 0
0.001522, 16, -139, 0, 0
0.001722, -4, 25, 0, 0
0.001922, -10, 28, 0, 0
0.002122, -2, 12, 0, 0
0.002322, -2, 12, 0, 0
0.002522, -8, 15, 0, 0
0.002722, 2, -12, 0, 0
0.002922, -65, 84, 0, 0
0.003122, -4, -10, 0, 0
0.003322, 14, -17, 0, 0
0.003522, -10, 28, 0, 0
0.003722, 38, 9, 0, 0
0.003924, 42, -16, 0, 0
0.004122, -3, 25, 0, 0
0.004322, 154, -36, 0, 0
0.004522, -18, 6, 0, 0
0.004722, 87, -9, 0, 0
0.004922, 10, 8, 0, 0
0.005122, -20, 20, 0, 0
0.005522, 1, 23, 0, 0
0.005724, -1, 12, 0, 0
0.005922, 1, 23, 0, 0
0.006122, -8, 15, 0, 0
0.006322, 2, -12, 0, 0
0.006522, -6, 2, 0, 0
0.006722, 12, -4, 0, 0
0.006922, -8, 15, 0, 0
0.007122, 20, -19, 0, 0
0.007322, -2, 12, 0, 0
0.007522, -2, 12, 0, 0
0.007722, -2, 12, 0, 0
0.007928, -10, 27, 0, 0
0.008122, -52, 8, 0, 0
0.008328, 40, -2, 0, 0
0.008522, -2, 12, 0, 0
0.008722, -6, 2, 0, 0
0.008922, -12, 40, 0, 0
0.009122, 0, 0, 0, 0
0.009322, 38, 9, 0, 0
0.009522, -6, 2, 0, 0
0.009722, -79, 30, 0, 0
0.009922, -8, 15, 0, 0
0.010122, -4, -10, 0, 0
0.010322, 0, -6, 0, 0
0.010522, -4, 25, 0, 0
0.010722, 0, 0, 0, 0
0.010922, -24, 45, 0, 0
0.011122, -14, 17, 0, 0
0.011322, 9, 14, 0, 0
0.011522, -6, 2, 0, 0
0.011722, 10, 8, 0, 0
0.011922, -10, 28, 0, 0
0.012122, 0, 0, 0, 0
0.012322, 0, 0, 0, 0
0.012522, -1, 12, 0, 0
0.012722, 0, 0, 0, 0
0.012922, 2, -12, 0, 0
0.013122, -9, 28, 0, 0
0.013322, -6, 2, 0, 0
0.013522, -8, 15, 0, 0
0.013722, -4, 25, 0, 0
0.013924, 2, 23, 0, 0
0.014122, -8, 15, 0, 0
0.014322, -2, 12, 0, 0
0.014528, 2, -12, 0, 0
0.014722, 45, -28, 0, 0
0.014922, -2, 12, 0, 0
0.015122, 0, 0, 0, 0
0.015322, -18, 43, 0, 0
0.015522, 117, -58, 0, 0
0.015722, 0, 0, 0, 0
0.015922, -22, 32, 0, 0
0.016122, 0, 0, 0, 0
0.016322, 12, -4, 0, 0
0.016522, -6, 2, 0, 0
0.016722, -2, 12, 0, 0
0.016922, -10, 28, 0, 0
0.017122, -8, 15, 0, 0
0.017322, -16, 30, 0, 0
0.017522, -4, -10, 0, 0
0.017722, -8, 15, 0, 0
0.017922, -6, 2, 0, 0
0.018122, 16, 5, 0, 0
0.018322, -16, 30, 0, 0
0.018522, -4, 25, 0, 0
0.018722, -4, 25, 0, 0
0.018922, 42, -16, 0, 0
0.019122, -14, 17, 0, 0
0.019322, -3, 25, 0, 0
0.019522, -2, 12, 0, 0
0.019728, -6, 2, 0, 0
0.019922, -38, 26, 0, 0
0.020122, -8, 15, 0, 0
0.020322, 0, 0, 0, 0
0.020522, -38, 27, 0, 0
0.020722, -8, 15, 0, 0
0.020922, -30, 11, 0, 0
0.021124, -3, 25, 0, 0
0.021322, 32, 11, 0, 0
0.021522, 26, 13, 0, 0
0.021722, 26, -22, 0, 0
0.021922, -4, -10, 0, 0
0.022122, 40, -3, 0, 0
0.022322, 4, -62, 0, 0
0.022524, -3, 25, 0, 0
0.022722, -6, 2, 0, 0
0.022922, -6, 2, 0, 0
0.023122, 12, -4, 0, 0
0.023322, 0, 0, 0, 0
0.023522, -22, 32, 0, 0
0.023722, 12, -4, 0, 0
0.023922, 24, -9, 0, 0
0.024122, 2, -12, 0, 0
0.024322, -4, 25, 0, 0
0.024522, 0, 0, 0, 0
0.024722, 69, -38, 0, 0
0.024922, 42, -16, 0, 0
0.025122, 0, 0, 0, 0
0.025322, -6, 2, 0, 0
0.025522, -6, 2, 0, 0
0.025722, -8, 15, 0, 0
0.025922, 22, 3, 0, 0
0.026122, -21, 92, 0, 0
0.026322, 120, -68, 0, 0
0.026522, -36, 195, 0, 0
0.026722, -4, 25, 0, 0
0.026922, -10, 28, 0, 0
0.027122, -22, 32, 0, 0
0.027322, -6, 2, 0, 0
0.027522, -2, 12, 0, 0
0.027722, -10, 28, 0, 0
0.027922, -18, 6, 0, 0
0.028122, -6, 2, 0, 0
0.028322, 0, 0, 0, 0
0.028522, -15, 23, 0, 0
0.028722, -2, 12, 0, 0
0.028924, 30, -12, 0, 0
0.029122, -4, 25, 0, 0
0.029322, -9, 28, 0, 0
0.029522, -22, 32, 0, 0
0.029722, 4, -25, 0, 0
0.029922, -4, 25, 0, 0
0.030128, 2, -12, 0, 0
0.030322, 42, -16, 0, 0
0.030522, 2, -12, 0, 0
0.030722, 0, 0, 0, 0
0.030922, 1, 23, 0, 0
0.031122, -34, 109, 0, 0
0.031322, -8, 15, 0, 0
0.031522, -10, 64, 0, 0
0.031724, 46, -6, 0, 0
0.031922, -8, 15, 0, 0
0.032122, -8, 15, 0, 0
0.032322, -4, -10, 0, 0
0.032522, 2, -12, 0, 0
0.032722, 12, -4, 0, 0
0.033122, -4, 25, 0, 0
0.033322, -34, 37, 0, 0
0.033522, -10, 28, 0, 0
0.033722, -10, 28, 0, 0
0.033922, 14, -17, 0, 0
0.034122, -72, 64, 0, 0
0.034322, -19, 129, 0, 0
0.034522, -1, -23, 0, 0
0.034722, -54, 21, 0, 0
0.034922, -4, 25, 0, 0
0.035122, -8, 15, 0, 0
0.035328, 2, -12, 0, 0
0.035522, -28, -1, 0, 0
0.035722, 40, -3, 0, 0
0.035922, -4, -10, 0, 0
0.036122, 2, -12, 0, 0
0.036324, -6, 2, 0, 0
0.036522, 2, -12, 0, 0
0.036724, 0, 0, 0, 0
0.036922, -3, -10, 0, 0
0.037122, -3, 25, 0, 0
0.037322, -8, 15, 0, 0
0.037522, 32, -24, 0, 0
0.037722, -8, 15, 0, 0
0.037922, -6, 2, 0, 0
0.038122, 26, 13, 0, 0
0.038322, 0, 0, 0, 0
0.038528, 2, 17, 0, 0
0.038724, 0, 0, 0, 0
0.038922, -4, 25, 0, 0
0.039124, 42, -16, 0, 0
0.039322, -10, 28, 0, 0
0.039522, -40, 39, 0, 0
0.039722, 2, 23, 0, 0
0.039922, -4, 25, 0, 0
0.040122, -2, 12, 0, 0
0.040322, -8, 15, 0, 0
0.040524, 6, -2, 0, 0
0.040722, -10, 28, 0, 0
0.040922, 24, -9, 0, 0
0.041122, -6, 2, 0, 0
0.041322, 1, -12, 0, 0
0.041522, -4, -10, 0, 0
0.041722, 2, -12, 0, 0
0.041922, -2, 12, 0, 0
0.042122, -6, 2, 0, 0
0.042322, -4, -10, 0, 0
0.042522, -4, -10, 0, 0
0.042722, 18, -6, 0, 0
0.042922, 8, -15, 0, 0
0.043122, 0, 0, 0, 0
0.043322, -20, 19, 0, 0
0.043522, -4, 25, 0, 0
0.043722, -6, 2, 0, 0
0.043922, 0, 0, 0, 0
0.044122, -2, 12, 0, 0
0.044328, -55, 20, 0, 0
0.044522, -2, 12, 0, 0
0.044722, 4, 10, 0, 0
0.044922, -1, 12, 0, 0
0.045122, -6, 2, 0, 0
0.045322, -9, 28, 0, 0
0.045522, -6, 2, 0, 0
0.045722, 0, 0, 0, 0
0.045922, -4, 25, 0, 0
0.046122, -14, 17, 0, 0
0.046322, -4, -10, 0, 0
0.046522, -10, 28, 0, 0
0.046722, -4, -10, 0, 0
0.046922, -10, 28, 0, 0
0.047122, -8, 15, 0, 0
0.047322, -2, 12, 0, 0
0.047522, -8, 15, 0, 0
0.047722, -17, 102, 0, 0
0.047922, -8, 15, 0, 0
0.048122, -10, 28, 0, 0
0.048322, -6, 2, 0, 0
0.048522, -4, 25, 0, 0
0.048722, -9, 28, 0, 0
0.048922, -10, 28, 0, 0
0.049122, 10, 8, 0, 0
0.049322, -10, 28, 0, 0
0.049522, -62, 72, 0, 0
0.049722, -6, 2, 0, 0
0.049922, -2, 12, 0, 0
0.050122, -8, 15, 0, 0
0.050322, -10, 28, 0, 0
0.050524, -9, 28, 0, 0
0.050722, 40, -3, 0, 0
0.050922, 3, 10, 0, 0
0.051122, -3, 25, 0, 0
0.051322, -10, 28, 0, 0
0.051524, -14, 17, 0, 0
0.051722, -6, 2, 0, 0
0.051922, -6, 2, 0, 0
0.052124, -61, 73, 0, 0
0.052322, 0, 0, 0, 0
0.052522, 8, -15, 0, 0
0.052722, -8, 15, 0, 0
0.052922, 12, -4, 0, 0
0.053122, 0, 0, 0, 0
0.053322, 0, 0, 0, 0
0.053522, 0, 0, 0, 0
0.053722, -10, 28, 0, 0
0.053922, -6, 2, 0, 0
0.054122, -8, 15, 0, 0
0.054324, -36, 14, 0, 0
0.054524, -6, 2, 0, 0
0.054722, -8, 15, 0, 0
0.054922, 2, -12, 0, 0
0.055122, -6, 2, 0, 0
0.055322, -2, 12, 0, 0
0.055522, 28, -35, 0, 0
0.055722, -6, 2, 0, 0
0.055922, -18, 43, 0, 0
0.056122, 12, -4, 0, 0
0.056322, 2, -12, 0, 0
0.056522, -105, 53, 0, 0
0.056722, 0, 0, 0, 0
0.056922, -8, 15, 0, 0
0.057122, 4, 10, 0, 0
0.057322, -8, 15, 0, 0
0.057522, -22, -3, 0, 0
0.057722, -4, 25, 0, 0
0.057922, -6, 2, 0, 0
0.058122, -10, 28, 0, 0
0.058322, 0, 0, 0, 0
0.058522, -4, 25, 0, 0
0.058722, -12, 40, 0, 0
0.058922, -4, -10, 0, 0
0.059122, -6, 2, 0, 0
0.059322, 184, -46, 0, 0
0.059522, -150, 81, 0, 0
0.059722, 38, 9, 0, 0
0.059922, 12, -4, 0, 0
0.060122, -14, 17, 0, 0
0.060324, 0, 0, 0, 0
0.060522, -8, 15, 0, 0
0.060722, 0, -36, 0, 0
0.060922, 44, -29, 0, 0
0.061122, -20, 19, 0, 0
0.061322, 0, 0, 0, 0
0.061522, -4, -10, 0, 0
0.061722, -6, 2, 0, 0
0.061922, 2, -12, 0, 0
0.062122, 12, -4, 0, 0
0.062322, 1, -12, 0, 0
0.062522, 0, 0, 0, 0
0.062724, -4, -10, 0, 0
0.062922, 22, 3, 0, 0
0.063122, 3, -19, 0, 0
0.063322, -8, 15, 0, 0
0.063522, -2, 12, 0, 0
0.063722, -48, 18, 0, 0
0.063922, -4, -10, 0, 0
0.064122, 10, 8, 0, 0
0.064322, -2, 12, 0, 0
0.064522, -10, 28, 0, 0
0.064722, -22, 32, 0, 0
0.064924, -3, 25, 0, 0
0.065124, -6, 2, 0, 0
0.065324, -6, 2, 0, 0
0.065522, 0, 0, 0, 0
0.065724, -9, 28, 0, 0
0.065922, -6, 2, 0, 0
0.066122, -4, -10, 0, 0
0.066322, 2, -12, 0, 0
0.066522, 14, -17, 0, 0
0.066722, -6, 2, 0, 0
0.066922, -7, 8, 0, 0
0.067122, -3, 25, 0, 0
0.067322, -8, 15, 0, 0
0.067522, -1, 12, 0, 0
0.067722, -6, 2, 0, 0
0.067922, -3, 25, 0, 0
0.068122, -10, 28, 0, 0
0.068322, -27, 28, 0, 0
0.068522, -8, 15, 0, 0
0.068722, 2, -12, 0, 0
0.068922, -4, -10, 0, 0
0.069122, -56, 34, 0, 0
0.069322, -9, 28, 0, 0
0.069522, 0, 0, 0, 0
0.069722, -2, 12, 0, 0
0.069922, -2, 12, 0, 0
0.070122, 6, -2, 0, 0
0.070322, -12, 4, 0, 0
0.070522, 40, -3, 0, 0
0.070724, 10, 8, 0, 0
0.070922, 15, -24, 0, 0
0.071122, -4, 25, 0, 0
0.071322, -17, 36, 0, 0
0.071522, -8, 15, 0, 0
0.071722, -6, 2, 0, 0
0.071922, -4, -10, 0, 0
0.072122, -10, 28, 0, 0
0.072322, -4, -10, 0, 0
0.072522, -10, 28, 0, 0
0.072722, 1, -12, 0, 0
0.072922, -3, -10, 0, 0
0.073122, -6, 2, 0, 0
0.073322, -8, 15, 0, 0
0.073524, -6, 2, 0, 0
0.073722, -8, 15, 0, 0
0.073922, 44, -28, 0, 0
0.074122, -4, 25, 0, 0
0.074322, -4, -10, 0, 0
0.074522, 12, -4, 0, 0
0.074722, 12, -4, 0, 0
0.074922, 28, 1, 0, 0
0.075122, -1, 12, 0, 0
0.075322, -6, 2, 0, 0
0.075522, -12, 4, 0, 0
0.075722, -6, 2, 0, 0
0.075922, -8, 15, 0, 0
0.076122, -1, 12, 0, 0
0.076322, 2, -12, 0, 0
0.076522, -8, 15, 0, 0
0.076722, -8, 15, 0, 0
0.076928, -8, 15, 0, 0
0.077122, 40, -3, 0, 0
0.077322, -4, 25, 0, 0
0.077522, 12, -4, 0, 0
0.077722, 42, -16, 0, 0
0.077924, 1, -12, 0, 0
0.078122, 0, 0, 0, 0
0.078322, -8, 15, 0, 0
0.078522, -6, 2, 0, 0
0.078722, -4, -10, 0, 0
0.078922, 26, -58, 0, 0
0.079122, 38, 9, 0, 0
0.079322, 44, -29, 0, 0
0.079522, 3, -25, 0, 0
0.079722, -8, 15, 0, 0
0.079922, -1, 6, 0, 0
0.080122, 7, 21, 0, 0
0.080322, -4, 25, 0, 0
0.080522, 0, 0, 0, 0
0.080722, -8, 15, 0, 0
0.080922, -8, 15, 0, 0
0.081122, -8, 15, 0, 0
0.081322, 0, 0, 0, 0
0.081522, -6, 2, 0, 0
0.081722, -2, 12, 0, 0
0.081922, -2, 12, 0, 0
0.082122, -1, 12, 0, 0
0.082322, -6, 2, 0, 0
0.082522, -8, 15, 0, 0
0.082722, -15, 90, 0, 0
0.082922, 24, 27, 0, 0
0.083122, -10, 28, 0, 0
0.083322, -6, 2, 0, 0
0.083522, -30, 11, 0, 0
0.083722, -22, 32, 0, 0
0.083922, -18, 6, 0, 0
0.084122, -8, 15, 0, 0
0.084324, -40, 3, 0, 0
0.084522, 6, -2, 0, 0
0.084722, -6, 2, 0, 0
0.084922, -3, -10, 0, 0
0.085122, -9, 28, 0, 0
0.085322, -8, 15, 0, 0
0.085522, -2, 12, 0, 0
0.085722, 6, -2, 0, 0
0.085922, -18, 43, 0, 0
0.086122, 0, 0, 0, 0
0.086322, -2, 12, 0, 0
0.086522, -8, 15, 0, 0
0.086722, -4, 25, 0, 0
0.086922, -2, 12, 0, 0
0.087122, -8, 15, 0, 0
0.087322, 0, 0, 0, 0
0.087522, -6, 2, 0, 0
0.087722, 0, 0, 0, 0
0.087922, -8, 15, 0, 0
0.088122, 0, 0, 0, 0
0.088322, 2, -12, 0, 0
0.088522, 2, -12, 0, 0
0.088722, -10, 28, 0, 0
0.088922, -4, 25, 0, 0
0.089122, -14, 53, 0, 0
0.089324, -9, 28, 0, 0
0.089522, 8, 21, 0, 0
0.089722, 8, -87, 0, 0
0.089922, -6, 2, 0, 0
0.090122, -2, 12, 0, 0
0.090322, 1, 23, 0, 0
0.090522, -9, 28, 0, 0
0.090722, -5, -4, 0, 0
0.090922, 12, -4, 0, 0
0.091122, -8, 15, 0, 0
0.091522, 40, -3, 0, 0
0.091722, -6, 2, 0, 0
0.091922, -10, 28, 0, 0
0.092122, -8, 15, 0, 0
0.092322, 1, 23, 0, 0
0.092522, 10, 8, 0, 0
0.092722, -4, 25, 0, 0
0.092922, 0, 0, 0, 0
0.093122, -4, 25, 0, 0
0.093322, -4, 25, 0, 0
0.093524, -6, 2, 0, 0
0.093724, -9, 28, 0, 0
0.093922, -1, -23, 0, 0
0.094124, 24, 26, 0, 0
0.094322, -4, 25, 0, 0
0.094522, -2, -23, 0, 0
0.094722, 2, -12, 0, 0
0.094922, 0, 0, 0, 0
0.095122, -3, -10, 0, 0
0.095322, -6, 2, 0, 0
0.095522, -6, 2, 0, 0
0.095722, 2, -12, 0, 0
0.095922, -8, 15, 0, 0
0.096322, -6, 2, 0, 0
0.096522, 0, 0, 0, 0
0.096722, -2, 12, 0, 0
0.096922, -4, 25, 0, 0
0.097122, -2, 12, 0, 0
0.097322, -8, 15, 0, 0
0.097522, -6, 2, 0, 0
0.097722, -16, 30, 0, 0
0.097922, -22, 32, 0, 0
0.098122, -8, 15, 0, 0
0.098322, -2, 19, 0, 0
0.098522, -6, 2, 0, 0
0.098722, -8, 15, 0, 0
0.098922, -6, 2, 0, 0
0.099124, -13, 11, 0, 0
0.099322, -6, 2, 0, 0
0.099522, 4, 10, 0, 0
0.099722, 0, 0, 0, 0
0.099922, -8, 15, 0, 0
0.000122, 9, -21, 0, 0
0.000322, 6, -2, 0, 0
0.000522, -8, 15, 0, 0
0.000722, 26, 14, 0, 0
0.000922, -22, 32, 0, 0
0.001122, -26, 22, 0, 0
0.001322, 0, 0, 0, 0
0.001522, -6, 2, 0, 0
0.001722, -6, 2, 0, 0
0.001922, -40, 39, 0, 0
0.002122, -30, 11, 0, 0
0.002322, -6, 2, 0, 0
0.002522, -20, 20, 0, 0
0.002722, -8, 15, 0, 0
0.002922, -2, 12, 0, 0
0.003122, 6, -2, 0, 0
0.003322, -4, 25, 0, 0
0.003522, -6, 2, 0, 0
0.003722, -3, -10, 0, 0
0.003922, 6, -2, 0, 0
0.004122, -8, 15, 0, 0
0.004322, -6, 2, 0, 0
0.004522, -11, -1, 0, 0
0.004722, -22, 32, 0, 0
0.004922, -10, 28, 0, 0
0.005122, -2, 12, 0, 0
0.005322, 40, -3, 0, 0
0.005522, 6, -2, 0, 0
0.005722, -18, 6, 0, 0
0.005922, 12, -4, 0, 0
0.006122, 42, -16, 0, 0
0.006322, 51, -68, 0, 0
0.006524, -7, 15, 0, 0
0.006722, -14, 17, 0, 0
0.006922, 0, 0, 0, 0
0.007122, -4, -10, 0, 0
0.007322, -22, 32, 0, 0
0.007522, -8, 15, 0, 0
0.007722, 2, -12, 0, 0
0.007922, -9, 28, 0, 0
0.008122, -6, 2, 0, 0
0.008322, 4, -25, 0, 0
0.008522, 13, 177, 0, 0
0.008722, 2, -12, 0, 0
0.008922, 8, 21, 0, 0
0.009122, 42, -16, 0, 0
0.009322, -8, 15, 0, 0
0.009522, 8, -15, 0, 0
0.009722, -10, 28, 0, 0
0.009922, -22, 105, 0, 0
0.010122, 9, 14, 0, 0
0.010322, -8, 15, 0, 0
0.010522, 8, 21, 0, 0
0.010722, -10, 28, 0, 0
0.010922, 0, 0, 0, 0
0.011122, -2, 12, 0, 0
0.011322, 12, -4, 0, 0
0.011522, 0, 0, 0, 0
0.011722, -10, 28, 0, 0
0.011922, 2, -12, 0, 0
0.012122, -8, 15, 0, 0
0.012322, -2, 12, 0, 0
0.012522, -6, 2, 0, 0
0.012722, 0, 0, 0, 0
0.012924, -7, 15, 0, 0
0.013122, -22, 32, 0, 0
0.013322, 6, -2, 0, 0
0.013522, -8, 15, 0, 0
0.013722, -8, 15, 0, 0
0.013922, -4, -10, 0, 0
0.014122, -2, 12, 0, 0
0.014322, -6, 2, 0, 0
0.014524, -4, -10, 0, 0
0.014724, 1, -12, 0, 0
0.014924, -9, 28, 0, 0
0.015122, 3, 10, 0, 0
0.015324, -7, 15, 0, 0
0.015522, -48, 18, 0, 0
0.015722, 9, -21, 0, 0
0.015922, -8, 15, 0, 0
0.016122, -100, 21, 0, 0
0.016322, 44, -28, 0, 0
0.016522, 6, -75, 0, 0
0.016722, 40, -3, 0, 0
0.016922, -22, 32, 0, 0
0.017122, -18, 43, 0, 0
0.017324, 42, -16, 0, 0
0.017522, -8, 15, 0, 0
0.017722, 38, 9, 0, 0
0.017922, -8, 15, 0, 0
0.018122, -7, 8, 0, 0
0.018322, -48, 90, 0, 0
0.018522, -21, 92, 0, 0
0.018722, 12, -4, 0, 0
0.018924, -93, 133, 0, 0
0.019122, -20, 92, 0, 0
0.019322, -10, 28, 0, 0
0.019522, -4, -10, 0, 0
0.019722, -10, 28, 0, 0
0.019922, 13, -113, 0, 0
0.020122, -8, 15, 0, 0
0.020322, -22, 32, 0, 0
0.020522, 1, -6, 0, 0
0.020722, 69, -38, 0, 0
0.020922, -10, 28, 0, 0
0.021122, 5, -75, 0, 0
0.021322, 2, -12, 0, 0
0.021522, -8, 15, 0, 0
0.021722, 0, 0, 0, 0
0.021922, -8, 15, 0, 0
0.022122, 7, -8, 0, 0
0.022322, -11, -1, 0, 0
0.022522, -6, 2, 0, 0
0.022722, -4, -10, 0, 0
0.022922, -10, 28, 0, 0
0.023122, -4, 25, 0, 0
0.023322, -134, 51, 0, 0
0.023522, -8, 15, 0, 0
0.023722, -4, 25, 0, 0
0.023922, -8, 15, 0, 0
0.024122, -4, 25, 0, 0
0.024322, -10, 28, 0, 0
0.024522, -6, 2, 0, 0
0.024722, -23, 2, 0, 0
0.024922, -2, 12, 0, 0
0.025122, -6, 2, 0, 0
0.025322, 89, -21, 0, 0
0.025522, -20, 19, 0, 0
0.025722, -6, 2, 0, 0
0.025922, -8, 15, 0, 0
0.026122, -6, 2, 0, 0
0.026322, -24, 45, 0, 0
0.026522, -2, 12, 0, 0
0.026722, -16, 30, 0, 0
0.026922, -6, 2, 0, 0
0.027122, -26, 22, 0, 0
0.027322, -4, 25, 0, 0
0.027522, -6, 2, 0, 0
0.027722, -9, 28, 0, 0
0.027922, 38, 9, 0, 0
0.028122, 1, 23, 0, 0
0.028322, 0, 0, 0, 0
0.028522, 0, 0, 0, 0
0.028722, -9, 28, 0, 0
0.028922, -10, 28, 0, 0
0.029122, -3, 25, 0, 0
0.029322, -4, -10, 0, 0
0.029522, -8, 15, 0, 0
0.029722, 38, 9, 0, 0
0.029922, -6, 2, 0, 0
0.030122, 0, 0, 0, 0
0.030322, -1, 12, 0, 0
0.030522, -8, 15, 0, 0
0.030722, -3, -10, 0, 0
0.030922, 8, -15, 0, 0
0.031122, -10, 28, 0, 0
0.031322, 42, -16, 0, 0
0.031522, -10, 28, 0, 0
0.031722, -22, -3, 0, 0
0.031922, -6, 2, 0, 0
0.032122, -2, 12, 0, 0
0.032322, -6, 2, 0, 0
0.032522, -4, -10, 0, 0
0.032722, -6, 2, 0, 0
0.032922, 0, 0, 0, 0
0.033122, 41, -39, 0, 0
0.033322, -6, 2, 0, 0
0.033522, -10, 28, 0, 0
0.033728, -8, 15, 0, 0
0.033922, -3, -10, 0, 0
0.034122, -6, 2, 0, 0
0.034322, 8, 21, 0, 0
0.034522, -10, 28, 0, 0
0.034722, -93, 83, 0, 0
0.034924, -7, 15, 0, 0
0.035122, 6, -2, 0, 0
0.035322, -6, 2, 0, 0
0.035522, -6, 2, 0, 0
0.035722, -6, 2, 0, 0
0.035922, -8, 15, 0, 0
0.036122, -18, 43, 0, 0
0.036322, -6, 2, 0, 0
0.036522, -18, 7, 0, 0
0.036722, 0, 0, 0, 0
0.036922, 0, 0, 0, 0
0.037122, -9, 21, 0, 0
0.037322, 5, 4, 0, 0
0.037522, 42, -16, 0, 0
0.037722, -4, -10, 0, 0
0.037922, -8, 15, 0, 0
0.038122, -11, -1, 0, 0
0.038322, -4, 25, 0, 0
0.038524, -7, 15, 0, 0
0.038722, 6, -2, 0, 0
0.038922, -6, 2, 0, 0
0.039122, -3, -10, 0, 0
0.039322, 7, 21, 0, 0
0.039522, -20, 19, 0, 0
0.039722, -24, 45, 0, 0
0.039922, -2, 12, 0, 0
0.040122, -2, 12, 0, 0
0.040322, -8, 15, 0, 0
0.040522, -4, 25, 0, 0
0.040722, -8, 15, 0, 0
0.040922, 140, -52, 0, 0
0.041122, -2, 12, 0, 0
0.041322, 6, -2, 0, 0
0.041522, -1, 6, 0, 0
0.041722, -8, 15, 0, 0
0.041922, 7, 21, 0, 0
0.042122, -8, 15, 0, 0
0.042322, -6, 2, 0, 0
0.042522, -6, 2, 0, 0
0.042722, 10, 8, 0, 0
0.042922, 0, 0, 0, 0
0.043122, -9, 28, 0, 0
0.043322, -39, 99, 0, 0
0.043522, -6, 2, 0, 0
0.043722, 1, -12, 0, 0
0.043924, -3, 25, 0, 0
0.044122, -6, 2, 0, 0
0.044322, -20, 20, 0, 0
0.044524, -4, -10, 0, 0
0.044722, -6, 2, 0, 0
0.044922, -6, 2, 0, 0
0.045122, 1, 23, 0, 0
0.045322, -12, 41, 0, 0
0.045522, -9, 28, 0, 0
0.045724, 0, 0, 0, 0
0.045922, -4, -10, 0, 0
0.046122, -9, 28, 0, 0
0.046322, 0, 0, 0, 0
0.046522, -10, 28, 0, 0
0.046722, -4, 25, 0, 0
0.046928, 3, 10, 0, 0
0.047122, -8, 15, 0, 0
0.047322, -4, -10, 0, 0
0.047522, 24, -9, 0, 0
0.047722, -18, 43, 0, 0
0.047922, -4, -10, 0, 0
0.048122, -2, 12, 0, 0
0.048322, -10, 28, 0, 0
0.048522, -8, 15, 0, 0
0.048722, -2, 12, 0, 0
0.048922, 40, -3, 0, 0
0.049122, 0, 0, 0, 0
0.049322, -3, 25, 0, 0
0.049524, 8, 21, 0, 0
0.049722, -6, 2, 0, 0
0.049922, -1, 12, 0, 0
0.050122, -14, 17, 0, 0
0.050322, 42, -16, 0, 0
0.050522, 8, -15, 0, 0
0.050722, -2, 12, 0, 0
0.050922, 44, -29, 0, 0
0.051122, 18, -7, 0, 0
0.051322, -6, 2, 0, 0
0.051522, -8, 15, 0, 0
0.051722, 42, -16, 0, 0
0.051922, -6, 2, 0, 0
0.052122, -6, 2, 0, 0
0.052322, -22, 32, 0, 0
0.052522, -8, 15, 0, 0
0.052722, -6, 2, 0, 0
0.052922, -6, 2, 0, 0
0.053122, 6, -2, 0, 0
0.053322, 38, 9, 0, 0
0.053522, -8, 15, 0, 0
0.053722, 40, -3, 0, 0
0.053922, -3, -10, 0, 0
0.054122, -8, 15, 0, 0
0.054324, 1, -12, 0, 0
0.054522, -10, 28, 0, 0
0.054722, -9, 28, 0, 0
0.054922, -6, 2, 0, 0
0.055122, -6, 2, 0, 0
0.055322, 0, 0, 0, 0
0.055522, 5, -75, 0, 0
0.055724, -4, -10, 0, 0
0.055922, -8, 15, 0, 0
0.056122, -6, 2, 0, 0
0.056322, -16, 30, 0, 0
0.056522, -6, 2, 0, 0
0.056722, -20, 19, 0, 0
0.056924, 0, 0, 0, 0
0.057122, -8, 15, 0, 0
0.057322, 0, 0, 0, 0
0.057522, -3, 25, 0, 0
0.057722, -10, 28, 0, 0
0.057922, 2, -12, 0, 0
0.058122, 0, 0, 0, 0
0.058324, -6, 2, 0, 0
0.058522, 0, 0, 0, 0
0.058722, -6, 2, 0, 0
0.058922, 28, 1, 0, 0
0.059122, -10, 28, 0, 0
0.059322, -52, 44, 0, 0
0.059522, -6, 2, 0, 0
0.059722, 6, -2, 0, 0
0.059922, 40, -3, 0, 0
0.060124, -18, 7, 0, 0
0.060322, -10, 28, 0, 0
0.060522, -8, 15, 0, 0
0.060722, -10, 28, 0, 0
0.060922, -8, 15, 0, 0
0.061122, -53, 117, 0, 0
0.061322, -8, 15, 0, 0
0.061522, 2, 23, 0, 0
0.061722, 4, 10, 0, 0
0.061922, -4, -10, 0, 0
0.062122, -8, 15, 0, 0
0.062322, 0, 0, 0, 0
0.062522, -4, 25, 0, 0
0.062722, 3, 10, 0, 0
0.062924, -4, 111, 0, 0
0.063122, -4, -10, 0, 0
0.063322, -6, 2, 0, 0
0.063522, -1, 12, 0, 0
0.063722, -11, -1, 0, 0
0.063922, 6, -2, 0, 0
0.064122, -6, 2, 0, 0
0.064322, -8, 15, 0, 0
0.064522, -4, -10, 0, 0
0.064724, -1, 12, 0, 0
0.064922, -6, 2, 0, 0
0.065122, -54, 20, 0, 0
0.065322, -14, 17, 0, 0
0.065522, 2, -12, 0, 0
0.065722, -42, 16, 0, 0
0.065922, 0, 0, 0, 0
0.066122, -6, 2, 0, 0
0.066322, -4, 25, 0, 0
0.066522, -4, 25, 0, 0
0.066722, -3, 25, 0, 0
0.066922, -51, 31, 0, 0
0.067122, -1, 12, 0, 0
0.067322, 14, 18, 0, 0
0.067522, -9, 21, 0, 0
0.067722, -56, 69, 0, 0
0.067922, -8, 15, 0, 0
0.068122, -16, 30, 0, 0
0.068322, -24, 45, 0, 0
0.068522, -10, 28, 0, 0
0.068722, -6, 2, 0, 0
0.068922, 2, -12, 0, 0
0.069122, 42, -16, 0, 0
0.069322, -1, -23, 0, 0
0.069522, -4, 25, 0, 0
0.069722, -10, 28, 0, 0
0.069922, -6, 2, 0, 0
0.070122, 40, -3, 0, 0
0.070322, -3, -10, 0, 0
0.070522, -10, 28, 0, 0
0.070724, -36, 14, 0, 0
0.070922, -8, 15, 0, 0
0.071122, -22, 32, 0, 0
0.071322, -8, 15, 0, 0
0.071522, 2, -12, 0, 0
0.071722, -8, 15, 0, 0
0.071922, -9, 28, 0, 0
0.072122, 1, 23, 0, 0
0.072322, 2, 23, 0, 0
0.072522, -6, 2, 0, 0
0.072722, -2, 12, 0, 0
0.072922, -103, 39, 0, 0
0.073122, -6, 2, 0, 0
0.073322, 12, -4, 0, 0
0.073522, -10, 28, 0, 0
0.073722, -6, 2, 0, 0
0.073922, -6, 2, 0, 0
0.074122, 14, -17, 0, 0
0.074322, -18, 6, 0, 0
0.074522, -9, 28, 0, 0
0.074722, -6, 2, 0, 0
0.074922, -8, 15, 0, 0
0.075122, 9, -100, 0, 0
0.075322, -16, 30, 0, 0
0.075522, 2, 23, 0, 0
0.075722, 7, 21, 0, 0
0.075922, -10, 28, 0, 0
0.076122, -6, 2, 0, 0
0.076322, -4, -10, 0, 0
0.076522, 6, -2, 0, 0
0.076722, -18, 43, 0, 0
0.076924, -7, 15, 0, 0
0.077122, 8, 21, 0, 0
0.077322, -4, 25, 0, 0
0.077522, -8, 15, 0, 0
0.077722, -6, 2, 0, 0
0.077924, -9, 28, 0, 0
0.078122, -2, 12, 0, 0
0.078322, 0, 0, 0, 0
0.078522, -20, 20, 0, 0
0.078724, -7, 15, 0, 0
0.078922, -8, 15, 0, 0
0.079122, 40, -3, 0, 0
0.079322, -62, 72, 0, 0
0.079522, -4, -10, 0, 0
0.079922, 6, -2, 0, 0
0.080122, -24, 45, 0, 0
0.080322, -8, 15, 0, 0
0.080522, -18, 7, 0, 0
0.080724, 0, 6, 0, 0
0.080922, 0, -6, 0, 0
0.081122, -4, -10, 0, 0
0.081322, -13, 11, 0, 0
0.081522, -1, -23, 0, 0
0.081722, -18, -29, 0, 0
0.081922, -8, 15, 0, 0
0.082122, 0, 0, 0, 0
0.082322, -6, 2, 0, 0
0.082522, -4, -10, 0, 0
0.082722, 2, -12, 0, 0
0.082922, 6, -2, 0, 0
0.083122, -10, 28, 0, 0
0.083322, 0, 0, 0, 0
0.083522, -3, 25, 0, 0
0.083724, -7, 15, 0, 0
0.083922, 24, 26, 0, 0
0.084122, -2, 12, 0, 0
0.084322, 40, -3, 0, 0
0.084522, -8, 15, 0, 0
0.084722, 3, -19, 0, 0
0.084922, -19, 92, 0, 0
0.085122, -4, 25, 0, 0
0.085322, -6, 2, 0, 0
0.085522, 0, 0, 0, 0
0.085722, -4, -10, 0, 0
0.085922, -4, 25, 0, 0
0.086122, -6, 2, 0, 0
0.086322, 2, 23, 0, 0
0.086522, 40, -3, 0, 0
0.086722, 8, 21, 0, 0
0.086922, -4, 25, 0, 0
0.087122, -56, 33, 0, 0
0.087322, 3, 10, 0, 0
0.087522, -10, 28, 0, 0
0.087722, 0, 0, 0, 0
0.087922, -8, 15, 0, 0
0.088122, -16, 30, 0, 0
0.088322, -8, 15, 0, 0
0.088522, 40, -3, 0, 0
0.088722, -4, 25, 0, 0
0.088922, -18, 43, 0, 0
0.089122, -6, 2, 0, 0
0.089322, -18, 43, 0, 0
0.089522, 91, -35, 0, 0
0.089722, -4, -10, 0, 0
0.089922, -8, 15, 0, 0
0.090122, 37, -20, 0, 0
0.090322, 115, -44, 0, 0
0.090524, -9, 28, 0, 0
0.090722, -10, 28, 0, 0
0.090924, -6, 2, 0, 0
0.091122, 0, 0, 0, 0
0.091322, -2, 12, 0, 0
0.091522, 4, 10, 0, 0
0.091722, -8, 15, 0, 0
0.091922, 2, -12, 0, 0
0.092122, -10, 28, 0, 0
0.092322, 0, 0, 0, 0
0.092522, 40, -3, 0, 0
0.092722, -8, 15, 0, 0
0.092922, 10, 8, 0, 0
0.093122, -18, 7, 0, 0
0.093322, 6, -2, 0, 0
0.093522, 1, 23, 0, 0
0.093722, 38, -27, 0, 0
0.093922, -6, 2, 0, 0
0.094122, 48, -18, 0, 0
0.094322, -3, 25, 0, 0
0.094522, -10, 28, 0, 0
0.094722, -18, 79, 0, 0
0.094922, -6, 2, 0, 0
0.095122, -6, 2, 0, 0
0.095322, -2, 12, 0, 0
0.095522, 0, 0, 0, 0
0.095722, -4, 25, 0, 0
0.095922, -13, 11, 0, 0
0.096122, 10, 8, 0, 0
0.096522, 40, -3, 0, 0
0.096722, -6, 2, 0, 0
0.096922, 26, -22, 0, 0
0.097122, -8, 15, 0, 0
0.097322, -6, 2, 0, 0
0.097522, 2, -12, 0, 0
0.097722, -2, 12, 0, 0
0.097922, 2, -12, 0, 0
0.098122, 0, 0, 0, 0
0.098322, -4, 25, 0, 0
0.098522, -6, 2, 0, 0
0.098722, 27, -174, 0, 0
0.098922, -24, 45, 0, 0
0.099122, 8, 21, 0, 0
0.099322, -8, 15, 0, 0
0.099522, -8, 15, 0, 0
0.099722, -6, 2, 0, 0
0.099922, 4, -25, 0, 0
0.000122, -4, 25, 0, 0
0.000322, 10, 8, 0, 0
0.000522, -6, 2, 0, 0
0.000722, -2, 12, 0, 0
0.000922, -8, 15, 0, 0
0.001122, -4, -10, 0, 0
0.001322, -99, 50, 0, 0
0.001522, 22, -178, 0, 0
0.001722, -9, 28, 0, 0
0.001928, -6, 2, 0, 0
0.002122, -59, 46, 0, 0
0.002322, -12, 4, 0, 0
0.002522, -10, 28, 0, 0
0.002722, -14, 17, 0, 0
0.002922, 11, -77, 0, 0
0.003122, -2, 12, 0, 0
0.003322, 6, -2, 0, 0
0.003522, -8, 15, 0, 0
0.003722, -5, -4, 0, 0
0.003922, -8, 15, 0, 0
0.004122, 38, 9, 0, 0
0.004322, -26, 22, 0, 0
0.004522, -6, 2, 0, 0
0.004722, -7, 51, 0, 0
0.005122, -8, 15, 0, 0
0.005322, -10, 28, 0, 0
0.005522, 6, -2, 0, 0
0.005722, -18, 6, 0, 0
0.005922, -8, 15, 0, 0
0.006122, 0, 0, 0, 0
0.006322, -24, 45, 0, 0
0.006522, -34, 37, 0, 0
0.006722, 12, -77, 0, 0
0.006922, -10, 28, 0, 0
0.007122, -13, 11, 0, 0
0.007322, -2, 12, 0, 0
0.007522, -8, 15, 0, 0
0.007722, -10, 28, 0, 0
0.007922, -6, 2, 0, 0
0.008122, -8, 15, 0, 0
0.008322, 2, 17, 0, 0
0.008522, 4, 10, 0, 0
0.008722, -18, 43, 0, 0
0.008922, -14, 17, 0, 0
0.009122, -1, 12, 0, 0
0.009322, -16, 30, 0, 0
0.009522, -10, 28, 0, 0
0.009724, 42, -16, 0, 0
0.009922, -6, 2, 0, 0
0.010122, -14, 90, 0, 0
0.010322, 12, -4, 0, 0
0.010522, -6, 2, 0, 0
0.010722, 7, -8, 0, 0
0.010922, -2, 12, 0, 0
0.011122, 38, 9, 0, 0
0.011322, -20, 19, 0, 0
0.011522, -22, 32, 0, 0
0.011722, -2, 12, 0, 0
0.011922, 0, 0, 0, 0
0.012122, 0, 0, 0, 0
0.012322, 44, -29, 0, 0
0.012522, 8, -87, 0, 0
0.012722, -6, 2, 0, 0
0.012922, 6, -2, 0, 0
0.013124, -6, 2, 0, 0
0.013322, -29, 157, 0, 0
0.013522, 42, -16, 0, 0
0.013722, 0, 0, 0, 0
0.013922, -22, 32, 0, 0
0.014122, -2, 12, 0, 0
0.014322, -9, 28, 0, 0
0.014522, -4, -10, 0, 0
0.014722, -75, 40, 0, 0
0.014924, -99, 51, 0, 0
0.015322, -20, 19, 0, 0
0.015522, -8, 15, 0, 0
0.015722, -8, 15, 0, 0
0.015922, -10, 28, 0, 0
0.016122, -2, 12, 0, 0
0.016324, 0, 0, 0, 0
0.016522, 18, -6, 0, 0
0.016722, 42, -16, 0, 0
0.016922, 8, 21, 0, 0
0.017122, -4, -10, 0, 0
0.017322, -4, -10, 0, 0
0.017522, -8, 15, 0, 0
0.017722, -1, 12, 0, 0
0.017922, -2, 12, 0, 0
0.018122, 24, -9, 0, 0
0.018322, -10, 28, 0, 0
0.018522, -6, 2, 0, 0
0.018722, -26, 22, 0, 0
0.018922, -6, 2, 0, 0
0.019122, 10, 8, 0, 0
0.019322, -6, 2, 0, 0
0.019522, -2, 12, 0, 0
0.019722, -2, 12, 0, 0
0.019922, 12, -4, 0, 0
0.020122, -8, 15, 0, 0
0.020322, -3, 25, 0, 0
0.020522, -1, 12, 0, 0
0.020722, -8, 15, 0, 0
0.020922, -6, 2, 0, 0
0.021122, -18, 6, 0, 0
0.021324, -23, 45, 0, 0
0.021524, -4, -10, 0, 0
0.021722, 3, 10, 0, 0
0.021922, -6, 2, 0, 0
0.022122, -2, 12, 0, 0
0.022322, -81, 42, 0, 0
0.022522, -2, 12, 0, 0
0.022722, -4, 25, 0, 0
0.022924, -18, 7, 0, 0
0.023122, -52, 44, 0, 0
0.023322, -6, 2, 0, 0
0.023524, 0, 0, 0, 0
0.023722, -6, 2, 0, 0
0.023922, 3, 10, 0, 0
0.024122, -6, 2, 0, 0
0.024322, 0, 0, 0, 0
0.024522, -2, 12, 0, 0
0.024722, 8, -15, 0, 0
0.024922, -3, 25, 0, 0
0.025122, -4, 25, 0, 0
0.025322, -6, 2, 0, 0
0.025522, -14, 17, 0, 0
0.025722, 23, -39, 0, 0
0.025922, -8, 15, 0, 0
0.026124, -7, 15, 0, 0
0.026322, 26, 14, 0, 0
0.026522, 6, -2, 0, 0
0.026722, -4, 25, 0, 0
0.026922, -2, 12, 0, 0
0.027122, -12, 4, 0, 0
0.027322, 0, 0, 0, 0
0.027522, 2, -12, 0, 0
0.027722, -6, 2, 0, 0
0.027922, 0, 0, 0, 0
0.028122, -8, 15, 0, 0
0.028322, 42, -16, 0, 0
0.028522, 14, -17, 0, 0
0.028722, 17, -103, 0, 0
0.028922, 1, -12, 0, 0
0.029122, 10, 8, 0, 0
0.029324, 1, -12, 0, 0
0.029522, -20, 19, 0, 0
0.029724, 6, -2, 0, 0
0.029922, -2, 12, 0, 0
0.030122, 113, -31, 0, 0
0.030322, -20, 92, 0, 0
0.030522, -50, -4, 0, 0
0.030722, 0, 0, 0, 0
0.030922, -4, 25, 0, 0
0.031122, -4, 25, 0, 0
0.031322, -24, 45, 0, 0
0.031522, -6, 2, 0, 0
0.031722, -6, 2, 0, 0
0.031922, -6, 2, 0, 0
0.032122, -8, 15, 0, 0
0.032322, 12, -4, 0, 0
0.032522, 10, 8, 0, 0
0.032722, 2, -12, 0, 0
0.032922, 12, -4, 0, 0
0.033122, -6, 2, 0, 0
0.033322, 0, 0, 0, 0
0.033522, -4, 25, 0, 0
0.033722, -6, 2, 0, 0
0.033922, -14, 17, 0, 0
0.034122, -24, 45, 0, 0
0.034322, -6, 2, 0, 0
0.034522, -6, 2, 0, 0
0.034722, 0, 0, 0, 0
0.034922, -6, 2, 0, 0
0.035122, -10, 28, 0, 0
0.035322, 1, 23, 0, 0
0.035522, 14, -17, 0, 0
0.035722, 0, 0, 0, 0
0.035922, -3, 25, 0, 0
0.036122, 7, 21, 0, 0
0.036322, -22, 32, 0, 0
0.036522, -10, 28, 0, 0
0.036724, -6, 2, 0, 0
0.036922, -4, -10, 0, 0
0.037122, 0, 0, 0, 0
0.037322, -6, 2, 0, 0
0.037522, -6, 2, 0, 0
0.037722, -8, 15, 0, 0
0.037922, -50, 31, 0, 0
0.038122, -8, 15, 0, 0
0.038322, -6, 2, 0, 0
0.038522, 44, -29, 0, 0
0.038722, -6, 2, 0, 0
0.038922, 8, -15, 0, 0
0.039122, 42, -16, 0, 0
0.039322, 42, -16, 0, 0
0.039522, -6, 2, 0, 0
0.039722, -3, -10, 0, 0
0.039922, -8, 15, 0, 0
0.040122, 0, 0, 0, 0
0.040322, 12, -4, 0, 0
0.040522, -6, 2, 0, 0
0.040722, 40, -3, 0, 0
0.040922, 10, 8, 0, 0
0.041124, -23, 45, 0, 0
0.041322, 30, -11, 0, 0
0.041524, -6, 2, 0, 0
0.041722, -4, 25, 0, 0
0.041922, -1, 12, 0, 0
0.042124, 7, -15, 0, 0
0.042322, -46, 5, 0, 0
0.042522, -6, 2, 0, 0
0.042722, 6, -2, 0, 0
0.042922, -12, 40, 0, 0
0.043122, -10, 28, 0, 0
0.043322, 10, 8, 0, 0
0.043522, -8, 15, 0, 0
0.043722, 0, 0, 0, 0
0.043922, -8, 15, 0, 0
0.044122, -4, 25, 0, 0
0.044322, -1, 12, 0, 0
0.044522, -4, -10, 0, 0
0.044722, 38, 9, 0, 0
0.044922, 40, -3, 0, 0
0.045122, -2, 12, 0, 0
0.045322, -4, -10, 0, 0
0.045522, -6, 2, 0, 0
0.045722, -20, 20, 0, 0
0.045922, 0, 0, 0, 0
0.046122, -2, 12, 0, 0
0.046328, -17, 36, 0, 0
0.046522, -16, 30, 0, 0
0.046722, 10, 8, 0, 0
0.046922, 2, -12, 0, 0
0.047122, -1, 6, 0, 0
0.047322, 42, -16, 0, 0
0.047522, 2, 17, 0, 0
0.047724, 0, 0, 0, 0
0.047922, -4, -10, 0, 0
0.048122, 2, -12, 0, 0
0.048322, 44, -29, 0, 0
0.048522, -6, 2, 0, 0
0.048722, -8, 15, 0, 0
0.048922, -10, 28, 0, 0
0.049122, -6, 2, 0, 0
0.049324, -10, 34, 0, 0
0.049522, 2, 23, 0, 0
0.049722, 1, 23, 0, 0
0.049922, -20, 20, 0, 0
0.050122, 6, -2, 0, 0
0.050322, -3, -10, 0, 0
0.050522, -10, 28, 0, 0
0.050722, 7, 21, 0, 0
0.050924, -6, 2, 0, 0
0.051122, 2, -12, 0, 0
0.051324, -20, 20, 0, 0
0.051522, -21, 92, 0, 0
0.051722, 42, -16, 0, 0
0.051924, 1, -12, 0, 0
0.052122, -6, 2, 0, 0
0.052324, 6, -2, 0, 0
0.052522, -6, 2, 0, 0
0.052722, -34, 1, 0, 0
0.052922, -6, 2, 0, 0
0.053122, -64, 42, 0, 0
0.053322, -4, 25, 0, 0
0.053522, -10, 28, 0, 0
0.053722, 2, -12, 0, 0
0.053922, -20, 92, 0, 0
0.054122, 0, 0, 0, 0
0.054322, -8, 15, 0, 0
0.054522, -4, -10, 0, 0
0.054722, -8, 15, 0, 0
0.054922, -6, 2, 0, 0
0.055122, -3, 25, 0, 0
0.055322, -8, 15, 0, 0
0.055522, -10, 28, 0, 0
0.055722, 89, -21, 0, 0
0.055922, 3, -25, 0, 0
0.056122, -13, 11, 0, 0
0.056322, 6, -38, 0, 0
0.056522, 10, 8, 0, 0
0.056722, 4, 10, 0, 0
0.056922, -6, 2, 0, 0
0.057124, -6, 2, 0, 0
0.057322, 2, -12, 0, 0
0.057522, -101, 62, 0, 0
0.057722, -10, 28, 0, 0
0.057922, -6, 2, 0, 0
0.058122, -24, 45, 0, 0
0.058322, 0, 0, 0, 0
0.058522, -3, -10, 0, 0
0.058722, -4, -10, 0, 0
0.058922, -6, 2, 0, 0
0.059122, 0, 0, 0, 0
0.059324, 14, -17, 0, 0
0.059522, -8, 15, 0, 0
0.059722, 0, 0, 0, 0
0.059922, -26, 22, 0, 0
0.060122, -8, 15, 0, 0
0.060324, -6, 2, 0, 0
0.060522, -9, 28, 0, 0
0.060722, 0, 0, 0, 0
0.060922, -18, 6, 0, 0
0.061122, -6, 2, 0, 0
0.061322, 6, -2, 0, 0
0.061522, -4, -10, 0, 0
0.061722, 2, -49, 0, 0
0.061922, 7, -8, 0, 0
0.062122, 26, -22, 0, 0
0.062322, 6, -2, 0, 0
0.062524, 0, 0, 0, 0
0.062722, -10, 28, 0, 0
0.062922, -6, 2, 0, 0
0.063122, 4, -25, 0, 0
0.063322, -6, 2, 0, 0
0.063522, -4, -10, 0, 0
0.063722, -4, -10, 0, 0
0.063922, -6, 2, 0, 0
0.064122, 6, -2, 0, 0
0.064322, -6, 2, 0, 0
0.064522, -6, 2, 0, 0
0.064722, -6, 2, 0, 0
0.064922, -10, 28, 0, 0
0.065122, -8, 15, 0, 0
0.065322, -8, 15, 0, 0
0.065522, 18, -6, 0, 0
0.065724, -3, 25, 0, 0
0.065922, 1, -49, 0, 0
0.066322, -10, 28, 0, 0
0.066524, 0, 0, 0, 0
0.066722, -16, 30, 0, 0
0.066922, -14, 17, 0, 0
0.067122, -4, -10, 0, 0
0.067322, 14, -17, 0, 0
0.067522, -20, 19, 0, 0
0.067722, 6, -2, 0, 0
0.067922, -3, 25, 0, 0
0.068122, -18, 43, 0, 0
0.068322, 0, 0, 0, 0
0.068522, -3, 25, 0, 0
0.068722, -8, 15, 0, 0
0.068922, -2, 12, 0, 0
0.069122, 0, -36, 0, 0
0.069322, -8, 15, 0, 0
0.069522, -6, 2, 0, 0
0.069722, 8, 21, 0, 0
0.069922, 10, 8, 0, 0
0.070122, 42, -16, 0, 0
0.070322, 7, 21, 0, 0
0.070522, 0, 0, 0, 0
0.070722, 6, -2, 0, 0
0.070922, 0, 0, 0, 0
0.071122, 38, 9, 0, 0
0.071322, 0, 0, 0, 0
0.071522, -8, 15, 0, 0
0.071722, -6, 2, 0, 0
0.071922, -9, 21, 0, 0
0.072122, -1, 12, 0, 0
0.072322, 0, 0, 0, 0
0.072522, 40, -3, 0, 0
0.072722, -4, -10, 0, 0
0.072922, -4, 25, 0, 0
0.073122, 0, 0, 0, 0
0.073322, -24, 45, 0, 0
0.073522, -3, 25, 0, 0
0.073722, -6, 2, 0, 0
0.073922, -10, 28, 0, 0
0.074124, 0, 0, 0, 0
0.074322, -2, 12, 0, 0
0.074522, -12, 41, 0, 0
0.074722, 2, -12, 0, 0
0.074924, -6, 2, 0, 0
0.075122, -6, 2, 0, 0
0.075322, -8, 15, 0, 0
0.075522, -9, 28, 0, 0
0.075722, -11, -1, 0, 0
0.075922, -4, 25, 0, 0
0.076322, -6, 2, 0, 0
0.076522, -4, 25, 0, 0
0.076722, -14, 17, 0, 0
0.076922, -4, 25, 0, 0
0.077122, -2, -23, 0, 0
0.077322, -8, 15, 0, 0
0.077522, -12, 4, 0, 0
0.077722, -14, 17, 0, 0
0.077922, 0, 0, 0, 0
0.078122, -6, 2, 0, 0
0.078322, 0, 0, 0, 0
0.078522, -12, 4, 0, 0
0.078722, -4, 25, 0, 0
0.078922, 55, -57, 0, 0
0.079122, 8, 21, 0, 0
0.079322, 4, 10, 0, 0
0.079522, -3, 25, 0, 0
0.079722, 40, -3, 0, 0
0.079922, 7, 21, 0, 0
0.080122, -6, 2, 0, 0
0.080322, 67, -61, 0, 0
0.080522, -8, 15, 0, 0
0.080722, 0, 0, 0, 0
0.080922, -20, 19, 0, 0
0.081122, -2, 12, 0, 0
0.081322, 26, 14, 0, 0
0.081522, -20, 92, 0, 0
0.081722, -9, 28, 0, 0
0.081922, 0, 0, 0, 0
0.082122, -4, -10, 0, 0
0.082322, -22, 32, 0, 0
0.082522, -29, 41, 0, 0
0.082722, -2, 12, 0, 0
0.082922, -1, 12, 0, 0
0.083122, 6, -2, 0, 0
0.083322, 10, 8, 0, 0
0.083522, -6, 2, 0, 0
0.083722, -6, 2, 0, 0
0.083922, 0, 0, 0, 0
0.084122, -8, 15, 0, 0
0.084322, 0, 0, 0, 0
0.084522, -8, 15, 0, 0
0.084722, -2, -23, 0, 0
0.084922, -10, 28, 0, 0
0.085122, -10, 28, 0, 0
0.085322, -2, 12, 0, 0
0.085522, -8, 15, 0, 0
0.085722, -22, -39, 0, 0
0.085922, 1, -12, 0, 0
0.086122, -8, 15, 0, 0
0.086322, -8, 15, 0, 0
0.086522, 2, -12, 0, 0
0.086722, -2, 12, 0, 0
0.086922, 2, -12, 0, 0
0.087122, 1, -12, 0, 0
0.087322, 0, 0, 0, 0
0.087522, -10, 28, 0, 0
0.087722, 10, 8, 0, 0
0.087922, 4, 10, 0, 0
0.088122, 2, -12, 0, 0
0.088322, -2, 12, 0, 0
0.088522, -31, 18, 0, 0
0.088722, -2, 12, 0, 0
0.089122, -2, 12, 0, 0
0.089322, -3, 25, 0, 0
0.089522, -28, -1, 0, 0
0.089722, -58, 82, 0, 0
0.089922, 0, 0, 0, 0
0.090122, -16, 30, 0, 0
0.090322, 0, 0, 0, 0
0.090522, -6, 2, 0, 0
0.090722, -8, 15, 0, 0
0.090922, -4, 25, 0, 0
0.091122, -4, 25, 0, 0
0.091322, -6, 2, 0, 0
0.091522, -6, 2, 0, 0
0.091724, -1, 12, 0, 0
0.091922, 22, -178, 0, 0
0.092122, -8, 15, 0, 0
0.092322, 2, -12, 0, 0
0.092522, 2, -12, 0, 0
0.092722, -6, 2, 0, 0
0.092922, 1, 23, 0, 0
0.093122, -6, 2, 0, 0
0.093324, -1, 12, 0, 0
0.093522, 10, 8, 0, 0
0.093722, -4, -10, 0, 0
0.093922, 6, -75, 0, 0
0.094122, 2, 23, 0, 0
0.094322, 4, 10, 0, 0
0.094522, 4, 10, 0, 0
0.094722, -8, 15, 0, 0
0.094922, -8, 15, 0, 0
0.095122, -4, -10, 0, 0
0.095322, 0, 0, 0, 0
0.095524, -7, 15, 0, 0
0.095722, -3, -10, 0, 0
0.095922, -8, 15, 0, 0
0.096122, -48, 54, 0, 0
0.096322, 42, -16, 0, 0
0.096524, -28, 35, 0, 0
0.096722, -10, 28, 0, 0
0.096922, -20, 19, 0, 0
0.097122, -4, 25, 0, 0
0.097322, -18, 7, 0, 0
0.097522, -13, 10, 0, 0
0.097722, -10, 28, 0, 0
0.097922, 42, -16, 0, 0
0.098122, -1, 12, 0, 0
0.098322, 1, 23, 0, 0
0.098522, 40, -3, 0, 0
0.098722, -4, -10, 0, 0
0.098922, 44, -29, 0, 0
0.099122, -4, 25, 0, 0
0.099324, -106, 66, 0, 0
0.099522, -8, 15, 0, 0
0.099722, -93, 47, 0, 0
0.099922, 1, -6, 0, 0
0.000122, 14, -17, 0, 0
0.000322, -6, 2, 0, 0
0.000522, 4, 10, 0, 0
0.000722, -4, -10, 0, 0
0.000922, -4, -10, 0, 0
0.001122, -6, 2, 0, 0
0.001322, -6, 2, 0, 0
0.001522, -9, 28, 0, 0
0.001722, -6, 2, 0, 0
0.001922, -8, 15, 0, 0
0.002122, -4, -10, 0, 0
0.002324, 8, 21, 0, 0
0.002522, -6, 38, 0, 0
0.002722, -8, 15, 0, 0
0.002922, 0, -6, 0, 0
0.003122, -20, 19, 0, 0
0.003322, 40, -3, 0, 0
0.003522, 22, 3, 0, 0
0.003722, 1, 23, 0, 0
0.003922, 1, 23, 0, 0
0.004122, 0, 0, 0, 0
0.004322, 8, -15, 0, 0
0.004522, -8, 15, 0, 0
0.004722, -6, 2, 0, 0
0.004922, -15, 24, 0, 0
0.005122, -6, 2, 0, 0
0.005322, 12, -113, 0, 0
0.005522, 42, -16, 0, 0
0.005722, 30, -11, 0, 0
0.005922, -29, 107, 0, 0
0.006122, -14, 17, 0, 0
0.006322, -6, 2, 0, 0
0.006522, -8, 15, 0, 0
0.006722, 0, 0, 0, 0
0.006922, 0, 0, 0, 0
0.007122, -3, -10, 0, 0
0.007322, -8, 15, 0, 0
0.007522, -4, -10, 0, 0
0.007722, -8, 15, 0, 0
0.007922, -40, 3, 0, 0
0.008122, -2, 12, 0, 0
0.008322, -137, 78, 0, 0
0.008522, -6, 2, 0, 0
0.008722, -8, 15, 0, 0
0.008922, -10, 28, 0, 0
0.009124, -21, 33, 0, 0
0.009322, -4, -10, 0, 0
0.009528, 42, -15, 0, 0
0.009728, -3, -10, 0, 0
0.009922, 2, 23, 0, 0
0.010122, -3, 25, 0, 0
0.010322, 2, -12, 0, 0
0.010522, -11, 34, 0, 0
0.010722, -8, 15, 0, 0
0.010922, -35, 109, 0, 0
0.011122, -6, 2, 0, 0
0.011322, -10, 28, 0, 0
0.011522, 0, 0, 0, 0
0.011722, 12, -4, 0, 0
0.011922, 0, 0, 0, 0
0.012122, -6, 2, 0, 0
0.012322, 3, 16, 0, 0
0.012522, 24, -9, 0, 0
0.012722, -2, 12, 0, 0
0.012922, -4, -10, 0, 0
0.013122, -4, 25, 0, 0
0.013322, -16, 30, 0, 0
0.013522, -8, 15, 0, 0
0.013722, -22, 32, 0, 0
0.013922, -56, 63, 0, 0
0.014122, -10, 28, 0, 0
0.014322, -16, 66, 0, 0
0.014522, -10, 28, 0, 0
0.014722, -4, 25, 0, 0
0.014922, 12, -4, 0, 0
0.015122, -6, 2, 0, 0
0.015324, -1, 12, 0, 0
0.015524, 0, 0, 0, 0
0.015722, -10, 28, 0, 0
0.015922, -6, 2, 0, 0
0.016122, -3, -10, 0, 0
0.016322, 40, -3, 0, 0
0.016522, -3, 25, 0, 0
0.016728, -4, 25, 0, 0
0.016922, 140, -54, 0, 0
0.017122, 3, 10, 0, 0
0.017322, -6, 2, 0, 0
0.017522, 0, 0, 0, 0
0.017722, 6, -2, 0, 0
0.017922, -6, 2, 0, 0
0.018122, 0, 0, 0, 0
0.018322, -6, 2, 0, 0
0.018524, -6, 2, 0, 0
0.018722, -4, -10, 0, 0
0.018922, -4, -10, 0, 0
0.019122, -22, 32, 0, 0
0.019322, -4, -10, 0, 0
0.019522, -1, 6, 0, 0
0.019722, 12, -4, 0, 0
0.019922, -4, -10, 0, 0
0.020122, 6, -2, 0, 0
0.020324, -3, 25, 0, 0
0.020522, -4, 25, 0, 0
0.020722, -10, 28, 0, 0
0.020922, -12, 4, 0, 0
0.021122, -22, 32, 0, 0
0.021322, -6, 2, 0, 0
0.021522, -13, 54, 0, 0
0.021722, -8, 15, 0, 0
0.021922, -2, 12, 0, 0
0.022122, 6, -2, 0, 0
0.022322, 47, -41, 0, 0
0.022522, 2, -12, 0, 0
0.022722, -14, 17, 0, 0
0.022922, -106, 51, 0, 0
0.023122, -2, 12, 0, 0
0.023322, 58, 25, 0, 0
0.023522, 146, -54, 0, 0
0.023722, 9, -21, 0, 0
0.023922, -6, 2, 0, 0
0.024122, 0, 0, 0, 0
0.024324, 10, 8, 0, 0
0.024522, 38, 9, 0, 0
0.024722, -10, 28, 0, 0
0.024922, -14, 17, 0, 0
0.025122, -10, 28, 0, 0
0.025322, -54, 21, 0, 0
0.025522, 40, -3, 0, 0
0.025722, -6, 2, 0, 0
0.025922, -6, 2, 0, 0
0.026124, 8, 21, 0, 0
0.026322, 34, 35, 0, 0
0.026522, 0, 0, 0, 0
0.026722, -35, 43, 0, 0
0.026922, -6, 2, 0, 0
0.027122, -4, 25, 0, 0
0.027322, -5, -4, 0, 0
0.027522, -10, 28, 0, 0
0.027722, -50, 31, 0, 0
0.027922, -10, 28, 0, 0
0.028122, -8, 15, 0, 0
0.028324, 0, 0, 0, 0
0.028528, -20, 19, 0, 0
0.028722, -10, 28, 0, 0
0.028922, -8, 15, 0, 0
0.029128, -6, 2, 0, 0
0.029322, -8, 15, 0, 0
0.029522, -20, 92, 0, 0
0.029722, 10, 8, 0, 0
0.029922, -16, 30, 0, 0
0.030124, -6, 2, 0, 0
0.030322, -10, 28, 0, 0
0.030522, -4, 25, 0, 0
0.030722, -6, 2, 0, 0
0.030922, -8, 15, 0, 0
0.031122, -10, 28, 0, 0
0.031322, 12, -4, 0, 0
0.031522, 6, -2, 0, 0
0.031724, -48, 19, 0, 0
0.031922, 0, 0, 0, 0
0.032122, -6, 2, 0, 0
0.032322, 46, -5, 0, 0
0.032522, 10, 8, 0, 0
0.032722, -6, 2, 0, 0
0.032922, -2, 12, 0, 0
0.033122, -1, 12, 0, 0
0.033322, -2, 12, 0, 0
0.033522, -6, 2, 0, 0
0.033722, 24, 27, 0, 0
0.033922, 0, 0, 0, 0
0.034122, 0, 0, 0, 0
0.034322, -1, 12, 0, 0
0.034522, -8, 15, 0, 0
0.034722, 42, -16, 0, 0
0.034922, -8, 15, 0, 0
0.035122, -4, 25, 0, 0
0.035322, -6, 2, 0, 0
0.035522, -15, 24, 0, 0
0.035722, -4, 25, 0, 0
0.035922, 40, -3, 0, 0
0.036122, 0, 0, 0, 0
0.036322, -6, 2, 0, 0
0.036522, 2, -12, 0, 0
0.036722, -8, 15, 0, 0
0.036922, 8, 21, 0, 0
0.037122, -8, 15, 0, 0
0.037328, -6, 2, 0, 0
0.037522, -4, 25, 0, 0
0.037722, -20, 19, 0, 0
0.037922, -4, 25, 0, 0
0.038122, 0, 0, 0, 0
0.038322, 38, 9, 0, 0
0.038522, -17, 36, 0, 0
0.038722, -14, 17, 0, 0
0.038922, -38, 63, 0, 0
0.039122, -4, 25, 0, 0
0.039324, -6, 2, 0, 0
0.039522, -8, 15, 0, 0
0.039722, 0, 0, 0, 0
0.039922, 2, -12, 0, 0
0.040122, -10, 28, 0, 0
0.040322, 1, -12, 0, 0
0.040522, 2, -12, 0, 0
0.040722, -4, -10, 0, 0
0.040922, -2, 12, 0, 0
0.041122, 0, 0, 0, 0
0.041322, -3, -10, 0, 0
0.041522, -10, 28, 0, 0
0.041722, 7, 21, 0, 0
0.041922, -4, 25, 0, 0
0.042322, -3, 25, 0, 0
0.042522, -8, 15, 0, 0
0.042722, -18, 43, 0, 0
0.042922, 90, -102, 0, 0
0.043124, -20, 20, 0, 0
0.043322, -3, -10, 0, 0
0.043522, -8, 15, 0, 0
0.043722, -6, 2, 0, 0
0.043922, 0, 0, 0, 0
0.044122, 8, -15, 0, 0
0.044322, -4, 25, 0, 0
0.044522, 12, -4, 0, 0
0.044722, 6, -2, 0, 0
0.044922, -8, 15, 0, 0
0.045122, -8, 15, 0, 0
0.045322, -3, -10, 0, 0
0.045522, 0, 0, 0, 0
0.045722, -6, 2, 0, 0
0.045922, -38, 26, 0, 0
0.046124, 1, -12, 0, 0
0.046322, -3, -10, 0, 0
0.046522, 77, -54, 0, 0
0.046722, -4, 25, 0, 0
0.046922, -2, 12, 0, 0
0.047122, -8, 15, 0, 0
0.047322, 1, -6, 0, 0
0.047522, -44, 29, 0, 0
0.047722, -8, 15, 0, 0
0.047922, 38, 9, 0, 0
0.048122, -8, 15, 0, 0
0.048322, -6, 2, 0, 0
0.048522, -19, 92, 0, 0
0.048722, -3, -10, 0, 0
0.048922, 0, 0, 0, 0
0.049122, 0, 0, 0, 0
0.049322, 2, -12, 0, 0
0.049524, 1, -12, 0, 0
0.049722, -6, 2, 0, 0
0.049922, 95, -24, 0, 0
0.050122, -10, 28, 0, 0
0.050322, 42, -16, 0, 0
0.050522, -9, 28, 0, 0
0.050722, -10, 28, 0, 0
0.050922, -16, 30, 0, 0
0.051122, 18, -6, 0, 0
0.051324, 0, 0, 0, 0
0.051522, -8, 15, 0, 0
0.051722, -3, -10, 0, 0
0.051922, 42, -16, 0, 0
0.052122, 38, 9, 0, 0
0.052322, -51, 31, 0, 0
0.052522, 0, 0, 0, 0
0.052722, 0, 0, 0, 0
0.052922, -2, 12, 0, 0
0.053122, -8, 15, 0, 0
0.053322, -4, 25, 0, 0
0.053522, -10, 28, 0, 0
0.053722, 1, -12, 0, 0
0.053922, -3, -10, 0, 0
0.054122, -8, 15, 0, 0
0.054322, -26, -14, 0, 0
0.054522, -10, 28, 0, 0
0.054722, 3, 10, 0, 0
0.054922, 2, -12, 0, 0
0.055122, -10, 28, 0, 0
0.055322, -18, 43, 0, 0
0.055522, -6, 2, 0, 0
0.055722, -8, 15, 0, 0
0.055922, -20, 129, 0, 0
0.056124, 2, -19, 0, 0
0.056322, -4, -10, 0, 0
0.056522, -4, 25, 0, 0
0.056722, -6, 2, 0, 0
0.056922, -6, 2, 0, 0
0.057122, -6, 2, 0, 0
0.057322, -4, 25, 0, 0
0.057522, 93, -48, 0, 0
0.057722, 0, 0, 0, 0
0.057928, 4, -25, 0, 0
0.058122, -6, 2, 0, 0
0.058322, 40, -3, 0, 0
0.058522, -12, 4, 0, 0
0.058722, -6, 2, 0, 0
0.058922, -8, 15, 0, 0
0.059122, 42, -16, 0, 0
0.059322, -8, 15, 0, 0
0.059522, -6, 2, 0, 0
0.059722, 0, 0, 0, 0
0.059922, 7, 21, 0, 0
0.060124, 1, -12, 0, 0
0.060322, 42, -16, 0, 0
0.060522, -2, 12, 0, 0
0.060722, -4, -10, 0, 0
0.060922, -2, 12, 0, 0
0.061122, 0, 0, 0, 0
0.061322, -10, 28, 0, 0
0.061522, -10, 28, 0, 0
0.061724, 0, 0, 0, 0
0.061922, -10, 28, 0, 0
0.062122, 40, -2, 0, 0
0.062322, -8, 15, 0, 0
0.062522, -10, 28, 0, 0
0.062722, -6, 2, 0, 0
0.062924, -6, 2, 0, 0
0.063122, 40, -3, 0, 0
0.063322, -62, 72, 0, 0
0.063524, -9, 28, 0, 0
0.063722, 6, -2, 0, 0
0.063922, 0, 0, 0, 0
0.064124, -7, 15, 0, 0
0.064328, -6, 2, 0, 0
0.064522, -2, 12, 0, 0
0.064722, 18, -7, 0, 0
0.064922, -10, 28, 0, 0
0.065128, -6, 2, 0, 0
0.065322, 94, -53, 0, 0
0.065722, -6, 2, 0, 0
0.065924, -1, 12, 0, 0
0.066122, 1, 23, 0, 0
0.066322, 8, 21, 0, 0
0.066522, 12, -77, 0, 0
0.066722, -16, 30, 0, 0
0.066922, -6, 2, 0, 0
0.067122, -14, 17, 0, 0
0.067322, -10, 28, 0, 0
0.067522, -6, 2, 0, 0
0.067722, 6, -2, 0, 0
0.067922, -2, 12, 0, 0
0.068122, 6, -2, 0, 0
0.068322, -55, 20, 0, 0
0.068522, -3, 25, 0, 0
0.068722, -6, 2, 0, 0
0.068922, 1, 23, 0, 0
0.069122, 1, -12, 0, 0
0.069322, -6, 2, 0, 0
0.069522, -22, 32, 0, 0
0.069722, -8, 15, 0, 0
0.069922, 40, -3, 0, 0
0.070122, -8, 15, 0, 0
0.070322, -8, 15, 0, 0
0.070522, -8, 15, 0, 0
0.070722, 12, -4, 0, 0
0.070922, -10, 28, 0, 0
0.071128, 0, 0, 0, 0
0.071322, -6, 2, 0, 0
0.071522, -6, 2, 0, 0
0.071722, 6, -2, 0, 0
0.071922, -6, 2, 0, 0
0.072122, 0, 0, 0, 0
0.072322, -40, 39, 0, 0
0.072522, 12, -4, 0, 0
0.072722, 14, 18, 0, 0
0.072922, -22, 32, 0, 0
0.073122, 0, 0, 0, 0
0.073328, -2, 12, 0, 0
0.073522, 42, -16, 0, 0
0.073722, -51, 31, 0, 0
0.073922, 2, -12, 0, 0
0.074122, 97, -37, 0, 0
0.074322, -6, 2, 0, 0
0.074522, 4, -25, 0, 0
0.074722, -6, 2, 0, 0
0.074922, -2, 12, 0, 0
0.075122, -22, 32, 0, 0
0.075322, -6, 2, 0, 0
0.075522, 12, -4, 0, 0
0.075722, -4, -10, 0, 0
0.075922, -4, 25, 0, 0
0.076122, -2, 12, 0, 0
0.076322, -4, 25, 0, 0
0.076522, -2, 12, 0, 0
0.076722, -10, 28, 0, 0
0.076922, 8, 21, 0, 0
0.077122, 29, -5, 0, 0
0.077322, -8, 15, 0, 0
0.077522, 2, -12, 0, 0
0.077722, 18, -7, 0, 0
0.077922, -8, 15, 0, 0
0.078322, -22, 32, 0, 0
0.078524, -6, 2, 0, 0
0.078722, 6, -2, 0, 0
0.078922, -8, 15, 0, 0
0.079122, -22, 32, 0, 0
0.079322, -6, 2, 0, 0
0.079522, 0, 0, 0, 0
0.079722, -6, 2, 0, 0
0.079922, 4, 10, 0, 0
0.080122, 0, 0, 0, 0
0.080322, -10, 28, 0, 0
0.080522, 2, -12, 0, 0
0.080722, 1, -12, 0, 0
0.080922, -42, 148, 0, 0
0.081122, -18, 7, 0, 0
0.081322, 6, -2, 0, 0
0.081522, 0, 0, 0, 0
0.081722, -8, 15, 0, 0
0.081922, 0, 0, 0, 0
0.082122, -6, 2, 0, 0
0.082322, -48, 18, 0, 0
0.082522, -4, -10, 0, 0
0.082722, -20, 19, 0, 0
0.082922, 26, -22, 0, 0
0.083122, -15, 90, 0, 0
0.083322, 42, -16, 0, 0
0.083522, -48, 18, 0, 0
0.083722, -2, 12, 0, 0
0.083922, 0, 0, 0, 0
0.084122, -6, 2, 0, 0
0.084322, -6, 2, 0, 0
0.084522, -10, 28, 0, 0
0.084722, -8, 15, 0, 0
0.084922, -6, 2, 0, 0
0.085122, -2, 12, 0, 0
0.085322, -13, 11, 0, 0
0.085522, 22, 3, 0, 0
0.085722, 1, -12, 0, 0
0.085922, -2, 12, 0, 0
0.086122, 0, 0, 0, 0
0.086324, -26, 22, 0, 0
0.086522, -8, 15, 0, 0
0.086722, -10, 28, 0, 0
0.086922, -3, 25, 0, 0
0.087122, -24, 45, 0, 0
0.087322, -8, 15, 0, 0
0.087522, -4, 25, 0, 0
0.087722, 42, -16, 0, 0
0.087924, -21, 33, 0, 0
0.088122, 0, 0, 0, 0
0.088322, -2, 12, 0, 0
0.088522, -26, 22, 0, 0
0.088722, -4, 25, 0, 0
0.088922, -6, 2, 0, 0
0.089122, -4, 25, 0, 0
0.089322, -2, 12, 0, 0
0.089522, -4, 25, 0, 0
0.089722, -10, 28, 0, 0
0.089922, -6, 2, 0, 0
0.090122, -6, 2, 0, 0
0.090322, 0, 0, 0, 0
0.090522, 42, -16, 0, 0
0.090722, -20, 19, 0, 0
0.090922, -4, 25, 0, 0
0.091122, -6, 2, 0, 0
0.091322, -3, -10, 0, 0
0.091522, 0, 0, 0, 0
0.091724, 1, -12, 0, 0
0.091922, 38, 9, 0, 0
0.092122, -6, 2, 0, 0
0.092322, -24, 45, 0, 0
0.092522, 0, 0, 0, 0
0.092722, 0, 0, 0, 0
0.092922, 3, -25, 0, 0
0.093122, -6, 2, 0, 0
0.093322, 6, -2, 0, 0
0.093522, -3, -10, 0, 0
0.093722, 14, -17, 0, 0
0.093922, 8, 21, 0, 0
0.094122, 16, 5, 0, 0
0.094322, 0, 0, 0, 0
0.094522, -4, 25, 0, 0
0.094722, 0, 0, 0, 0
0.094922, 2, -12, 0, 0
0.095122, -3, -10, 0, 0
0.095322, -2, 12, 0, 0
0.095522, 0, 0, 0, 0
0.095722, -12, 40, 0, 0
0.095922, -20, 19, 0, 0
0.096122, -6, 2, 0, 0
0.096322, -6, 2, 0, 0
0.096522, -20, 19, 0, 0
0.096722, -4, 25, 0, 0
0.096922, -6, 2, 0, 0
0.097122, 12, -4, 0, 0
0.097322, -2, 12, 0, 0
0.097522, 2, -12, 0, 0
0.097722, -10, 28, 0, 0
0.097924, 1, -12, 0, 0
0.098122, -8, 15, 0, 0
0.098322, -22, 32, 0, 0
0.098522, -6, 2, 0, 0
0.098722, 1, -12, 0, 0
0.098922, -20, 92, 0, 0
0.099122, -18, 79, 0, 0
0.099322, -12, 4, 0, 0
0.099522, 42, -16, 0, 0
0.099722, -8, 15, 0, 0
0.099922, 14, -17, 0, 0
0.000122, -10, 28, 0, 0
0.000322, -4, -10, 0, 0
0.000522, 6, -2, 0, 0
0.000722, -2, 12, 0, 0
0.000922, -8, 15, 0, 0
0.001124, -3, 25, 0, 0
0.001322, 34, -73, 0, 0
0.001522, -2, 12, 0, 0
0.001722, 0, 0, 0, 0
0.001922, -1, 12, 0, 0
0.002122, 2, -12, 0, 0
0.002322, -6, 2, 0, 0
0.002522, -2, 12, 0, 0
0.002722, -6, 2, 0, 0
0.002922, 14, -17, 0, 0
0.003122, 0, -36, 0, 0
0.003522, 2, -12, 0, 0
0.003722, 1, -12, 0, 0
0.003922, -2, 12, 0, 0
0.004122, -4, -10, 0, 0
0.004322, 12, -4, 0, 0
0.004522, 0, 0, 0, 0
0.004722, 0, 0, 0, 0
0.004922, -20, 92, 0, 0
0.005128, -18, 6, 0, 0
0.005322, 1, -12, 0, 0
0.005528, 192, -81, 0, 0
0.005722, 4, 10, 0, 0
0.005928, 0, 0, 0, 0
0.006122, -25, 52, 0, 0
0.006322, 9, -21, 0, 0
0.006522, 40, -3, 0, 0
0.006722, 2, -12, 0, 0
0.006922, -10, 28, 0, 0
0.007122, -2, 12, 0, 0
0.007322, -6, 2, 0, 0
0.007522, 2, -12, 0, 0
0.007722, -2, 12, 0, 0
0.007922, -6, 2, 0, 0
0.008122, -6, 2, 0, 0
0.008322, -4, -10, 0, 0
0.008522, -10, 28, 0, 0
0.008722, -6, 2, 0, 0
0.008922, 2, -12, 0, 0
0.009122, -6, 2, 0, 0
0.009322, -2, 12, 0, 0
0.009522, -6, 2, 0, 0
0.009722, -6, 2, 0, 0
0.009922, -4, 25, 0, 0
0.010122, -6, 2, 0, 0
0.010322, -20, 20, 0, 0
0.010522, 4, 10, 0, 0
0.010722, -2, 12, 0, 0
0.010922, 1, 23, 0, 0
0.011122, -9, 28, 0, 0
0.011322, -4, 25, 0, 0
0.011522, -18, 116, 0, 0
0.011722, -2, 12, 0, 0
0.011922, -2, 12, 0, 0
0.012122, -8, 15, 0, 0
0.012322, -9, 28, 0, 0
0.012522, -2, 12, 0, 0
0.012722, -4, 25, 0, 0
0.012922, -6, 2, 0, 0
0.013122, 0, 0, 0, 0
0.013322, -36, 13, 0, 0
0.013522, 40, -3, 0, 0
0.013724, 12, -4, 0, 0
0.013922, -3, 25, 0, 0
0.014122, 1, -12, 0, 0
0.014322, -10, 28, 0, 0
0.014522, -10, 28, 0, 0
0.014722, 12, -4, 0, 0
0.014922, -4, -10, 0, 0
0.015122, -2, 12, 0, 0
0.015322, 2, -12, 0, 0
0.015522, 32, -24, 0, 0
0.015722, 28, 1, 0, 0
0.015922, -4, -10, 0, 0
0.016122, 2, -12, 0, 0
0.016322, 8, -15, 0, 0
0.016522, -8, 15, 0, 0
0.016724, 0, 0, 0, 0
0.016922, 0, 0, 0, 0
0.017122, 20, -20, 0, 0
0.017322, 10, 8, 0, 0
0.017522, -48, 19, 0, 0
0.017722, -6, 2, 0, 0
0.017922, -8, 15, 0, 0
0.018124, 1, -12, 0, 0
0.018324, -3, 25, 0, 0
0.018522, -6, 2, 0, 0
0.018722, 2, 23, 0, 0
0.018922, -14, 17, 0, 0
0.019122, 0, 0, 0, 0
0.019322, 42, -16, 0, 0
0.019522, -20, 19, 0, 0
0.019722, -3, -10, 0, 0
0.019922, -1, 12, 0, 0
0.020122, -8, 15, 0, 0
0.020322, -2, 12, 0, 0
0.020522, -3, 25, 0, 0
0.020722, 0, 0, 0, 0
0.020922, -1, 12, 0, 0
0.021122, -6, 2, 0, 0
0.021522, 0, 0, 0, 0
0.021722, -105, 52, 0, 0
0.021922, 0, 0, 0, 0
0.022122, 2, -12, 0, 0
0.022322, 38, 9, 0, 0
0.022522, -20, 19, 0, 0
0.022722, 26, -22, 0, 0
0.022922, -2, 12, 0, 0
0.023122, -6, 2, 0, 0
0.023322, -8, 15, 0, 0
0.023522, -8, 15, 0, 0
0.023722, 7, 21, 0, 0
0.023922, -13, 54, 0, 0
0.024122, -10, 28, 0, 0
0.024322, 38, 9, 0, 0
0.024522, -4, -10, 0, 0
0.024722, -6, 2, 0, 0
0.024922, -8, 15, 0, 0
0.025122, 2, -12, 0, 0
0.025322, 0, 0, 0, 0
0.025522, -4, 25, 0, 0
0.025722, -6, 2, 0, 0
0.025922, 0, 0, 0, 0
0.026122, -6, 2, 0, 0
0.026328, 2, -12, 0, 0
0.026522, -14, 17, 0, 0
0.026722, 6, -2, 0, 0
0.026922, -8, 15, 0, 0
0.027122, -2, 12, 0, 0
0.027322, 12, -4, 0, 0
0.027522, -18, 6, 0, 0
0.027722, -4, -10, 0, 0
0.027922, 0, 0, 0, 0
0.028122, -40, 39, 0, 0
0.028328, 49, -54, 0, 0
0.028522, 22, 3, 0, 0
0.028722, 0, 0, 0, 0
0.028922, 1, 23, 0, 0
0.029122, -6, 2, 0, 0
0.029322, -8, 15, 0, 0
0.029522, -1, 12, 0, 0
0.029722, -4, 25, 0, 0
0.029922, -8, 15, 0, 0
0.030122, -3, -10, 0, 0
0.030322, -6, 2, 0, 0
0.030522, -8, 15, 0, 0
0.030722, -54, 20, 0, 0
0.030922, -2, 12, 0, 0
0.031122, -3, -10, 0, 0
0.031322, 44, -29, 0, 0
0.031522, -2, 12, 0, 0
0.031722, -20, 19, 0, 0
0.031922, -4, -10, 0, 0
0.032122, 42, -16, 0, 0
0.032322, -6, 2, 0, 0
0.032522, -10, 28, 0, 0
0.032722, 2, -12, 0, 0
0.032922, 6, -2, 0, 0
0.033122, -2, 12, 0, 0
0.033322, 2, -12, 0, 0
0.033522, -8, 15, 0, 0
0.033722, -6, 2, 0, 0
0.033922, -4, 25, 0, 0
0.034122, -10, 28, 0, 0
0.034322, -8, 15, 0, 0
0.034522, 4, 10, 0, 0
0.034722, -12, 4, 0, 0
0.034922, -55, 56, 0, 0
0.035122, 8, -15, 0, 0
0.035322, -8, 15, 0, 0
0.035522, -24, 45, 0, 0
0.035722, 0, 0, 0, 0
0.035922, 20, -165, 0, 0
0.036122, -56, 33, 0, 0
0.036322, -4, 25, 0, 0
0.036522, 2, -12, 0, 0
0.036722, -4, -10, 0, 0
0.036922, 0, 0, 0, 0
0.037122, -2, 12, 0, 0
0.037322, -3, 25, 0, 0
0.037522, -10, 28, 0, 0
0.037722, -28, 35, 0, 0
0.037922, 28, 1, 0, 0
0.038122, 12, -4, 0, 0
0.038322, -4, -10, 0, 0
0.038522, -4, -10, 0, 0
0.038722, 0, 0, 0, 0
0.038922, -10, 28, 0, 0
0.039122, 2, -12, 0, 0
0.039322, -4, 25, 0, 0
0.039522, -8, 15, 0, 0
0.039722, -18, 7, 0, 0
0.039922, -2, 12, 0, 0
0.040122, -10, 28, 0, 0
0.040322, -10, 28, 0, 0
0.040522, -6, 2, 0, 0
0.040722, 2, -12, 0, 0
0.040924, 1, -12, 0, 0
0.041122, -20, 19, 0, 0
0.041322, -2, 12, 0, 0
0.041522, -2, 12, 0, 0
0.041722, -6, 2, 0, 0
0.041924, 26, 13, 0, 0
0.042122, -53, 44, 0, 0
0.042322, -10, 28, 0, 0
0.042522, -8, 15, 0, 0
0.042722, 0, 0, 0, 0
0.042922, 0, 0, 0, 0
0.043122, -10, 28, 0, 0
0.043322, -4, 25, 0, 0
0.043522, -3, 25, 0, 0
0.043722, 4, 10, 0, 0
0.043928, -3, -10, 0, 0
0.044122, 6, -2, 0, 0
0.044322, -16, 30, 0, 0
0.044522, 3, 10, 0, 0
0.044722, -10, 28, 0, 0
0.044922, 28, -35, 0, 0
0.045122, -6, 38, 0, 0
0.045322, 0, 0, 0, 0
0.045522, -6, 2, 0, 0
0.045722, -10, 28, 0, 0
0.045922, -10, 28, 0, 0
0.046122, -10, 28, 0, 0
0.046328, 16, 6, 0, 0
0.046522, -10, 28, 0, 0
0.046722, -4, 25, 0, 0
0.046922, -85, 104, 0, 0
0.047122, -6, 2, 0, 0
0.047322, 0, 0, 0, 0
0.047522, -8, 15, 0, 0
0.047722, -14, 17, 0, 0
0.047922, 2, -12, 0, 0
0.048122, 3, 10, 0, 0
0.048328, -23, 135, 0, 0
0.048522, -12, 40, 0, 0
0.048722, 1, 23, 0, 0
0.048922, -2, 12, 0, 0
0.049122, -6, 2, 0, 0
0.049322, 2, -12, 0, 0
0.049522, -6, 2, 0, 0
0.049722, -40, 39, 0, 0
0.049922, -14, 17, 0, 0
0.050128, -8, 15, 0, 0
0.050322, -10, 28, 0, 0
0.050522, -10, 28, 0, 0
0.050722, 6, -2, 0, 0
0.050922, 10, -100, 0, 0
0.051122, 44, -29, 0, 0
0.051322, 0, 0, 0, 0
0.051522, -2, 12, 0, 0
0.051722, -2, 12, 0, 0
0.051922, -14, 17, 0, 0
0.052122, -3, -10, 0, 0
0.052322, -14, 17, 0, 0
0.052522, -101, 26, 0, 0
0.052722, -6, 2, 0, 0
0.052922, -9, 28, 0, 0
0.053122, -6, 2, 0, 0
0.053322, 0, 0, 0, 0
0.053522, -22, 32, 0, 0
0.053722, 4, -25, 0, 0
0.053922, -8, 15, 0, 0
0.054122, -6, 2, 0, 0
0.054322, 0, 0, 0, 0
0.054522, -1, 12, 0, 0
0.054722, -13, 11, 0, 0
0.054922, -4, 25, 0, 0
0.055122, -6, 2, 0, 0
0.055322, -8, 15, 0, 0
0.055522, -6, 2, 0, 0
0.055722, -4, -10, 0, 0
0.055922, -6, 2, 0, 0
0.056122, 44, -29, 0, 0
0.056322, 38, 9, 0, 0
0.056522, 8, -15, 0, 0
0.056728, -6, 2, 0, 0
0.056922, -14, 17, 0, 0
0.057122, -6, 2, 0, 0
0.057322, -7, 8, 0, 0
0.057522, 0, 0, 0, 0
0.057722, -22, 32, 0, 0
0.057922, 2, -12, 0, 0
0.058122, -93, 47, 0, 0
0.058322, -20, 19, 0, 0
0.058528, -10, 27, 0, 0
0.058722, -10, 28, 0, 0
0.058922, -15, 24, 0, 0
0.059122, 7, -8, 0, 0
0.059322, -3, -10, 0, 0
0.059522, -10, 28, 0, 0
0.059722, -2, 12, 0, 0
0.059922, 4, 10, 0, 0
0.060122, -10, 28, 0, 0
0.060322, -6, 2, 0, 0
0.060522, -89, 58, 0, 0
0.060722, -55, 20, 0, 0
0.060922, -8, 15, 0, 0
0.061122, 6, -74, 0, 0
0.061322, -4, -10, 0, 0
0.061522, -6, 2, 0, 0
0.061722, 42, -15, 0, 0
0.061922, -8, 15, 0, 0
0.062122, -26, 22, 0, 0
0.062322, -3, -10, 0, 0
0.062522, -46, 5, 0, 0
0.062722, -6, 2, 0, 0
0.062922, 0, 0, 0, 0
0.063122, 0, 0, 0, 0
0.063322, -8, 15, 0, 0
0.063522, -34, 37, 0, 0
0.063722, 6, -2, 0, 0
0.063922, -28, -1, 0, 0
0.064122, 10, 8, 0, 0
0.064322, 2, -12, 0, 0
0.064522, -4, 25, 0, 0
0.064722, -12, 40, 0, 0
0.064922, 1, -12, 0, 0
0.065122, 0, -36, 0, 0
0.065324, -1, 12, 0, 0
0.065522, -2, 12, 0, 0
0.065722, -6, 2, 0, 0
0.065922, 2, -12, 0, 0
0.066122, 40, -2, 0, 0
0.066322, 2, -12, 0, 0
0.066522, 0, 0, 0, 0
0.066722, -6, 2, 0, 0
0.066922, -2, 12, 0, 0
0.067122, -18, 43, 0, 0
0.067322, 0, 0, 0, 0
0.067522, -6, 2, 0, 0
0.067722, -10, 28, 0, 0
0.067922, -2, 12, 0, 0
0.068122, -6, 2, 0, 0
0.068322, -4, 25, 0, 0
0.068522, -4, -10, 0, 0
0.068722, 2, -12, 0, 0
0.068922, 0, 0, 0, 0
0.069122, -1, 12, 0, 0
0.069322, 0, 0, 0, 0
0.069522, -4, 25, 0, 0
0.069722, -4, -10, 0, 0
0.069922, -6, 2, 0, 0
0.070122, -4, -10, 0, 0
0.070322, -4, 25, 0, 0
0.070522, 8, 21, 0, 0
0.070722, -8, 15, 0, 0
0.070922, -8, 15, 0, 0
0.071122, 2, -12, 0, 0
0.071322, 4, 10, 0, 0
0.071522, -6, 2, 0, 0
0.071722, -18, 6, 0, 0
0.071922, -18, 43, 0, 0
0.072122, -4, -10, 0, 0
0.072322, -10, 28, 0, 0
0.072522, -10, 28, 0, 0
0.072722, 16, 5, 0, 0
0.072922, -6, 2, 0, 0
0.073122, 2, -12, 0, 0
0.073322, 89, -22, 0, 0
0.073522, -6, 2, 0, 0
0.073722, 0, 0, 0, 0
0.073922, -25, 15, 0, 0
0.074122, -6, 2, 0, 0
0.074322, -22, -3, 0, 0
0.074522, -18, 7, 0, 0
0.074722, -2, 12, 0, 0
0.074922, 6, -2, 0, 0
0.075122, -3, -10, 0, 0
0.075322, -23, 105, 0, 0
0.075522, 22, -32, 0, 0
0.075722, -4, -10, 0, 0
0.075922, -8, 15, 0, 0
0.076122, -2, 12, 0, 0
0.076322, -3, -10, 0, 0
0.076722, 0, 0, 0, 0
0.076922, 18, -7, 0, 0
0.077122, -20, 19, 0, 0
0.077322, -8, 15, 0, 0
0.077522, -14, 17, 0, 0
0.077722, 0, 0, 0, 0
0.077922, 44, -29, 0, 0
0.078122, -20, 19, 0, 0
0.078322, -6, 2, 0, 0
0.078522, -6, 2, 0, 0
0.078722, -10, 28, 0, 0
0.078922, -10, 28, 0, 0
0.079122, 2, -12, 0, 0
0.079322, -53, 43, 0, 0
0.079522, -10, 28, 0, 0
0.079722, 2, 23, 0, 0
0.079922, -10, 28, 0, 0
0.080122, -6, 2, 0, 0
0.080322, -8, 15, 0, 0
0.080722, -4, 25, 0, 0
0.080922, 40, -3, 0, 0
0.081122, -6, 2, 0, 0
0.081322, 4, 10, 0, 0
0.081522, -22, 32, 0, 0
0.081722, -8, 15, 0, 0
0.081922, -8, 15, 0, 0
0.082122, -3, -10, 0, 0
0.082322, 0, 0, 0, 0
0.082522, -6, 2, 0, 0
0.082728, 0, 0, 0, 0
0.082922, -6, 2, 0, 0
0.083122, 40, -3, 0, 0
0.083322, -10, 28, 0, 0
0.083522, -4, 25, 0, 0
0.083722, -10, 28, 0, 0
0.083928, -8, 15, 0, 0
0.084122, -2, -17, 0, 0
0.084322, -38, 26, 0, 0
0.084522, 1, 23, 0, 0
0.084722, -2, 12, 0, 0
0.084922, -10, 28, 0, 0
0.085122, -2, 12, 0, 0
0.085328, 12, -4, 0, 0
0.085522, -18, 43, 0, 0
0.085722, 0, -36, 0, 0
0.085922, -8, 15, 0, 0
0.086122, -2, 12, 0, 0
0.086322, -8, 15, 0, 0
0.086522, -9, 21, 0, 0
0.086722, -10, 28, 0, 0
0.086922, -8, 15, 0, 0
0.087122, -3, -10, 0, 0
0.087322, -13, 11, 0, 0
0.087522, -2, 12, 0, 0
0.087722, 44, -28, 0, 0
0.087922, 2, -12, 0, 0
0.088122, -2, 12, 0, 0
0.088322, -2, 12, 0, 0
0.088522, 2, -12, 0, 0
0.088722, -6, 2, 0, 0
0.088922, -10, 28, 0, 0
0.089122, -26, 22, 0, 0
0.089328, -8, 15, 0, 0
0.089522, -2, 12, 0, 0
0.089722, -8, 15, 0, 0
0.089922, 22, -32, 0, 0
0.090122, -3, -10, 0, 0
0.090322, -8, 15, 0, 0
0.090522, -21, 92, 0, 0
0.090722, 0, 0, 0, 0
0.090922, -6, 2, 0, 0
0.091122, 0, 0, 0, 0
0.091322, -6, 2, 0, 0
0.091522, -6, 2, 0, 0
0.091722, -8, 15, 0, 0
0.091922, 38, 9, 0, 0
0.092122, 2, -12, 0, 0
0.092328, -6, 2, 0, 0
0.092522, 0, 0, 0, 0
0.092722, -10, 28, 0, 0
0.092922, -22, 32, 0, 0
0.093122, -6, 2, 0, 0
0.093322, -4, -10, 0, 0
0.093522, 40, -3, 0, 0
0.093722, 0, 0, 0, 0
0.093922, -10, 28, 0, 0
0.094128, -6, 2, 0, 0
0.094328, -6, 2, 0, 0
0.094522, -18, 43, 0, 0
0.094722, 12, -77, 0, 0
0.094922, -8, 15, 0, 0
0.095122, -6, 2, 0, 0
0.095322, 12, -77, 0, 0
0.095528, 0, 0, 0, 0
0.095722, -32, 24, 0, 0
0.095922, 44, -29, 0, 0
0.096122, 0, 0, 0, 0
0.096322, -6, 2, 0, 0
0.096522, -2, 12, 0, 0
0.096722, 0, 0, 0, 0
0.096922, 0, 0, 0, 0
0.097122, -6, 2, 0, 0
0.097322, -22, 32, 0, 0
0.097522, -8, 15, 0, 0
0.097722, 40, -3, 0, 0
0.097922, 2, -12, 0, 0
0.098122, -4, -10, 0, 0
0.098322, -8, 15, 0, 0
0.098522, 7, 21, 0, 0
0.098722, -20, 19, 0, 0
0.098922, -8, 15, 0, 0
0.099122, 40, -3, 0, 0
0.099322, -6, 2, 0, 0
0.099522, -10, 28, 0, 0
0.099728, -8, 15, 0, 0
0.099922, -8, 15, 0, 0
0.000122, -8, 15, 0, 0
0.000322, 2, -12, 0, 0
0.000522, 42, -16, 0, 0
0.000722, -15, 23, 0, 0
0.000922, -6, 2, 0, 0
0.001122, -10, 28, 0, 0
0.001322, -2, 12, 0, 0
0.001522, -6, 2, 0, 0
0.001722, 48, -48, 0, 0
0.001924, 0, 0, 0, 0
0.002122, 0, 0, 0, 0
0.002322, -4, -10, 0, 0
0.002522, -8, 15, 0, 0
0.002722, -6, 2, 0, 0
0.002922, -4, -10, 0, 0
0.003122, -6, 2, 0, 0
0.003322, 6, -75, 0, 0
0.003522, -17, 0, 0, 0
0.003722, -8, 15, 0, 0
0.003922, -6, 2, 0, 0
0.004122, 10, 8, 0, 0
0.004322, -6, 2, 0, 0
0.004522, -14, 90, 0, 0
0.004722, -6, 2, 0, 0
0.004922, 26, -22, 0, 0
0.005122, -6, 2, 0, 0
0.005322, -6, 2, 0, 0
0.005522, -10, 28, 0, 0
0.005722, -4, 25, 0, 0
0.005922, -6, 2, 0, 0
0.006122, -6, 2, 0, 0
0.006322, 187, -57, 0, 0
0.006522, 12, -4, 0, 0
0.006722, -6, 2, 0, 0
0.006922, -6, 2, 0, 0
0.007122, -8, 15, 0, 0
0.007322, 38, 9, 0, 0
0.007522, -2, 12, 0, 0
0.007722, -50, 31, 0, 0
0.007922, 79, -29, 0, 0
0.008122, -6, 2, 0, 0
0.008322, -10, 28, 0, 0
0.008522, -6, 2, 0, 0
0.008722, 1, -6, 0, 0
0.008922, -16, 30, 0, 0
0.009122, -2, 12, 0, 0
0.009322, -6, 38, 0, 0
0.009522, 42, -15, 0, 0
0.009722, -6, 2, 0, 0
0.009922, -3, -10, 0, 0
0.010122, -6, 2, 0, 0
0.010322, -38, 26, 0, 0
0.010522, -8, 15, 0, 0
0.010722, -7, 8, 0, 0
0.010922, -2, 12, 0, 0
0.011122, 2, -12, 0, 0
0.011322, -2, 12, 0, 0
0.011522, 0, 0, 0, 0
0.011722, -10, 28, 0, 0
0.011922, 2, -12, 0, 0
0.012122, -4, -10, 0, 0
0.012522, -8, 15, 0, 0
0.012722, -6, 2, 0, 0
0.012922, -2, 12, 0, 0
0.013122, -6, 2, 0, 0
0.013322, -8, 15, 0, 0
0.013522, -20, 19, 0, 0
0.013722, -6, 2, 0, 0
0.013922, -2, 12, 0, 0
0.014122, -14, 17, 0, 0
0.014322, -22, -3, 0, 0
0.014522, 1, 23, 0, 0
0.014722, -2, 12, 0, 0
0.014922, -2, 12, 0, 0
0.015122, 0, 0, 0, 0
0.015322, -6, 2, 0, 0
0.015522, 4, 10, 0, 0
0.015722, -8, 15, 0, 0
0.015922, -9, 28, 0, 0
0.016122, 38, 9, 0, 0
0.016322, -10, 28, 0, 0
0.016522, -24, 45, 0, 0
0.016722, 38, 9, 0, 0
0.016922, 2, -12, 0, 0
0.017122, -18, 43, 0, 0
0.017322, -10, 28, 0, 0
0.017522, -10, 28, 0, 0
0.017722, 2, -12, 0, 0
0.017922, 1, 23, 0, 0
0.018122, -56, 33, 0, 0
0.018322, -10, 28, 0, 0
0.018528, 1, 23, 0, 0
0.018722, 12, -4, 0, 0
0.018922, 7, 21, 0, 0
0.019122, 2, -12, 0, 0
0.019322, -15, 90, 0, 0
0.019524, -6, 2, 0, 0
0.019722, -10, 28, 0, 0
0.019922, -4, -10, 0, 0
0.020128, 8, -15, 0, 0
0.020322, -10, 28, 0, 0
0.020522, 6, -2, 0, 0
0.020722, -4, 25, 0, 0
0.020928, -22, 32, 0, 0
0.021128, -4, 25, 0, 0
0.021322, -6, 2, 0, 0
0.021522, -6, 2, 0, 0
0.021722, -6, 2, 0, 0
0.021922, 14, -17, 0, 0
0.022122, -6, 38, 0, 0
0.022322, -134, 49, 0, 0
0.022522, -2, 12, 0, 0
0.022722, 8, 21, 0, 0
0.022922, -16, 30, 0, 0
0.023122, -2, 12, 0, 0
0.023322, -8, 15, 0, 0
0.023522, -10, 28, 0, 0
0.023722, 1, 23, 0, 0
0.023928, -3, -10, 0, 0
0.024122, -2, 12, 0, 0
0.024322, 10, 8, 0, 0
0.024522, -3, -10, 0, 0
0.024722, -57, 33, 0, 0
0.024922, 15, -126, 0, 0
0.025122, -6, 2, 0, 0
0.025322, 1, 23, 0, 0
0.025528, 2, -12, 0, 0
0.025722, -4, 25, 0, 0
0.025922, -4, -10, 0, 0
0.026122, 0, 0, 0, 0
0.026322, 0, 0, 0, 0
0.026522, 12, -4, 0, 0
0.026722, -6, 2, 0, 0
0.026922, 2, -12, 0, 0
0.027122, -2, 12, 0, 0
0.027324, -9, 28, 0, 0
0.027522, 40, -3, 0, 0
0.027722, -9, 28, 0, 0
0.027922, -8, 15, 0, 0
0.028122, -6, 2, 0, 0
0.028322, 45, -28, 0, 0
0.028522, 0, 0, 0, 0
0.028722, -2, 12, 0, 0
0.028922, -8, 15, 0, 0
0.029122, 10, 8, 0, 0
0.029322, -6, 2, 0, 0
0.029522, -6, 2, 0, 0
0.029722, -3, -10, 0, 0
0.029922, -8, 15, 0, 0
0.030122, 1, 23, 0, 0
0.030322, -10, 28, 0, 0
0.030522, -8, 15, 0, 0
0.030722, 44, -29, 0, 0
0.030922, 47, -41, 0, 0
0.031122, -21, 92, 0, 0
0.031322, 0, -36, 0, 0
0.031522, 26, 14, 0, 0
0.031722, -2, 12, 0, 0
0.031922, -11, -1, 0, 0
0.032122, -2, 12, 0, 0
0.032322, 0, 0, 0, 0
0.032522, 0, 0, 0, 0
0.032722, 2, -12, 0, 0
0.032922, -2, 12, 0, 0
0.033128, -8, 15, 0, 0
0.033322, 2, -12, 0, 0
0.033522, 2, 23, 0, 0
0.033722, 69, -38, 0, 0
0.033922, -26, 22, 0, 0
0.034122, 16, 5, 0, 0
0.034322, -6, 2, 0, 0
0.034522, -9, 28, 0, 0
0.034722, -25, 52, 0, 0
0.034922, -52, 7, 0, 0
0.035122, -8, 15, 0, 0
0.035322, -12, 4, 0, 0
0.035522, 0, 0, 0, 0
0.035722, -10, 28, 0, 0
0.035922, 2, -12, 0, 0
0.036122, -67, 97, 0, 0
0.036322, -8, 15, 0, 0
0.036522, -56, 33, 0, 0
0.036722, 10, 8, 0, 0
0.036922, -6, 2, 0, 0
0.037122, -4, 25, 0, 0
0.037322, -6, 2, 0, 0
0.037522, -8, 15, 0, 0
0.037722, -8, 15, 0, 0
0.037922, -4, -10, 0, 0
0.038122, -8, 15, 0, 0
0.038322, 1, 23, 0, 0
0.038522, -21, 92, 0, 0
0.038722, -8, 15, 0, 0
0.038922, -38, 26, 0, 0
0.039122, 10, -28, 0, 0
0.039322, -2, 12, 0, 0
0.039528, 6, -2, 0, 0
0.039722, -2, 12, 0, 0
0.039922, 0, 0, 0, 0
0.040122, -4, -10, 0, 0
0.040322, 91, -34, 0, 0
0.040522, 5, 4, 0, 0
0.040722, -6, 2, 0, 0
0.040922, -10, 28, 0, 0
0.041122, -6, 2, 0, 0
0.041322, -22, 32, 0, 0
0.041522, 16, 5, 0, 0
0.041722, -8, 15, 0, 0
0.041922, -2, 12, 0, 0
0.042122, -2, 12, 0, 0
0.042322, -2, 12, 0, 0
0.042522, 6, -2, 0, 0
0.042722, 2, -12, 0, 0
0.042922, -2, 12, 0, 0
0.043122, -9, 28, 0, 0
0.043322, -2, 12, 0, 0
0.043522, -8, 15, 0, 0
0.043722, -20, 19, 0, 0
0.043922, 3, 10, 0, 0
0.044122, -6, 2, 0, 0
0.044322, -4, 25, 0, 0
0.044522, -63, 71, 0, 0
0.044722, 32, -54, 0, 0
0.044922, -3, -10, 0, 0
0.045122, 8, 21, 0, 0
0.045322, 6, -75, 0, 0
0.045522, -6, 2, 0, 0
0.045722, -8, 15, 0, 0
0.045922, 2, 23, 0, 0
0.046122, -8, 15, 0, 0
0.046322, -2, 12, 0, 0
0.046522, -6, 2, 0, 0
0.046722, 38, 9, 0, 0
0.046922, -14, 17, 0, 0
0.047122, 6, -2, 0, 0
0.047322, -20, 19, 0, 0
0.047522, 2, -12, 0, 0
0.047722, -24, 45, 0, 0
0.047924, 0, 0, 0, 0
0.048124, -1, 12, 0, 0
0.048322, 20, -19, 0, 0
0.048522, 42, -16, 0, 0
0.048722, 11, -77, 0, 0
0.048922, -2, 12, 0, 0
0.049128, 6, -2, 0, 0
0.049322, -4, -10, 0, 0
0.049522, -2, 12, 0, 0
0.049722, 12, -4, 0, 0
0.049922, -5, -4, 0, 0
0.050122, 42, -16, 0, 0
0.050322, 4, -25, 0, 0
0.050522, 5, -38, 0, 0
0.050722, 1, 23, 0, 0
0.050922, -6, 2, 0, 0
0.051122, -20, 20, 0, 0
0.051322, -4, -10, 0, 0
0.051522, -2, 12, 0, 0
0.051722, -6, 2, 0, 0
0.051922, -8, 15, 0, 0
0.052122, -81, 78, 0, 0
0.052322, -10, 28, 0, 0
0.052522, -8, 15, 0, 0
0.052722, -2, 12, 0, 0
0.052922, -3, -10, 0, 0
0.053122, -3, 25, 0, 0
0.053322, -6, 2, 0, 0
0.053522, -8, 15, 0, 0
0.053722, -6, 2, 0, 0
0.053922, -6, 2, 0, 0
0.054122, -8, 15, 0, 0
0.054322, -8, 15, 0, 0
0.054522, -4, 25, 0, 0
0.054722, -4, -10, 0, 0
0.054922, 8, 21, 0, 0
0.055122, 0, -36, 0, 0
0.055322, -10, 28, 0, 0
0.055522, -2, 12, 0, 0
0.055722, -24, 45, 0, 0
0.055922, -51, 31, 0, 0
0.056122, -10, 28, 0, 0
0.056322, 2, -12, 0, 0
0.056522, -4, -10, 0, 0
0.056722, -2, 12, 0, 0
0.056922, 2, -12, 0, 0
0.057122, -20, 19, 0, 0
0.057322, -2, 12, 0, 0
0.057522, -8, 15, 0, 0
0.057722, -3, -10, 0, 0
0.057922, -38, 26, 0, 0
0.058122, -46, 5, 0, 0
0.058322, 38, 9, 0, 0
0.058522, -20, 19, 0, 0
0.058722, -2, 12, 0, 0
0.058922, -11, -1, 0, 0
0.059128, -2, 12, 0, 0
0.059324, -34, 37, 0, 0
0.059522, -58, 76, 0, 0
0.059722, 6, -2, 0, 0
0.059922, 44, -29, 0, 0
0.060122, 6, -2, 0, 0
0.060322, -10, 28, 0, 0
0.060522, -8, 15, 0, 0
0.060722, -20, 19, 0, 0
0.060922, 0, 0, 0, 0
0.061122, 12, -4, 0, 0
0.061322, -24, 45, 0, 0
0.061522, 12, -4, 0, 0
0.061722, 0, 0, 0, 0
0.061922, 0, -36, 0, 0
0.062122, 0, 0, 0, 0
0.062322, 6, -2, 0, 0
0.062522, 3, -19, 0, 0
0.062722, 42, -15, 0, 0
0.062928, -8, 15, 0, 0
0.063122, 2, -12, 0, 0
0.063322, 0, 0, 0, 0
0.063522, 6, -2, 0, 0
0.063728, -4, 25, 0, 0
0.063922, -3, 25, 0, 0
0.064122, -12, 4, 0, 0
0.064322, -8, 15, 0, 0
0.064522, 42, -15, 0, 0
0.064722, 89, -21, 0, 0
0.064922, -8, 15, 0, 0
0.065122, -8, 15, 0, 0
0.065322, -22, 32, 0, 0
0.065522, -10, 28, 0, 0
0.065722, 14, -17, 0, 0
0.065922, 8, -15, 0, 0
0.066122, -2, 12, 0, 0
0.066322, 10, 8, 0, 0
0.066522, 0, 0, 0, 0
0.066722, -6, 2, 0, 0
0.066922, 80, -73, 0, 0
0.067122, 46, -5, 0, 0
0.067322, -10, 28, 0, 0
0.067524, -16, 37, 0, 0
0.067722, -32, 24, 0, 0
0.067922, 0, 0, 0, 0
0.068128, -2, 12, 0, 0
0.068322, -21, 26, 0, 0
0.068522, -4, 25, 0, 0
0.068722, -8, 15, 0, 0
0.068922, 2, -12, 0, 0
0.069122, 0, 0, 0, 0
0.069322, -13, 11, 0, 0
0.069522, 42, -15, 0, 0
0.069722, 38, 9, 0, 0
0.069922, -10, 28, 0, 0
0.070128, -2, 12, 0, 0
0.070322, -4, -10, 0, 0
0.070522, -8, 15, 0, 0
0.070722, -8, 15, 0, 0
0.070922, -9, 28, 0, 0
0.071122, 12, -77, 0, 0
0.071322, 6, -2, 0, 0
0.071522, -8, 15, 0, 0
0.071722, -55, 56, 0, 0
0.071922, -4, 25, 0, 0
0.072122, -2, 12, 0, 0
0.072322, -2, 12, 0, 0
0.072522, -6, 2, 0, 0
0.072722, 7, 21, 0, 0
0.072922, -3, 25, 0, 0
0.073122, 40, -3, 0, 0
0.073322, 4, 10, 0, 0
0.073522, 1, -6, 0, 0
0.073722, -158, 89, 0, 0
0.073922, -3, -10, 0, 0
0.074122, -8, 15, 0, 0
0.074322, 0, 0, 0, 0
0.074522, 0, 0, 0, 0
0.074722, -10, 64, 0, 0
0.074922, -4, -10, 0, 0
0.075122, -4, -10, 0, 0
0.075328, 1, 23, 0, 0
0.075522, -6, 2, 0, 0
0.075722, -24, 45, 0, 0
0.075922, -4, 25, 0, 0
0.076122, -2, 12, 0, 0
0.076322, 14, -17, 0, 0
0.076522, -7, -21, 0, 0
0.076722, -24, 45, 0, 0
0.076928, -10, 27, 0, 0
0.077122, -4, 25, 0, 0
0.077322, 2, -12, 0, 0
0.077522, 2, -12, 0, 0
0.077722, -57, 33, 0, 0
0.077922, 14, 18, 0, 0
0.078122, 7, 21, 0, 0
0.078322, -18, 6, 0, 0
0.078528, -3, -10, 0, 0
0.078722, -4, 25, 0, 0
0.078922, -10, 28, 0, 0
0.079122, 1, 23, 0, 0
0.079322, -4, 25, 0, 0
0.079522, 40, -3, 0, 0
0.079722, -4, 25, 0, 0
0.079922, -8, 15, 0, 0
0.080122, -6, 2, 0, 0
0.080322, -10, 28, 0, 0
0.080522, 1, 23, 0, 0
0.080722, -6, 2, 0, 0
0.080922, 6, -2, 0, 0
0.081122, -8, 15, 0, 0
0.081322, 2, -12, 0, 0
0.081522, -4, 25, 0, 0
0.081722, -18, 43, 0, 0
0.081922, 2, -12, 0, 0
0.082122, -8, 15, 0, 0
0.082322, 42, -15, 0, 0
0.082522, 2, -12, 0, 0
0.082722, -10, 28, 0, 0
0.082922, -24, 45, 0, 0
0.083128, -10, 27, 0, 0
0.083322, -55, 20, 0, 0
0.083522, 0, 0, 0, 0
0.083722, -8, 15, 0, 0
0.083922, -10, 28, 0, 0
0.084122, -10, 28, 0, 0
0.084322, -1, 6, 0, 0
0.084522, -9, 28, 0, 0
0.084722, -6, 2, 0, 0
0.084922, -8, 15, 0, 0
0.085122, -8, 15, 0, 0
0.085322, 26, 14, 0, 0
0.085522, 8, -15, 0, 0
0.085722, -4, -10, 0, 0
0.085922, -22, 32, 0, 0
0.086122, -2, 12, 0, 0
0.086322, 6, -2, 0, 0
0.086522, 111, -17, 0, 0
0.086728, 14, -17, 0, 0
0.086922, -22, 32, 0, 0
0.087122, -6, 2, 0, 0
0.087322, -6, 2, 0, 0
0.087522, 0, 0, 0, 0
0.087722, -4, -10, 0, 0
0.087922, -8, 15, 0, 0
0.088122, -6, 2, 0, 0
0.088322, -2, 12, 0, 0
0.088522, -8, 15, 0, 0
0.088722, -2, 12, 0, 0
0.088922, 1, -12, 0, 0
0.089122, 63, -35, 0, 0
0.089322, -4, -10, 0, 0
0.089522, -67, 97, 0, 0
0.089722, 24, -9, 0, 0
0.089922, -6, 2, 0, 0
0.090122, -2, 12, 0, 0
0.090322, 0, 0, 0, 0
0.090528, -6, 2, 0, 0
0.090722, 24, 27, 0, 0
0.090922, -2, 12, 0, 0
0.091122, -12, 4, 0, 0
0.091322, 0, 0, 0, 0
0.091522, 6, -2, 0, 0
0.091722, -6, 2, 0, 0
0.091922, 2, -12, 0, 0
0.092122, -20, 19, 0, 0
0.092322, 28, 1, 0, 0
0.092522, -4, 25, 0, 0
0.092722, -6, 2, 0, 0
0.092922, 42, -16, 0, 0
0.093122, -10, 28, 0, 0
0.093322, 1, 23, 0, 0
0.093522, -4, -10, 0, 0
0.093722, 8, -51, 0, 0
0.093922, -10, 28, 0, 0
0.094122, -4, 25, 0, 0
0.094322, -4, -10, 0, 0
0.094522, 3, 10, 0, 0
0.094722, 0, 0, 0, 0
0.094922, 40, -3, 0, 0
0.095122, -8, 15, 0, 0
0.095322, 38, 9, 0, 0
0.095522, -6, 2, 0, 0
0.095728, -8, 15, 0, 0
0.095922, -2, 12, 0, 0
0.096128, -45, 28, 0, 0
0.096322, -10, 28, 0, 0
0.096522, -6, 2, 0, 0
0.096722, -3, 19, 0, 0
0.096922, -10, 28, 0, 0
0.097128, 0, 0, 0, 0
0.097322, 2, -12, 0, 0
0.097522, -6, 2, 0, 0
0.097722, 6, -2, 0, 0
0.097922, -8, 15, 0, 0
0.098128, -18, 6, 0, 0
0.098322, -28, -1, 0, 0
0.098522, 2, -12, 0, 0
0.098722, -6, 2, 0, 0
0.098922, 42, -15, 0, 0
0.099122, -6, 2, 0, 0
0.099328, -3, -10, 0, 0
0.099522, -2, 12, 0, 0
0.099722, -2, 12, 0, 0
0.099922, -10, 28, 0, 0
0.000122, -3, -10, 0, 0
0.000322, 6, -2, 0, 0
0.000522, -6, 2, 0, 0
0.000722, -8, 15, 0, 0
0.000922, -2, 12, 0, 0
0.001122, -20, 19, 0, 0
0.001322, 26, 14, 0, 0
0.001522, 26, -22, 0, 0
0.001722, -2, 12, 0, 0
0.001922, 6, -2, 0, 0
0.002128, 20, -19, 0, 0
0.002322, 2, -12, 0, 0
0.002522, -10, 28, 0, 0
0.002722, 0, 0, 0, 0
0.002922, -6, 2, 0, 0
0.003122, -2, 12, 0, 0
0.003322, -2, 12, 0, 0
0.003522, -2, 12, 0, 0
0.003722, -2, 12, 0, 0
0.003922, -2, 12, 0, 0
0.004122, -8, 15, 0, 0
0.004322, -10, 28, 0, 0
0.004522, 3, 10, 0, 0
0.004722, -6, 2, 0, 0
0.004922, -2, 12, 0, 0
0.005122, 0, 0, 0, 0
0.005328, 12, -4, 0, 0
0.005522, -22, 32, 0, 0
0.005722, -2, 12, 0, 0
0.005922, -8, 15, 0, 0
0.006122, -4, -10, 0, 0
0.006322, -3, -10, 0, 0
0.006522, -20, 19, 0, 0
0.006722, -2, 12, 0, 0
0.006922, -3, -10, 0, 0
0.007122, 0, 0, 0, 0
0.007322, -8, 15, 0, 0
0.007522, -8, 15, 0, 0
0.007722, 6, -75, 0, 0
0.007922, -2, 12, 0, 0
0.008122, -14, 17, 0, 0
0.008322, -3, -10, 0, 0
0.008522, 0, 0, 0, 0
0.008722, -4, 25, 0, 0
0.008922, 3, -19, 0, 0
0.009128, -2, 12, 0, 0
0.009322, 2, -12, 0, 0
0.009522, -8, 15, 0, 0
0.009728, -6, 2, 0, 0
0.009928, -18, 6, 0, 0
0.010128, 2, -12, 0, 0
0.010322, 0, 0, 0, 0
0.010522, -28, 35, 0, 0
0.010722, -2, 12, 0, 0
0.010922, 7, 21, 0, 0
0.011122, -61, 58, 0, 0
0.011322, 2, 23, 0, 0
0.011522, -2, 12, 0, 0
0.011722, 2, -12, 0, 0
0.011922, 0, 0, 0, 0
0.012122, -63, 71, 0, 0
0.012322, -6, 2, 0, 0
0.012522, 3, 10, 0, 0
0.012722, -52, 7, 0, 0
0.012922, 12, -77, 0, 0
0.013122, 3, 10, 0, 0
0.013328, 20, -19, 0, 0
0.013522, -6, 2, 0, 0
0.013722, -2, 12, 0, 0
0.013922, 42, -16, 0, 0
0.014128, 56, 3, 0, 0
0.014322, -6, 2, 0, 0
0.014528, 0, 0, 0, 0
0.014728, 6, -2, 0, 0
0.014922, -6, 2, 0, 0
0.015128, 0, 0, 0, 0
0.015322, -16, 30, 0, 0
0.015522, -8, 15, 0, 0
0.015722, -22, 32, 0, 0
0.015922, 4, -25, 0, 0
0.016122, -16, 30, 0, 0
0.016322, -8, 15, 0, 0
0.016522, -8, 15, 0, 0
0.016722, -16, 30, 0, 0
0.016922, 0, 0, 0, 0
0.017122, 10, 8, 0, 0
0.017322, -5, -4, 0, 0
0.017528, -8, 15, 0, 0
0.017722, 6, -2, 0, 0
0.017922, -6, 2, 0, 0
0.018122, 38, 9, 0, 0
0.018322, 42, -16, 0, 0
0.018522, 2, -12, 0, 0
0.018722, -18, 6, 0, 0
0.018922, 11, -100, 0, 0
0.019122, -6, 2, 0, 0
0.019322, -2, 12, 0, 0
0.019522, 45, -28, 0, 0
0.019722, 2, -12, 0, 0
0.019922, -18, 6, 0, 0
0.020122, 0, 0, 0, 0
0.020328, 7, 21, 0, 0
0.020522, 10, 8, 0, 0
0.020722, -14, 17, 0, 0
0.020922, 8, -15, 0, 0
0.021128, 6, -2, 0, 0
0.021328, -10, 27, 0, 0
0.021528, -6, 2, 0, 0
0.021722, -4, -10, 0, 0
0.021922, -16, 30, 0, 0
0.022122, 10, 8, 0, 0
0.022328, 0, 0, 0, 0
0.022522, -10, 28, 0, 0
0.022728, -2, 12, 0, 0
0.022928, -8, 15, 0, 0
0.023122, -4, 25, 0, 0
0.023328, -8, 15, 0, 0
0.023522, -2, 12, 0, 0
0.023728, -2, 12, 0, 0
0.023922, 4, 10, 0, 0
0.024122, -20, 19, 0, 0
0.024322, 2, -12, 0, 0
0.024522, 40, -3, 0, 0
0.024722, 0, 0, 0, 0
0.024922, -10, 28, 0, 0
0.025128, -2, 12, 0, 0
0.025322, 40, -3, 0, 0
0.025522, 48, -18, 0, 0
0.025722, -51, 31, 0, 0
0.025928, -46, 5, 0, 0
0.026128, -8, 15, 0, 0
0.026322, -8, 15, 0, 0
0.026522, 0, 0, 0, 0
0.026722, -8, 15, 0, 0
0.026922, -6, 2, 0, 0
0.027128, 0, 0, 0, 0
0.027322, -16, 30, 0, 0
0.027522, -16, 30, 0, 0
0.027728, 7, -8, 0, 0
0.027922, 0, 0, 0, 0
0.028122, -2, 12, 0, 0
0.028328, -2, 12, 0, 0
0.028522, -10, 28, 0, 0
0.028722, 0, 0, 0, 0
0.028928, -20, 19, 0, 0
0.029122, -10, 28, 0, 0
0.029322, 0, 0, 0, 0
0.029522, -3, -10, 0, 0
0.029722, -13, 113, 0, 0
0.029922, -10, 28, 0, 0
0.030128, -12, 4, 0, 0
0.030522, 0, 0, 0, 0
0.030728, -14, 17, 0, 0
0.030928, 45, -28, 0, 0
0.031122, 14, -17, 0, 0
0.031322, -10, 28, 0, 0
0.031522, 12, -4, 0, 0
0.031722, -14, 17, 0, 0
0.031928, -6, 2, 0, 0
0.032128, -2, 12, 0, 0
0.032322, 2, -12, 0, 0
0.032522, -17, 103, 0, 0
0.032722, 0, 0, 0, 0
0.032922, 26, -22, 0, 0
0.033122, -16, 66, 0, 0
0.033322, 95, -53, 0, 0
0.033522, -6, 2, 0, 0
0.033722, -6, 2, 0, 0
0.033928, -2, 12, 0, 0
0.034122, 6, -2, 0, 0
0.034322, 16, -30, 0, 0
0.034522, -6, 2, 0, 0
0.034722, -2, 12, 0, 0
0.034922, 6, -2, 0, 0
0.035128, -106, 50, 0, 0
0.035322, 6, -2, 0, 0
0.035522, -10, 28, 0, 0
0.035722, -22, 32, 0, 0
0.035922, -12, 4, 0, 0
0.036122, 2, -12, 0, 0
0.036322, -12, 4, 0, 0
0.036522, -8, 15, 0, 0
0.036728, -3, -10, 0, 0
0.036922, -8, 15, 0, 0
0.037128, -6, 2, 0, 0
0.037322, 4, -25, 0, 0
0.037522, -8, 15, 0, 0
0.037722, 0, 0, 0, 0
0.037922, -2, 12, 0, 0
0.038122, 0, 0, 0, 0
0.038328, 39, -26, 0, 0
0.038522, -8, 15, 0, 0
0.038728, 26, -21, 0, 0
0.038922, -6, 2, 0, 0
0.039122, 40, -3, 0, 0
0.039322, -6, 2, 0, 0
0.039528, -6, 2, 0, 0
0.039722, 22, -32, 0, 0
0.039922, -52, 7, 0, 0
0.040122, -4, -10, 0, 0
0.040322, -36, -52, 0, 0
0.040522, -10, 28, 0, 0
0.040728, 2, -12, 0, 0
0.040922, -3, -10, 0, 0
0.041122, 38, 9, 0, 0
0.041328, -4, 25, 0, 0
0.041522, -16, 30, 0, 0
0.041722, 5, 34, 0, 0
0.041922, -4, -10, 0, 0
0.042128, -6, 2, 0, 0
0.042328, -14, 17, 0, 0
0.042528, -3, -10, 0, 0
0.042722, 40, -2, 0, 0
0.042922, 14, -17, 0, 0
0.043122, 67, -24, 0, 0
0.043322, 0, 0, 0, 0
0.043522, -18, 6, 0, 0
0.043722, -8, 15, 0, 0
0.043928, -2, 12, 0, 0
0.044122, -2, 12, 0, 0
0.044322, -4, -10, 0, 0
0.044528, 0, 0, 0, 0
0.044728, 136, -25, 0, 0
0.044922, -2, 12, 0, 0
0.045122, -10, 28, 0, 0
0.045328, 0, 0, 0, 0
0.045522, -8, 15, 0, 0
0.045722, 0, 0, 0, 0
0.045922, -2, 12, 0, 0
0.046128, -8, 15, 0, 0
0.046322, -8, 15, 0, 0
0.046528, -6, 2, 0, 0
0.046728, 42, -15, 0, 0
0.046928, 0, 0, 0, 0
0.047122, 0, 0, 0, 0
0.047328, 40, -2, 0, 0
0.047528, -3, -10, 0, 0
0.047728, -18, 6, 0, 0
0.047922, -38, 26, 0, 0
0.048122, 10, 8, 0, 0
0.048322, 8, -15, 0, 0
0.048522, -8, 15, 0, 0
0.048722, -6, 2, 0, 0
0.048922, -2, 12, 0, 0
0.049122, -2, 12, 0, 0
0.049328, -6, 2, 0, 0
0.049522, -52, 7, 0, 0
0.049722, -6, 2, 0, 0
0.049922, 40, -2, 0, 0
0.050128, -6, 2, 0, 0
0.050322, 2, -12, 0, 0
0.050522, -8, 15, 0, 0
0.050728, 2, -12, 0, 0
0.050922, -6, 2, 0, 0
0.051122, -14, 17, 0, 0
0.051328, -6, 2, 0, 0
0.051522, -4, 25, 0, 0
0.051722, 3, 10, 0, 0
0.051928, -10, 27, 0, 0
0.052128, 3, 10, 0, 0
0.052328, 40, -2, 0, 0
0.052528, -6, 2, 0, 0
0.052728, -20, 19, 0, 0
0.052922, 2, -12, 0, 0
0.053128, 12, -4, 0, 0
0.053322, 0, 0, 0, 0
0.053522, -10, 28, 0, 0
0.053728, -2, 12, 0, 0
0.053922, -8, 15, 0, 0
0.054122, -12, 40, 0, 0
0.054322, 1, 23, 0, 0
0.054522, 42, -16, 0, 0
0.054722, -6, 2, 0, 0
0.054922, 1, 23, 0, 0
0.055128, -6, 38, 0, 0
0.055322, -2, 12, 0, 0
0.055528, -22, 32, 0, 0
0.055722, -22, 32, 0, 0
0.055922, 0, 0, 0, 0
0.056128, -10, 27, 0, 0
0.056328, 1, 23, 0, 0
0.056522, 0, 0, 0, 0
0.056722, -8, 15, 0, 0
0.056928, -6, 2, 0, 0
0.057128, -8, 15, 0, 0
0.057328, -10, 27, 0, 0
0.057522, -4, 25, 0, 0
0.057722, 42, -15, 0, 0
0.057922, 6, -2, 0, 0
0.058128, 2, -12, 0, 0
0.058322, -6, 2, 0, 0
0.058522, -104, 38, 0, 0
0.058722, -10, 28, 0, 0
0.058928, -6, 2, 0, 0
0.059128, -2, 12, 0, 0
0.059322, 3, 10, 0, 0
0.059528, 7, 21, 0, 0
0.059722, 45, -28, 0, 0
0.059922, 10, 8, 0, 0
0.060122, -14, 90, 0, 0
0.060322, 8, -15, 0, 0
0.060522, -46, -30, 0, 0
0.060722, -10, 28, 0, 0
0.060922, 1, 23, 0, 0
0.061122, -3, -10, 0, 0
0.061322, -3, -10, 0, 0
0.061522, -2, 12, 0, 0
0.061722, 0, 0, 0, 0
0.062128, -4, 25, 0, 0
0.062322, 1, 23, 0, 0
0.062522, 0, 0, 0, 0
0.062728, 2, -12, 0, 0
0.062922, 0, 0, 0, 0
0.063122, 5, 4, 0, 0
0.063322, 38, 9, 0, 0
0.063528, -20, 19, 0, 0
0.063722, -6, 2, 0, 0
0.063922, 1, 23, 0, 0
0.064128, -8, 15, 0, 0
0.064328, -6, 2, 0, 0
0.064528, -16, 89, 0, 0
0.064728, -13, 40, 0, 0
0.064928, 40, -2, 0, 0
0.065128, 6, -2, 0, 0
0.065328, -10, 27, 0, 0
0.065522, 22, -32, 0, 0
0.065722, -2, 12, 0, 0
0.065922, -6, 2, 0, 0
0.066122, -6, 2, 0, 0
0.066322, 2, -12, 0, 0
0.066522, 61, -22, 0, 0
0.066722, -10, 28, 0, 0
0.066922, -8, 15, 0, 0
0.067122, -8, 15, 0, 0
0.067322, -2, 12, 0, 0
0.067522, 0, 0, 0, 0
0.067728, 0, 0, 0, 0
0.067922, -3, -10, 0, 0
0.068128, -6, 2, 0, 0
0.068328, 47, -41, 0, 0
0.068528, 2, 17, 0, 0
0.068728, -10, 27, 0, 0
0.068928, -10, 27, 0, 0
0.069128, 6, -2, 0, 0
0.069328, -10, 27, 0, 0
0.069522, -10, 28, 0, 0
0.069728, -2, 12, 0, 0
0.069928, 1, 23, 0, 0
0.070128, 0, 0, 0, 0
0.070322, -8, 15, 0, 0
0.070528, -20, 19, 0, 0
0.070722, -2, 12, 0, 0
0.070922, -2, 12, 0, 0
0.071128, -2, 12, 0, 0
0.071322, 40, -2, 0, 0
0.071528, -8, 15, 0, 0
0.071728, -6, 2, 0, 0
0.071928, -55, 20, 0, 0
0.072128, -2, 12, 0, 0
0.072322, -6, 2, 0, 0
0.072528, -8, 15, 0, 0
0.072728, 0, 0, 0, 0
0.072928, -3, -10, 0, 0
0.073128, -3, -10, 0, 0
0.073322, -8, 15, 0, 0
0.073528, -6, 2, 0, 0
0.073728, -6, 2, 0, 0
0.073928, -59, 45, 0, 0
0.074128, -21, 92, 0, 0
0.074328, -6, 2, 0, 0
0.074522, 4, -62, 0, 0
0.074728, 30, -11, 0, 0
0.074922, -3, -10, 0, 0
0.075122, 1, 23, 0, 0
0.075528, 2, -12, 0, 0
0.075728, -23, 32, 0, 0
0.075922, -28, 101, 0, 0
0.076128, 28, 1, 0, 0
0.076322, 93, -47, 0, 0
0.076528, -8, 15, 0, 0
0.076728, -32, 24, 0, 0
0.076928, 2, -12, 0, 0
0.077122, 33, 5, 0, 0
0.077322, -1, -23, 0, 0
0.077522, -6, 2, 0, 0
0.077722, -6, 2, 0, 0
0.077922, 1, 23, 0, 0
0.078122, -8, 15, 0, 0
0.078322, -6, 2, 0, 0
0.078522, 10, 8, 0, 0
0.078728, -2, 12, 0, 0
0.078928, -8, 15, 0, 0
0.079128, -4, 25, 0, 0
0.079322, 0, 0, 0, 0
0.079528, -6, 2, 0, 0
0.079722, -2, 12, 0, 0
0.079922, -4, 25, 0, 0
0.080122, 42, -15, 0, 0
0.080328, 38, -19, 0, 0
0.080522, -18, 43, 0, 0
0.080722, -24, 45, 0, 0
0.080928, -2, 12, 0, 0
0.081122, -4, 25, 0, 0
0.081328, -8, 15, 0, 0
0.081528, -19, 42, 0, 0
0.081722, -10, 28, 0, 0
0.081922, 26, -21, 0, 0
0.082128, -19, 42, 0, 0
0.082328, -6, 2, 0, 0
0.082528, -4, 25, 0, 0
0.082728, 13, 19, 0, 0
0.082922, 12, -70, 0, 0
0.083122, -6, 2, 0, 0
0.083328, -2, 12, 0, 0
0.083528, -4, 25, 0, 0
0.083728, 40, -2, 0, 0
0.083928, 7, 21, 0, 0
0.084128, -2, 12, 0, 0
0.084328, -6, 2, 0, 0
0.084528, 49, -17, 0, 0
0.084722, -2, 12, 0, 0
0.084922, -16, 30, 0, 0
0.085128, -8, 15, 0, 0
0.085328, 43, -15, 0, 0
0.085522, -2, 12, 0, 0
0.085722, -6, 2, 0, 0
0.085928, -3, -10, 0, 0
0.086128, -4, 25, 0, 0
0.086328, -8, 15, 0, 0
0.086522, -8, 15, 0, 0
0.086728, 40, -2, 0, 0
0.086928, 0, 0, 0, 0
0.087128, -6, 38, 0, 0
0.087328, 12, -4, 0, 0
0.087528, 6, -2, 0, 0
0.087722, -8, 15, 0, 0
0.087922, -12, 4, 0, 0
0.088128, -10, 27, 0, 0
0.088322, -8, 15, 0, 0
0.088528, 29, -34, 0, 0
0.088728, 7, 21, 0, 0
0.088922, -42, 15, 0, 0
0.089128, -2, 12, 0, 0
0.089322, 42, -15, 0, 0
0.089522, 38, 9, 0, 0
0.089722, -2, 12, 0, 0
0.089922, 18, -6, 0, 0
0.090122, 2, -12, 0, 0
0.090328, -6, 2, 0, 0
0.090522, -12, 4, 0, 0
0.090728, -10, 27, 0, 0
0.090922, 1, 23, 0, 0
0.091122, -4, 25, 0, 0
0.091328, 0, 0, 0, 0
0.091528, -6, 2, 0, 0
0.091728, -84, 90, 0, 0
0.091928, -6, 2, 0, 0
0.092128, 38, 10, 0, 0
0.092328, -6, 2, 0, 0
0.092728, 4, -25, 0, 0
0.092928, 0, 0, 0, 0
0.093122, -10, 28, 0, 0
0.093328, -8, 15, 0, 0
0.093528, -10, 27, 0, 0
0.093728, -25, 45, 0, 0
0.093922, -4, 25, 0, 0
0.094128, 6, -2, 0, 0
0.094322, -22, 32, 0, 0
0.094522, -8, 15, 0, 0
0.094722, -8, 15, 0, 0
0.094928, 2, -12, 0, 0
0.095128, 10, 8, 0, 0
0.095328, -51, 30, 0, 0
0.095528, -2, 12, 0, 0
0.095728, -4, 25, 0, 0
0.095928, -7, 8, 0, 0
0.096122, -3, -10, 0, 0
0.096328, -8, 15, 0, 0
0.096528, 20, -19, 0, 0
0.096722, -21, 128, 0, 0
0.096922, -4, 25, 0, 0
0.097122, -10, 28, 0, 0
0.097328, -4, 25, 0, 0
0.097528, -6, 2, 0, 0
0.097728, -6, 2, 0, 0
0.097928, 38, 10, 0, 0
0.098128, 0, 0, 0, 0
0.098322, 40, -3, 0, 0
0.098522, 2, -12, 0, 0
0.098728, -3, -10, 0, 0
0.098922, -4, 25, 0, 0
0.099122, -3, -10, 0, 0
0.099328, 12, -4, 0, 0
0.099528, 0, 0, 0, 0
0.099722, 42, -16, 0, 0
0.099928, -6, 2, 0, 0
0.000128, -4, 25, 0, 0
0.000328, -2, 12, 0, 0
0.000528, -8, 15, 0, 0
0.000722, -6, 2, 0, 0
0.000928, -3, -10, 0, 0
0.001128, -6, 2, 0, 0
0.001328, -8, 15, 0, 0
0.001528, -46, 4, 0, 0
0.001722, -8, 15, 0, 0
0.001928, -8, 15, 0, 0
0.002122, 7, -74, 0, 0
0.002328, -31, 47, 0, 0
0.002522, -29, 107, 0, 0
0.002728, -4, 25, 0, 0
0.002928, -104, 37, 0, 0
0.003122, -6, 2, 0, 0
0.003328, -8, 15, 0, 0
0.003528, -14, 17, 0, 0
0.003728, -22, 32, 0, 0
0.003928, 0, 0, 0, 0
0.004122, -14, 17, 0, 0
0.004328, -3, -10, 0, 0
0.004522, 6, -38, 0, 0
0.004728, -6, 2, 0, 0
0.004928, -3, -10, 0, 0
0.005128, -8, 15, 0, 0
0.005328, 0, 0, 0, 0
0.005722, -6, 2, 0, 0
0.005928, -89, 115, 0, 0
0.006128, -4, 25, 0, 0
0.006328, 2, -12, 0, 0
0.006528, -3, -10, 0, 0
0.006728, -2, 12, 0, 0
0.006922, -10, 28, 0, 0
0.007122, -6, 2, 0, 0
0.007322, 2, -12, 0, 0
0.007528, -8, 15, 0, 0
0.007728, -2, 12, 0, 0
0.007928, 43, -15, 0, 0
0.008128, -2, 12, 0, 0
0.008322, 22, -32, 0, 0
0.008528, -2, 12, 0, 0
0.008722, -18, 6, 0, 0
0.008928, -6, 2, 0, 0
0.009128, 8, -15, 0, 0
0.009328, -2, 12, 0, 0
0.009522, -8, 15, 0, 0
0.009728, -10, 27, 0, 0
0.009928, -10, 27, 0, 0
0.010128, -2, 12, 0, 0
0.010322, 2, -12, 0, 0
0.010528, 12, -4, 0, 0
0.010728, -63, 35, 0, 0
0.010928, -10, 27, 0, 0
0.011122, -8, 15, 0, 0
0.011322, 45, -28, 0, 0
0.011528, -6, 2, 0, 0
0.011728, -6, 2, 0, 0
0.011928, -8, 15, 0, 0
0.012128, -6, 2, 0, 0
0.012328, -8, 15, 0, 0
0.012522, 0, 0, 0, 0
0.012728, 2, -12, 0, 0
0.012922, -2, 12, 0, 0
0.013128, -3, -10, 0, 0
0.013328, -10, 27, 0, 0
0.013522, -2, 12, 0, 0
0.013728, -102, 23, 0, 0
0.013922, -22, -3, 0, 0
0.014128, -6, 2, 0, 0
0.014328, -8, 14, 0, 0
0.014528, 0, 0, 0, 0
0.014722, 0, 0, 0, 0
0.014922, -3, -10, 0, 0
0.015128, 32, -23, 0, 0
0.015328, -2, 12, 0, 0
0.015522, 42, -15, 0, 0
0.015728, -8, 14, 0, 0
0.015928, -2, 12, 0, 0
0.016128, -2, 12, 0, 0
0.016322, -3, -10, 0, 0
0.016528, 23, 27, 0, 0
0.016722, 3, 10, 0, 0
0.016928, 0, 0, 0, 0
0.017128, -3, -10, 0, 0
0.017322, -3, -10, 0, 0
0.017528, -3, -10, 0, 0
0.017728, 8, -15, 0, 0
0.017928, -6, 2, 0, 0
0.018128, -16, 30, 0, 0
0.018322, 0, 0, 0, 0
0.018528, -2, 12, 0, 0
0.018722, -3, -10, 0, 0
0.018922, -6, 2, 0, 0
0.019328, 3, 10, 0, 0
0.019528, -4, 25, 0, 0
0.019728, -3, -10, 0, 0
0.019928, -30, 107, 0, 0
0.020128, -10, 27, 0, 0
0.020328, 116, -42, 0, 0
0.020522, -53, 43, 0, 0
0.020728, 0, 0, 0, 0
0.020928, 3, 10, 0, 0
0.021128, -8, 15, 0, 0
0.021322, 40, -2, 0, 0
0.021528, -8, 15, 0, 0
0.021728, -8, 15, 0, 0
0.021922, 0, 0, 0, 0
0.022128, 6, -2, 0, 0
0.022328, -6, 2, 0, 0
0.022528, -8, 15, 0, 0
0.022728, -6, 2, 0, 0
0.022928, -6, 2, 0, 0
0.023122, -4, -10, 0, 0
0.023328, -6, 2, 0, 0
0.023528, -6, 2, 0, 0
0.023728, -53, 6, 0, 0
0.023928, 1, 23, 0, 0
0.024128, 8, -15, 0, 0
0.024322, 8, -15, 0, 0
0.024522, -11, 34, 0, 0
0.024722, -8, 15, 0, 0
0.024928, -4, 25, 0, 0
0.025128, 45, -28, 0, 0
0.025328, -18, 6, 0, 0
0.025522, 3, 10, 0, 0
0.025728, -10, 27, 0, 0
0.025922, 0, 0, 0, 0
0.026122, -4, 25, 0, 0
0.026328, 40, -2, 0, 0
0.026528, -5, -4, 0, 0
0.026728, -4, 25, 0, 0
0.026922, -2, 12, 0, 0
0.027128, -4, 25, 0, 0
0.027328, -39, 26, 0, 0
0.027528, 43, -15, 0, 0
0.027728, 22, -32, 0, 0
0.027928, -6, 2, 0, 0
0.028122, -6, 2, 0, 0
0.028328, -3, -10, 0, 0
0.028528, -6, 2, 0, 0
0.028728, 0, 0, 0, 0
0.028922, -6, 2, 0, 0
0.029128, -10, 27, 0, 0
0.029322, -4, 25, 0, 0
0.029528, -10, 27, 0, 0
0.029728, 2, -12, 0, 0
0.029928, 0, 0, 0, 0
0.030122, -4, 25, 0, 0
0.030328, 28, 1, 0, 0
0.030528, 0, 0, 0, 0
0.030728, 45, -28, 0, 0
0.030922, -4, 25, 0, 0
0.031128, -8, 15, 0, 0
0.031322, 2, -12, 0, 0
0.031522, -10, 28, 0, 0
0.031728, -53, 43, 0, 0
0.031922, -4, 25, 0, 0
0.032128, -3, -10, 0, 0
0.032328, 3, 10, 0, 0
0.032528, 2, -12, 0, 0
0.032728, -8, 15, 0, 0
0.032922, -16, 30, 0, 0
0.033128, 2, -12, 0, 0
0.033328, -10, 27, 0, 0
0.033528, 22, 4, 0, 0
0.033722, -8, 15, 0, 0
0.033928, -6, 2, 0, 0
0.034122, 0, 0, 0, 0
0.034328, -8, 15, 0, 0
0.034528, -10, 27, 0, 0
0.034728, -3, -10, 0, 0
0.035128, -2, 12, 0, 0
0.035328, -3, -10, 0, 0
0.035528, -2, 12, 0, 0
0.035728, 0, 0, 0, 0
0.035928, -2, 12, 0, 0
0.036128, 6, -2, 0, 0
0.036322, -4, 25, 0, 0
0.036528, -3, -10, 0, 0
0.036728, -4, 25, 0, 0
0.036928, -1, -23, 0, 0
0.037122, 40, -2, 0, 0
0.037328, -3, -10, 0, 0
0.037522, -6, 2, 0, 0
0.037728, -2, 12, 0, 0
0.037928, -8, 15, 0, 0
0.038122, 1, 23, 0, 0
0.038328, 42, -15, 0, 0
0.038528, -2, 12, 0, 0
0.038722, -8, 15, 0, 0
0.038922, 45, -28, 0, 0
0.039128, 4, -25, 0, 0
0.039322, 22, 3, 0, 0
0.039522, 4, -25, 0, 0
0.039722, 28, -34, 0, 0
0.039928, 2, -12, 0, 0
0.040128, 0, 0, 0, 0
0.040328, -6, 2, 0, 0
0.040522, 2, -12, 0, 0
0.040728, -2, 12, 0, 0
0.040922, -20, 19, 0, 0
0.041122, -59, 82, 0, 0
0.041322, 8, -15, 0, 0
0.041522, 1, 23, 0, 0
0.041722, -6, 2, 0, 0
0.041928, 43, -15, 0, 0
0.042128, 10, 8, 0, 0
0.042322, -6, 2, 0, 0
0.042528, -14, 17, 0, 0
0.042722, -6, 2, 0, 0
0.042928, -25, 45, 0, 0
0.043128, -1, -23, 0, 0
0.043328, -36, 109, 0, 0
0.043528, -4, 25, 0, 0
0.043722, 2, -12, 0, 0
0.043928, 40, -2, 0, 0
0.044122, -8, 15, 0, 0
0.044328, 2, -12, 0, 0
0.044522, 42, -15, 0, 0
0.044728, 3, 10, 0, 0
0.044928, -8, 15, 0, 0
0.045128, 2, -12, 0, 0
0.045328, -10, 27, 0, 0
0.045528, -8, 15, 0, 0
0.045728, -14, 17, 0, 0
0.045928, 18, -72, 0, 0
0.046122, 42, -16, 0, 0
0.046328, -4, 25, 0, 0
0.046528, -2, 12, 0, 0
0.046722, 12, -4, 0, 0
0.046928, 26, 74, 0, 0
0.047128, -8, 15, 0, 0
0.047322, -3, -10, 0, 0
0.047522, 3, 10, 0, 0
0.047722, 14, -17, 0, 0
0.047922, -4, 25, 0, 0
0.048122, 1, 23, 0, 0
0.048322, 40, -2, 0, 0
0.048528, -6, 2, 0, 0
0.048728, -6, 2, 0, 0
0.048922, -16, 30, 0, 0
0.049122, 0, 0, 0, 0
0.049322, -10, 28, 0, 0
0.049528, -4, 25, 0, 0
0.049722, -6, 2, 0, 0
0.049928, -18, 6, 0, 0
0.050128, -6, 2, 0, 0
0.050328, 0, 0, 0, 0
0.050528, 30, -11, 0, 0
0.050722, -6, 38, 0, 0
0.050922, 0, 0, 0, 0
0.051128, -1, 6, 0, 0
0.051322, -14, 17, 0, 0
0.051522, -2, 12, 0, 0
0.051728, -8, 15, 0, 0
0.051928, 6, -2, 0, 0
0.052128, -10, 27, 0, 0
0.052328, -3, -10, 0, 0
0.052528, 2, -12, 0, 0
0.052722, 0, 0, 0, 0
0.052922, -2, 12, 0, 0
0.053128, 1, 23, 0, 0
0.053328, -25, 45, 0, 0
0.053528, -6, 2, 0, 0
0.053728, -2, 12, 0, 0
0.053922, -6, 2, 0, 0
0.054128, -8, 15, 0, 0
0.054328, 2, -12, 0, 0
0.054528, -10, 27, 0, 0
0.054728, -4, 25, 0, 0
0.054928, 0, -36, 0, 0
0.055128, -3, -10, 0, 0
0.055328, -6, 2, 0, 0
0.055528, -6, 2, 0, 0
0.055728, 2, -12, 0, 0
0.055928, -6, 2, 0, 0
0.056122, 6, -2, 0, 0
0.056328, -6, 2, 0, 0
0.056528, -49, 17, 0, 0
0.056728, 10, 8, 0, 0
0.056928, 6, -2, 0, 0
0.057128, -2, 12, 0, 0
0.057322, -48, 18, 0, 0
0.057528, -49, 17, 0, 0
0.057722, 40, -2, 0, 0
0.057928, 14, -17, 0, 0
0.058128, -4, 25, 0, 0
0.058328, -10, 27, 0, 0
0.058528, -6, 2, 0, 0
0.058728, -8, 15, 0, 0
0.058922, 45, -28, 0, 0
0.059128, -2, 12, 0, 0
0.059322, -8, 15, 0, 0
0.059528, -3, -10, 0, 0
0.059728, -3, -10, 0, 0
0.059928, -6, 2, 0, 0
0.060122, -4, 25, 0, 0
0.060328, -8, 15, 0, 0
0.060528, -23, 32, 0, 0
0.060728, -8, 15, 0, 0
0.060922, -2, 12, 0, 0
0.061122, -2, 12, 0, 0
0.061328, -8, 15, 0, 0
0.061528, -10, 27, 0, 0
0.061722, -2, 12, 0, 0
0.061928, -4, 25, 0, 0
0.062128, -8, 15, 0, 0
0.062322, -6, 2, 0, 0
0.062528, -10, 27, 0, 0
0.062728, -2, 12, 0, 0
0.062928, 87, -7, 0, 0
0.063122, -10, 28, 0, 0
0.063322, 0, 0, 0, 0
0.063522, 6, -2, 0, 0
0.063728, -8, 15, 0, 0
0.063922, 38, 9, 0, 0
0.064128, -6, 2, 0, 0
0.064322, -6, 2, 0, 0
0.064522, -8, 15, 0, 0
0.064722, -30, -25, 0, 0
0.064928, 0, -36, 0, 0
0.065122, -20, 19, 0, 0
0.065322, 12, -4, 0, 0
0.065528, 92, -33, 0, 0
0.065722, 38, 9, 0, 0
0.065922, -2, 12, 0, 0
0.066122, -10, 28, 0, 0
0.066322, -2, 12, 0, 0
0.066528, -8, 15, 0, 0
0.066728, -23, 32, 0, 0
0.066928, -8, 15, 0, 0
0.067128, -6, 2, 0, 0
0.067328, -10, 27, 0, 0
0.067528, -4, 25, 0, 0
0.067722, 6, -2, 0, 0
0.067928, -6, 2, 0, 0
0.068128, 0, 0, 0, 0
0.068328, -6, 2, 0, 0
0.068522, -2, 12, 0, 0
0.068722, 14, 18, 0, 0
0.068928, -6, 2, 0, 0
0.069128, -2, 12, 0, 0
0.069328, 0, 0, 0, 0
0.069528, -2, -17, 0, 0
0.069722, -4, 25, 0, 0
0.069928, -8, 15, 0, 0
0.070122, 44, -29, 0, 0
0.070328, -26, 21, 0, 0
0.070528, -3, -10, 0, 0
0.070722, 0, -36, 0, 0
0.070928, -23, 32, 0, 0
0.071122, -8, 15, 0, 0
0.071328, -8, 15, 0, 0
0.071528, -6, 2, 0, 0
0.071722, -2, 12, 0, 0
0.071928, -14, 17, 0, 0
0.072122, 55, -57, 0, 0
0.072322, 42, -15, 0, 0
0.072522, -18, 6, 0, 0
0.072722, -2, 12, 0, 0
0.072922, -6, 2, 0, 0
0.073128, -2, 12, 0, 0
0.073328, -2, 12, 0, 0
0.073528, -3, -10, 0, 0
0.073728, -3, -10, 0, 0
0.073928, -59, 45, 0, 0
0.074122, -8, 15, 0, 0
0.074328, -10, 27, 0, 0
0.074522, -6, 2, 0, 0
0.074722, -8, 15, 0, 0
0.074922, 42, -16, 0, 0
0.075128, 13, 19, 0, 0
0.075328, -6, 2, 0, 0
0.075522, -4, 25, 0, 0
0.075728, -25, 45, 0, 0
0.075922, -25, 118, 0, 0
0.076128, -8, 15, 0, 0
0.076322, -6, 2, 0, 0
0.076528, -3, -10, 0, 0
0.076728, -8, 15, 0, 0
0.076922, -14, 90, 0, 0
0.077128, -10, 27, 0, 0
0.077328, -4, 25, 0, 0
0.077528, 6, -2, 0, 0
0.077728, -10, 27, 0, 0
0.077928, 0, -36, 0, 0
0.078128, 40, -2, 0, 0
0.078328, -2, 12, 0, 0
0.078522, -2, 12, 0, 0
0.078722, -6, 2, 0, 0
0.078928, 45, -28, 0, 0
0.079122, -10, 28, 0, 0
0.079328, -10, 27, 0, 0
0.079528, 8, -74, 0, 0
0.079728, -2, 12, 0, 0
0.079928, -16, 30, 0, 0
0.080122, 0, 0, 0, 0
0.080328, -8, 15, 0, 0
0.080522, -6, 2, 0, 0
0.080722, -6, 2, 0, 0
0.080928, 23, 27, 0, 0
0.081128, -6, 2, 0, 0
0.081328, -16, 30, 0, 0
0.081528, -19, 42, 0, 0
0.081728, -31, 47, 0, 0
0.081928, 20, -19, 0, 0
0.082122, 40, -3, 0, 0
0.082322, -2, 12, 0, 0
0.082528, -2, 12, 0, 0
0.082722, -8, 15, 0, 0
0.082922, 2, -12, 0, 0
0.083128, 49, -17, 0, 0
0.083328, -10, 27, 0, 0
0.083522, -8, 15, 0, 0
0.083722, -4, 25, 0, 0
0.083928, 89, -20, 0, 0
0.084122, 2, -12, 0, 0
0.084322, 4, -25, 0, 0
0.084528, -2, 12, 0, 0
0.084722, 38, 9, 0, 0
0.084928, 7, 21, 0, 0
0.085122, -8, 15, 0, 0
0.085328, -6, 2, 0, 0
0.085528, 43, -15, 0, 0
0.085728, -2, 12, 0, 0
0.085928, -36, 13, 0, 0
0.086128, -6, 2, 0, 0
0.086322, 40, -2, 0, 0
0.086522, -4, 25, 0, 0
0.086728, -10, 27, 0, 0
0.086922, -53, 43, 0, 0
0.087128, 0, 0, 0, 0
0.087322, -8, 15, 0, 0
0.087522, -14, 17, 0, 0
0.087722, -3, -10, 0, 0
0.087922, 0, 0, 0, 0
0.088128, -6, 2, 0, 0
0.088328, -8, 15, 0, 0
0.088528, 12, -4, 0, 0
0.088728, -8, -14, 0, 0
0.088922, -20, 19, 0, 0
0.089128, -4, 25, 0, 0
0.089322, -2, 12, 0, 0
0.089522, 40, -2, 0, 0
0.089728, -66, 47, 0, 0
0.089922, -16, 66, 0, 0
0.090122, 0, 0, 0, 0
0.090322, -16, 30, 0, 0
0.090522, -8, 15, 0, 0
0.090728, -19, 42, 0, 0
0.090928, -2, 12, 0, 0
0.091122, 61, -22, 0, 0
0.091322, 6, -2, 0, 0
0.091522, -8, 15, 0, 0
0.091728, 3, 10, 0, 0
0.091928, -2, 12, 0, 0
0.092128, -2, 12, 0, 0
0.092322, 2, -12, 0, 0
0.092522, 20, -19, 0, 0
0.092722, -6, 2, 0, 0
0.092928, -8, 15, 0, 0
0.093122, -18, 43, 0, 0
0.093328, -2, 12, 0, 0
0.093528, -10, 27, 0, 0
0.093728, -8, 15, 0, 0
0.093922, -2, 12, 0, 0
0.094122, -36, 13, 0, 0
0.094322, -18, 6, 0, 0
0.094522, 40, -2, 0, 0
0.094728, -6, 2, 0, 0
0.094928, -6, 2, 0, 0
0.095128, -12, 40, 0, 0
0.095328, -6, 2, 0, 0
0.095528, 6, -2, 0, 0
0.095722, 12, -40, 0, 0
0.095922, -3, -10, 0, 0
0.096122, -8, 15, 0, 0
0.096322, 12, -4, 0, 0
0.096528, -22, 32, 0, 0
0.096728, -10, 27, 0, 0
0.096922, 22, -32, 0, 0
0.097122, -2, 12, 0, 0
0.097328, -8, 15, 0, 0
0.097522, 6, -2, 0, 0
0.097722, -3, -10, 0, 0
0.097922, -16, 30, 0, 0
0.098128, 192, -81, 0, 0
0.098328, -20, 19, 0, 0
0.098528, 0, 0, 0, 0
0.098722, 28, -34, 0, 0
0.098928, -2, 12, 0, 0
0.099128, -8, 15, 0, 0
0.099328, -19, 43, 0, 0
0.099528, -8, 14, 0, 0
0.099728, -6, 2, 0, 0
0.099922, -2, 12, 0, 0
0.000122, 2, -12, 0, 0
0.000328, -6, 2, 0, 0
0.000528, 40, -2, 0, 0
0.000728, -10, 27, 0, 0
0.000928, -8, 15, 0, 0
0.001128, -2, 12, 0, 0
0.001328, -2, 12, 0, 0
0.001528, -6, 2, 0, 0
0.001728, 2, -12, 0, 0
0.001928, 10, 8, 0, 0
0.002128, -13, 40, 0, 0
0.002328, 12, -4, 0, 0
0.002528, 0, 0, 0, 0
0.002722, -8, 15, 0, 0
0.002922, 8, -15, 0, 0
0.003128, 0, 0, 0, 0
0.003322, -6, 2, 0, 0
0.003528, 9, 8, 0, 0
0.003728, -8, 15, 0, 0
0.003928, -16, 30, 0, 0
0.004128, -6, 2, 0, 0
0.004328, -6, 2, 0, 0
0.004528, -58, 75, 0, 0
0.004722, 13, -77, 0, 0
0.004928, -6, 2, 0, 0
0.005128, -3, -10, 0, 0
0.005322, 0, 0, 0, 0
0.005528, -3, -10, 0, 0
0.005728, 0, 0, 0, 0
0.005922, 0, 0, 0, 0
0.006128, -34, 0, 0, 0
0.006328, -6, 2, 0, 0
0.006528, 18, -6, 0, 0
0.006728, 0, 0, 0, 0
0.006928, 0, -36, 0, 0
0.007122, -10, 28, 0, 0
0.007322, -8, 15, 0, 0
0.007522, 6, -2, 0, 0
0.007722, 9, -153, 0, 0
0.007922, -33, 60, 0, 0
0.008128, -8, 15, 0, 0
0.008328, 2, -12, 0, 0
0.008528, -10, 27, 0, 0
0.008728, -3, -10, 0, 0
0.008928, -4, 25, 0, 0
0.009128, 7, 21, 0, 0
0.009328, -4, 25, 0, 0
0.009522, 2, -12, 0, 0
0.009728, -6, 2, 0, 0
0.009928, 16, 6, 0, 0
0.010128, 0, 0, 0, 0
0.010322, -14, 17, 0, 0
0.010522, 24, -9, 0, 0
0.010728, -4, 25, 0, 0
0.010928, -2, 12, 0, 0
0.011122, -8, 15, 0, 0
0.011322, -6, 2, 0, 0
0.011528, -6, 2, 0, 0
0.011728, -10, 27, 0, 0
0.011922, 42, -15, 0, 0
0.012122, -2, 12, 0, 0
0.012322, 38, 9, 0, 0
0.012522, -52, 8, 0, 0
0.012728, 0, 0, 0, 0
0.012928, 7, 21, 0, 0
0.013128, -6, 2, 0, 0
0.013328, 45, -28, 0, 0
0.013522, -20, 19, 0, 0
0.013728, -6, 2, 0, 0
0.013928, 116, -42, 0, 0
0.014128, -8, 15, 0, 0
0.014328, -6, 2, 0, 0
0.014522, -2, 12, 0, 0
0.014728, -3, -10, 0, 0
0.014922, 12, -4, 0, 0
0.015128, 0, 0, 0, 0
0.015322, -2, 12, 0, 0
0.015728, -88, 44, 0, 0
0.015928, -16, 30, 0, 0
0.016122, -10, 28, 0, 0
0.016328, -10, 27, 0, 0
0.016528, -2, 12, 0, 0
0.016728, 2, -12, 0, 0
0.016922, -8, 15, 0, 0
0.017128, 40, -2, 0, 0
0.017328, 43, -15, 0, 0
0.017528, 2, -12, 0, 0
0.017728, -2, 12, 0, 0
0.017928, -8, 15, 0, 0
0.018122, 6, -38, 0, 0
0.018328, -8, 15, 0, 0
0.018528, -16, 30, 0, 0
0.018722, -3, -10, 0, 0
0.018922, -22, 32, 0, 0
0.019122, -3, -10, 0, 0
0.019322, -2, 12, 0, 0
0.019522, 14, -17, 0, 0
0.019728, 44, 7, 0, 0
0.019928, 10, 8, 0, 0
0.020122, -2, 12, 0, 0
0.020328, 43, -15, 0, 0
0.020522, -6, 2, 0, 0
0.020722, -18, 43, 0, 0
0.020922, 2, -12, 0, 0
0.021128, 23, 27, 0, 0
0.021322, -14, 17, 0, 0
0.021528, 0, 0, 0, 0
0.021728, -8, 15, 0, 0
0.021928, -10, 27, 0, 0
0.022122, -6, 2, 0, 0
0.022322, -2, 12, 0, 0
0.022528, 10, 8, 0, 0
0.022728, -4, 25, 0, 0
0.022922, -8, 15, 0, 0
0.023128, 13, -77, 0, 0
0.023322, 0, 0, 0, 0
0.023522, 10, -64, 0, 0
0.023722, -3, -10, 0, 0
0.023928, 42, -15, 0, 0
0.024128, 6, -2, 0, 0
0.024322, -10, 28, 0, 0
0.024522, -4, 25, 0, 0
0.024728, -4, 25, 0, 0
0.024928, -3, -10, 0, 0
0.025128, 0, 0, 0, 0
0.025322, -10, 28, 0, 0
0.025528, -8, 15, 0, 0
0.025722, 3, 10, 0, 0
0.025928, -10, 27, 0, 0
0.026128, 43, -15, 0, 0
0.026328, -66, 83, 0, 0
0.026528, 19, -139, 0, 0
0.026728, -79, 28, 0, 0
0.026928, -10, 27, 0, 0
0.027128, -6, 2, 0, 0
0.027328, -4, 25, 0, 0
0.027522, -25, 52, 0, 0
0.027728, -4, 25, 0, 0
0.027928, -4, 25, 0, 0
0.028128, 43, -15, 0, 0
0.028328, -8, 15, 0, 0
0.028522, 7, -74, 0, 0
0.028728, -18, 6, 0, 0
0.028928, -20, 19, 0, 0
0.029128, 3, 10, 0, 0
0.029328, -10, 27, 0, 0
0.029528, -3, -10, 0, 0
0.029728, -3, -10, 0, 0
0.029928, -6, 2, 0, 0
0.030128, -3, -10, 0, 0
0.030328, -8, 15, 0, 0
0.030522, -10, 28, 0, 0
0.030728, -4, 25, 0, 0
0.030922, -4, 25, 0, 0
0.031128, 18, -6, 0, 0
0.031322, 0, 0, 0, 0
0.031528, -10, 27, 0, 0
0.031722, 42, -15, 0, 0
0.031928, -20, 19, 0, 0
0.032128, -10, 27, 0, 0
0.032328, -10, 27, 0, 0
0.032528, -2, 12, 0, 0
0.032728, -4, 25, 0, 0
0.032922, -4, 25, 0, 0
0.033122, -18, 6, 0, 0
0.033328, -8, 15, 0, 0
0.033528, 7, 21, 0, 0
0.033722, 10, 8, 0, 0
0.033928, -8, 15, 0, 0
0.034122, -6, 2, 0, 0
0.034328, -6, 2, 0, 0
0.034528, -12, 4, 0, 0
0.034728, -8, 15, 0, 0
0.034928, -60, 81, 0, 0
0.035128, -17, 30, 0, 0
0.035328, 2, -12, 0, 0
0.035528, -2, 12, 0, 0
0.035728, -2, 12, 0, 0
0.035922, -8, 15, 0, 0
0.036128, 38, 10, 0, 0
0.036322, 3, 10, 0, 0
0.036522, -20, 19, 0, 0
0.036728, 45, -28, 0, 0
0.036928, 2, -12, 0, 0
0.037122, 4, -62, 0, 0
0.037328, -18, 6, 0, 0
0.037528, -24, 8, 0, 0
0.037728, 6, -2, 0, 0
0.037928, 0, 0, 0, 0
0.038128, -5, -4, 0, 0
0.038322, 10, 8, 0, 0
0.038528, -16, 30, 0, 0
0.038722, -8, 15, 0, 0
0.038922, 6, -2, 0, 0
0.039128, -1, -23, 0, 0
0.039322, 0, 0, 0, 0
0.039528, 112, -15, 0, 0
0.039728, -2, 12, 0, 0
0.039928, -3, -10, 0, 0
0.040128, -3, -10, 0, 0
0.040328, 2, -12, 0, 0
0.040528, 40, -2, 0, 0
0.040728, -6, 38, 0, 0
0.040922, 1, -6, 0, 0
0.041128, -3, -10, 0, 0
0.041322, -6, 2, 0, 0
0.041528, 2, -12, 0, 0
0.041722, -21, 92, 0, 0
0.041928, -56, 55, 0, 0
0.042128, -8, 15, 0, 0
0.042328, 2, -12, 0, 0
0.042522, -34, 0, 0, 0
0.042728, 2, -12, 0, 0
0.042928, -1, -23, 0, 0
0.043128, 0, 0, 0, 0
0.043328, 4, -25, 0, 0
0.043528, 6, -2, 0, 0
0.043728, 6, -2, 0, 0
0.043928, -2, 12, 0, 0
0.044128, -2, 12, 0, 0
0.044328, -6, 2, 0, 0
0.044528, -10, 27, 0, 0
0.044728, 0, 0, 0, 0
0.044928, -49, 17, 0, 0
0.045128, -62, 28, 0, 0
0.045328, 0, 0, 0, 0
0.045528, -4, 25, 0, 0
0.045728, -2, 12, 0, 0
0.045922, -12, 4, 0, 0
0.046122, -2, 12, 0, 0
0.046328, -6, 2, 0, 0
0.046522, 3, -19, 0, 0
0.046728, -6, 2, 0, 0
0.046922, -6, 2, 0, 0
0.047122, -2, 12, 0, 0
0.047322, -6, 2, 0, 0
0.047528, -6, 2, 0, 0
0.047728, -4, 25, 0, 0
0.047928, -6, 2, 0, 0
0.048128, 12, -4, 0, 0
0.048328, 5, -32, 0, 0
0.048528, -7, -21, 0, 0
0.048728, 43, -15, 0, 0
0.048928, -6, 2, 0, 0
0.049128, -2, 12, 0, 0
0.049328, -6, 2, 0, 0
0.049528, 2, -12, 0, 0
0.049728, -6, 2, 0, 0
0.049928, -10, 27, 0, 0
0.050128, 96, -58, 0, 0
0.050328, -8, 15, 0, 0
0.050522, 40, -2, 0, 0
0.050728, 6, -2, 0, 0
0.050928, -4, 25, 0, 0
0.051122, -2, 12, 0, 0
0.051328, -13, 40, 0, 0
0.051528, 43, -15, 0, 0
0.051722, 13, -77, 0, 0
0.051928, -13, 10, 0, 0
0.052122, 0, 0, 0, 0
0.052328, -4, 25, 0, 0
0.052522, -10, 28, 0, 0
0.052722, 26, 14, 0, 0
0.052928, 12, -4, 0, 0
0.053128, 3, 10, 0, 0
0.053328, -8, 15, 0, 0
0.053528, 0, 0, 0, 0
0.053728, -8, 15, 0, 0
0.053928, -8, 15, 0, 0
0.054328, 29, -34, 0, 0
0.054528, -6, 2, 0, 0
0.054722, 41, -39, 0, 0
0.054922, -8, 15, 0, 0
0.055128, 7, 21, 0, 0
0.055322, 28, 1, 0, 0
0.055528, -8, 15, 0, 0
0.055728, -18, 6, 0, 0
0.055928, 35, -37, 0, 0
0.056128, -8, 15, 0, 0
0.056322, -10, 28, 0, 0
0.056528, 2, -12, 0, 0
0.056728, 12, -4, 0, 0
0.056928, 2, -12, 0, 0
0.057128, -2, 12, 0, 0
0.057328, -6, 2, 0, 0
0.057528, 2, -12, 0, 0
0.057728, -39, 26, 0, 0
0.057928, 2, -12, 0, 0
0.058122, -3, -10, 0, 0
0.058328, -6, 2, 0, 0
0.058528, 0, 0, 0, 0
0.058728, 2, -12, 0, 0
0.058928, 38, 10, 0, 0
0.059128, -2, 12, 0, 0
0.059328, -25, 45, 0, 0
0.059528, -8, 15, 0, 0
0.059728, 7, -8, 0, 0
0.059928, -6, 2, 0, 0
0.060128, -2, 12, 0, 0
0.060328, -10, 27, 0, 0
0.060528, -8, 15, 0, 0
0.060722, -4, 25, 0, 0
0.060928, 65, -11, 0, 0
0.061128, 0, 0, 0, 0
0.061328, 3, 10, 0, 0
0.061528, -3, -10, 0, 0
0.061728, -6, 2, 0, 0
0.061928, -4, 25, 0, 0
0.062128, 0, 0, 0, 0
0.062328, 0, 0, 0, 0
0.062528, 62, -117, 0, 0
0.062728, 0, 0, 0, 0
0.062928, -2, 12, 0, 0
0.063128, -8, 15, 0, 0
0.063322, -10, 28, 0, 0
0.063528, -6, 2, 0, 0
0.063728, 40, -2, 0, 0
0.063928, -6, 2, 0, 0
0.064128, 2, -12, 0, 0
0.064322, -10, 28, 0, 0
0.064528, -4, 25, 0, 0
0.064728, -10, 27, 0, 0
0.064928, 2, -12, 0, 0
0.065128, -44, -8, 0, 0
0.065328, 5, 4, 0, 0
0.065528, -8, 15, 0, 0
0.065722, 3, 10, 0, 0
0.065928, 8, -15, 0, 0
0.066128, 49, -17, 0, 0
0.066322, -10, 28, 0, 0
0.066528, 40, -2, 0, 0
0.066728, -15, 90, 0, 0
0.066928, -2, 12, 0, 0
0.067122, -8, 15, 0, 0
0.067322, 7, 21, 0, 0
0.067522, 52, -37, 0, 0
0.067728, 0, 0, 0, 0
0.067928, -10, 27, 0, 0
0.068128, -2, 12, 0, 0
0.068328, -2, 12, 0, 0
0.068528, 2, -12, 0, 0
0.068728, 42, -15, 0, 0
0.068928, 0, 0, 0, 0
0.069128, 0, 0, 0, 0
0.069328, 2, -12, 0, 0
0.069528, -8, 15, 0, 0
0.069722, 45, -28, 0, 0
0.069928, -8, 15, 0, 0
0.070122, 26, 14, 0, 0
0.070322, 38, 9, 0, 0
0.070528, -3, -10, 0, 0
0.070728, 0, 0, 0, 0
0.070928, 40, -2, 0, 0
0.071128, -20, 19, 0, 0
0.071328, -2, 12, 0, 0
0.071528, -9, 87, 0, 0
0.071728, -10, 27, 0, 0
0.071928, -6, 2, 0, 0
0.072128, -6, 2, 0, 0
0.072328, 14, -17, 0, 0
0.072528, -3, -10, 0, 0
0.072722, -4, 25, 0, 0
0.072928, 0, 0, 0, 0
0.073128, -10, 27, 0, 0
0.073328, -6, 2, 0, 0
0.073522, 40, -2, 0, 0
0.073728, -69, 0, 0, 0
0.073928, 12, -4, 0, 0
0.074122, -3, -10, 0, 0
0.074322, 13, -77, 0, 0
0.074528, 1, 23, 0, 0
0.074728, -2, 12, 0, 0
0.074928, -6, 2, 0, 0
0.075128, 0, 0, 0, 0
0.075328, 2, -12, 0, 0
0.075522, -20, 19, 0, 0
0.075928, -18, 6, 0, 0
0.076128, 20, -19, 0, 0
0.076328, -8, 15, 0, 0
0.076528, -10, 27, 0, 0
0.076728, -20, 19, 0, 0
0.076928, -26, 21, 0, 0
0.077128, -6, 2, 0, 0
0.077328, -3, -10, 0, 0
0.077528, 0, 0, 0, 0
0.077728, -2, 12, 0, 0
0.077928, 6, -2, 0, 0
0.078128, -10, 27, 0, 0
0.078328, -10, 27, 0, 0
0.078528, -8, 15, 0, 0
0.078728, 7, 21, 0, 0
0.078928, 8, -15, 0, 0
0.079122, -8, 15, 0, 0
0.079328, -10, 27, 0, 0
0.079528, 23, -32, 0, 0
0.079728, -8, 15, 0, 0
0.079928, 3, 10, 0, 0
0.080128, -6, 2, 0, 0
0.080328, -6, 2, 0, 0
0.080728, 6, -2, 0, 0
0.080928, -4, 25, 0, 0
0.081128, 0, 0, 0, 0
0.081328, -8, 15, 0, 0
0.081528, -6, 2, 0, 0
0.081728, 44, 8, 0, 0
0.081928, 20, -115, 0, 0
0.082128, 2, -12, 0, 0
0.082328, -8, 15, 0, 0
0.082528, -8, 15, 0, 0
0.082728, -6, 2, 0, 0
0.082928, -25, 45, 0, 0
0.083128, -2, 12, 0, 0
0.083322, 2, -12, 0, 0
0.083522, -8, 15, 0, 0
0.083728, -3, -10, 0, 0
0.083928, -10, 27, 0, 0
0.084128, -12, 4, 0, 0
0.084322, 0, 0, 0, 0
0.084528, -8, 15, 0, 0
0.084728, 0, 0, 0, 0
0.084928, -6, 2, 0, 0
0.085128, -16, 30, 0, 0
0.085328, -8, 15, 0, 0
0.085522, 1, 23, 0, 0
0.085728, -6, 2, 0, 0
0.085928, 18, -6, 0, 0
0.086128, 0, 0, 0, 0
0.086322, 2, -12, 0, 0
0.086528, 0, 0, 0, 0
0.086728, 14, -17, 0, 0
0.086928, 0, -36, 0, 0
0.087128, 0, 0, 0, 0
0.087322, 8, -15, 0, 0
0.087528, -6, 2, 0, 0
0.087728, 2, -12, 0, 0
0.087928, 63, -131, 0, 0
0.088122, -8, 15, 0, 0
0.088328, -10, 27, 0, 0
0.088522, 46, -5, 0, 0
0.088728, 26, 74, 0, 0
0.088928, -10, 27, 0, 0
0.089128, -25, 45, 0, 0
0.089328, 43, -15, 0, 0
0.089528, -6, 2, 0, 0
0.089728, -6, 2, 0, 0
0.089928, -2, 12, 0, 0
0.090128, -3, -10, 0, 0
0.090328, -8, 15, 0, 0
0.090528, -8, 15, 0, 0
0.090728, 12, -4, 0, 0
0.090928, -4, 25, 0, 0
0.091128, 6, -2, 0, 0
0.091328, 8, -15, 0, 0
0.091528, 61, -22, 0, 0
0.091728, -17, 30, 0, 0
0.091928, -2, 12, 0, 0
0.092128, -14, 17, 0, 0
0.092328, -114, 29, 0, 0
0.092528, 12, -4, 0, 0
0.092728, 56, -56, 0, 0
0.092928, -6, 2, 0, 0
0.093128, -3, -10, 0, 0
0.093328, -2, 12, 0, 0
0.093528, 28, 2, 0, 0
0.093728, -2, 12, 0, 0
0.093928, -2, 12, 0, 0
0.094122, 6, -2, 0, 0
0.094328, -13, 40, 0, 0
0.094528, -28, 130, 0, 0
0.094728, -10, 27, 0, 0
0.094928, 3, 10, 0, 0
0.095328, -6, 2, 0, 0
0.095528, 0, 0, 0, 0
0.095728, -6, 2, 0, 0
0.095922, -6, 2, 0, 0
0.096128, -20, 19, 0, 0
0.096328, -2, 12, 0, 0
0.096522, -3, -10, 0, 0
0.096728, -3, -10, 0, 0
0.096928, -20, 19, 0, 0
0.097128, 2, -12, 0, 0
0.097328, 1, 23, 0, 0
0.097528, -6, 2, 0, 0
0.097728, 46, -4, 0, 0
0.097928, -2, 12, 0, 0
0.098128, -10, 27, 0, 0
0.098322, -6, 2, 0, 0
0.098528, -10, 27, 0, 0
0.098728, 2, -12, 0, 0
0.098928, -2, 12, 0, 0
0.099128, 3, 10, 0, 0
0.099328, -10, 27, 0, 0
0.099528, -6, 2, 0, 0
0.099728, -10, 27, 0, 0
0.099922, 4, -25, 0, 0
0.000176, -2, 12, 0, 67
0.000376, 46, 31, 0, 67
0.000576, 4, 70, 0, 67
0.000764, -21, 56, 0, 67
0.000976, -77, 134, 0, 67
0.001176, 90, -20, 0, 67
0.001376, 85, 5, 0, 67
0.001576, -89, 117, 0, 67
0.001764, -85, 128, 0, 67
0.001964, 114, -67, 0, 67
0.002176, -23, 68, 0, 67
0.002364, -43, 88, 0, 67
0.002576, -20, 79, 0, 67
0.002764, 87, -8, 0, 67
0.002976, -13, 70, 0, 67
0.003164, -85, 128, 0, 67
0.003364, 60, 13, 0, 67
0.003564, -84, 55, 0, 67
0.003776, -13, 70, 0, 67
0.003964, 148, 41, 0, 67
0.004164, -10, 28, 0, 67
0.004364, -61, 59, 0, 67
0.004576, 29, 61, 0, 67
0.004776, 49, 78, 0, 67
0.004976, 3, -19, 0, 67
0.005176, -12, 41, 0, 67
0.005364, -40, 172, 0, 67
0.005564, 60, 13, 0, 67
0.005776, 23, -32, 0, 67
0.005964, -89, 117, 0, 67
0.006176, 37, 46, 0, 67
0.006376, 91, 3, 0, 67
0.006564, -14, 54, 0, 67
0.006776, -42, 75, 0, 67
0.006976, 33, 36, 0, 67
0.007164, 42, 56, 0, 67
0.007376, -35, 66, 0, 67
0.007564, -1, -23, 0, 67
0.007764, 30, 61, 0, 67
0.007976, -10, 160, 0, 67
0.008164, -10, 28, 0, 67
0.008376, 18, -6, 0, 67
0.008576, 1, 83, 0, 67
0.008776, 29, 61, 0, 67
0.008964, -12, 41, 0, 67
0.009176, -23, 68, 0, 67
0.009364, 23, 63, 0, 67
0.009564, 17, 29, 0, 67
0.009776, -35, 73, 0, 67
0.009964, 41, 26, 0, 67
0.010164, 3, 47, 0, 67
0.010376, -37, 49, 0, 67
0.010576, 40, 33, 0, 67
0.010776, 2, 83, 0, 67
0.010976, -35, 66, 0, 67
0.011164, 7, 57, 0, 67
0.011364, 33, 5, 0, 67
0.011564, -43, 88, 0, 67
0.011764, 49, 48, 0, 67
0.011964, -6, 38, 0, 67
0.012176, 2, 83, 0, 67
0.012364, 36, 22, 0, 67
0.012564, -38, 63, 0, 67
0.012776, 17, 29, 0, 67
0.012976, 12, 91, 0, 67
0.013164, 3, 83, 0, 67
0.013376, -30, 10, 0, 67
0.013576, 38, 10, 0, 67
0.013764, 61, 79, 0, 67
0.013976, -73, 26, 0, 67
0.014176, -42, 75, 0, 67
0.014364, 72, 45, 0, 67
0.014576, -25, 81, 0, 67
0.014764, -39, 63, 0, 67
0.014976, 42, 21, 0, 67
0.015164, 36, 22, 0, 67
0.015376, -49, 114, 0, 67
0.015576, -1, 73, 0, 67
0.015776, 24, -8, 0, 67
0.015976, 38, 40, 0, 67
0.016176, -13, 77, 0, 67
0.016376, -5, 32, 0, 67
0.016564, -8, 51, 0, 67
0.016776, 35, 59, 0, 67
0.016976, 34, 35, 0, 67
0.017176, -46, 101, 0, 67
0.017376, -1, -23, 0, 67
0.017564, 36, 22, 0, 67
0.017776, 17, 126, 0, 67
0.017964, -12, 41, 0, 67
0.018164, -6, 38, 0, 67
0.018364, 27, 44, 0, 67
0.018576, 36, 23, 0, 67
0.018764, -43, 88, 0, 67
0.018964, -35, 73, 0, 67
0.019176, 60, 13, 0, 67
0.019376, 17, 89, 0, 67
0.019576, -12, 41, 0, 67
0.019764, -1, -23, 0, 67
0.019976, -4, 122, 0, 67
0.020164, 48, 84, 0, 67
0.020376, -61, 22, 0, 67
0.020564, -12, 4, 0, 67
0.020776, 56, 69, 0, 67
0.020964, 1, 96, 0, 67
0.021164, -41, 76, 0, 67
0.021364, 15, 12, 0, 67
0.021576, 40, 33, 0, 67
0.021764, 30, 61, 0, 67
0.021976, -15, 53, 0, 67
0.022176, -2, -17, 0, 67
0.022376, 0, 96, 0, 67
0.022564, -3, 158, 0, 67
0.022776, 18, -6, 0, 67
0.022964, 41, -76, 0, 67
0.023164, -40, 209, 0, 67
0.023376, -7, 38, 0, 67
0.023564, 25, -45, 0, 67
0.023764, 1, 96, 0, 67
0.023976, 4, 70, 0, 67
0.024164, -6, 38, 0, 67
0.024364, 5, 70, 0, 67
0.024576, 36, 23, 0, 67
0.024776, -34, 67, 0, 67
0.024976, 5, 34, 0, 67
0.025164, 52, 28, 0, 67
0.025364, -12, 77, 0, 67
0.025576, 0, 96, 0, 67
0.025776, -30, 10, 0, 67
0.025976, 36, 23, 0, 67
0.026176, 18, 89, 0, 67
0.026376, -36, 73, 0, 67
0.026576, 80, 31, 0, 67
0.026776, -3, 49, 0, 67
0.026976, -85, 91, 0, 67
0.027164, 52, 65, 0, 67
0.027376, 47, -41, 0, 67
0.027564, -14, 53, 0, 67
0.027764, -48, 114, 0, 67
0.027964, 83, 17, 0, 67
0.028164, -12, 41, 0, 67
0.028376, -49, 113, 0, 67
0.028576, 47, -4, 0, 67
0.028764, 7, 57, 0, 67
0.028964, -13, 77, 0, 67
0.029176, 36, 23, 0, 67
0.029376, -24, 68, 0, 67
0.029564, -48, 114, 0, 67
0.029776, 56, 39, 0, 67
0.029976, 24, -8, 0, 67
0.030176, -42, 75, 0, 67
0.030376, 15, 139, 0, 67
0.030576, 54, -43, 0, 67
0.030976, 4, 70, 0, 67
0.031176, 42, 21, 0, 67
0.031376, 36, 23, 0, 67
0.031576, -49, 114, 0, 67
0.031776, -37, 79, 0, 67
0.031976, 85, 5, 0, 67
0.032176, 56, 40, 0, 67
0.032376, -62, 58, 0, 67
0.032576, -15, 23, 0, 67
0.032776, 78, 44, 0, 67
0.032976, 26, 74, 0, 67
0.033176, -58, 69, 0, 67
0.033376, 13, 19, 0, 67
0.033576, 85, 5, 0, 67
0.033776, -59, 68, 0, 67
0.033976, -61, 178, 0, 67
0.034176, 62, 38, 0, 67
0.034364, 31, -47, 0, 67
0.034576, -11, 64, 0, 67
0.034776, -11, 160, 0, 67
0.034964, 7, 57, 0, 67
0.035164, -23, 2, 0, 67
0.035364, 54, 52, 0, 67
0.035564, 0, 96, 0, 67
0.035764, -26, -14, 0, 67
0.035976, -30, 100, 0, 67
0.036164, 72, 82, 0, 67
0.036364, -66, 84, 0, 67
0.036576, 47, -41, 0, 67
0.036764, 81, 30, 0, 67
0.036964, 8, 87, 0, 67
0.037164, -92, 70, 0, 67
0.037364, 38, 46, 0, 67
0.037576, 8, 81, 0, 67
0.037776, -13, 40, 0, 67
0.037976, 4, 70, 0, 67
0.038176, 3, 70, 0, 67
0.038376, 51, -30, 0, 67
0.038576, -20, 79, 0, 67
0.038776, -19, 79, 0, 67
0.038976, 29, 61, 0, 67
0.039164, 13, 55, 0, 67
0.039364, -10, 28, 0, 67
0.039564, 5, 34, 0, 67
0.039776, 0, 96, 0, 67
0.039976, 12, 55, 0, 67
0.040164, -4, 25, 0, 67
0.040376, -6, 38, 0, 67
0.040576, 29, 61, 0, 67
0.040776, -18, 66, 0, 67
0.040976, 31, 48, 0, 67
0.041176, -1, 42, 0, 67
0.041376, -15, 53, 0, 67
0.041564, 29, 61, 0, 67
0.041776, 0, 96, 0, 67
0.041976, 4, -25, 0, 67
0.042176, 1, 23, 0, 67
0.042364, -10, 160, 0, 67
0.042576, 6, 57, 0, 67
0.042764, -24, -27, 0, 67
0.042964, 80, 36, 0, 67
0.043176, -19, 79, 0, 67
0.043376, -62, 95, 0, 67
0.043564, 3, 83, 0, 67
0.043764, 42, 20, 0, 67
0.043964, -6, 38, 0, 67
0.044176, -13, 77, 0, 67
0.044376, 31, 48, 0, 67
0.044576, 8, 44, 0, 67
0.044776, -12, 41, 0, 67
0.044976, 31, 49, 0, 67
0.045176, 29, 61, 0, 67
0.045376, -13, 40, 0, 67
0.045576, 11, 32, 0, 67
0.045764, -6, 75, 0, 67
0.045976, 31, 49, 0, 67
0.046364, 47, -41, 0, 67
0.046576, 0, 96, 0, 67
0.046776, -50, 150, 0, 67
0.046964, 36, 22, 0, 67
0.047176, 45, -28, 0, 67
0.047364, -48, 114, 0, 67
0.047576, 29, 61, 0, 67
0.047776, 91, 3, 0, 67
0.047964, -61, 59, 0, 67
0.048164, 3, 47, 0, 67
0.048376, 49, 78, 0, 67
0.048576, -48, 114, 0, 67
0.048776, 11, -27, 0, 67
0.048976, 32, 42, 0, 67
0.049176, -15, 90, 0, 67
0.049364, -11, 64, 0, 67
0.049576, 36, 23, 0, 67
0.049764, 7, 57, 0, 67
0.049964, -48, 114, 0, 67
0.050176, 19, 53, 0, 67
0.050376, 97, -59, 0, 67
0.050576, -15, 53, 0, 67
0.050776, -80, 184, 0, 67
0.050976, 5, 34, 0, 67
0.051164, 96, -60, 0, 67
0.051364, 0, 73, 0, 67
0.051576, -19, 79, 0, 67
0.051764, -6, 38, 0, 67
0.051964, 3, 47, 0, 67
0.052176, 4, 70, 0, 67
0.052364, -37, 86, 0, 67
0.052564, 50, 5, 0, 67
0.052776, 6, 57, 0, 67
0.052964, -17, 66, 0, 67
0.053164, 3, 47, 0, 67
0.053376, 29, 61, 0, 67
0.053576, -13, 77, 0, 67
0.053764, 22, -32, 0, 67
0.053964, -19, 79, 0, 67
0.054176, 28, 68, 0, 67
0.054376, 4, 70, 0, 67
0.054564, -15, 23, 0, 67
0.054764, 32, 48, 0, 67
0.054976, 4, 70, 0, 67
0.055176, -13, 40, 0, 67
0.055364, -17, 103, 0, 67
0.055576, 41, 27, 0, 67
0.055764, 0, 0, 0, 67
0.055976, 28, 62, 0, 67
0.056176, -24, 105, 0, 67
0.056376, -38, 86, 0, 67
0.056576, 21, 40, 0, 67
0.056776, 57, 3, 0, 67
0.056976, -35, 73, 0, 67
0.057176, 4, 70, 0, 67
0.057376, 33, 36, 0, 67
0.057576, -36, 73, 0, 67
0.057776, 34, 35, 0, 67
0.057976, 25, 51, 0, 67
0.058164, -19, 79, 0, 67
0.058364, 36, 22, 0, 67
0.058576, -5, 62, 0, 67
0.058764, -11, 64, 0, 67
0.058976, -30, 71, 0, 67
0.059176, 52, 29, 0, 67
0.059364, 17, 0, 0, 67
0.059576, -35, 103, 0, 67
0.059776, -4, 122, 0, 67
0.059976, 6, 57, 0, 67
0.060164, -10, -8, 0, 67
0.060364, 91, 2, 0, 67
0.060576, -56, 152, 0, 67
0.060776, -51, 127, 0, 67
0.060976, 18, -6, 0, 67
0.061164, 18, -6, 0, 67
0.061376, 12, 91, 0, 67
0.061576, 29, 61, 0, 67
0.061776, -8, 15, 0, 67
0.061976, -12, 41, 0, 67
0.062164, 36, 59, 0, 67
0.062376, -1, 73, 0, 67
0.062564, -41, 75, 0, 67
0.062764, 36, 22, 0, 67
0.062976, 0, 96, 0, 67
0.063176, -11, 64, 0, 67
0.063376, -39, 62, 0, 67
0.063564, 13, 55, 0, 67
0.063776, 19, 17, 0, 67
0.063976, 4, 70, 0, 67
0.064164, 0, 73, 0, 67
0.064576, -26, 81, 0, 67
0.064764, 19, 89, 0, 67
0.064976, 24, -8, 0, 67
0.065176, 36, 23, 0, 67
0.065376, -49, 114, 0, 67
0.065576, 4, 70, 0, 67
0.065776, 49, 12, 0, 67
0.065976, -4, 25, 0, 67
0.066176, -44, 88, 0, 67
0.066376, 0, 96, 0, 67
0.066576, 42, 20, 0, 67
0.066776, 6, 57, 0, 67
0.066976, -40, 99, 0, 67
0.067176, 0, 0, 0, 67
0.067376, 28, 62, 0, 67
0.067576, 28, 62, 0, 67
0.067776, -12, 41, 0, 67
0.067976, 3, 47, 0, 67
0.068176, 31, 48, 0, 67
0.068364, -43, 88, 0, 67
0.068576, 65, -11, 0, 67
0.068776, 2, 83, 0, 67
0.068976, -44, 88, 0, 67
0.069176, 36, 23, 0, 67
0.069376, 6, 57, 0, 67
0.069576, -17, 66, 0, 67
0.069764, 5, 34, 0, 67
0.069976, 29, 61, 0, 67
0.070176, -43, 111, 0, 67
0.070364, 72, -21, 0, 67
0.070564, -5, 32, 0, 67
0.070764, -26, 118, 0, 67
0.070964, 36, 22, 0, 67
0.071164, 7, 57, 0, 67
0.071376, -30, 11, 0, 67
0.071576, -23, 98, 0, 67
0.071764, 50, 77, 0, 67
0.071976, 4, 70, 0, 67
0.072164, -28, -1, 0, 67
0.072376, 31, 49, 0, 67
0.072576, -5, 152, 0, 67
0.072776, 7, 57, 0, 67
0.072976, -30, 11, 0, 67
0.073164, 36, 22, 0, 67
0.073364, 25, 87, 0, 67
0.073564, -19, 79, 0, 67
0.073776, -29, 34, 0, 67
0.073976, -42, 75, 0, 67
0.074176, 132, 0, 0, 67
0.074376, 2, 83, 0, 67
0.074564, -61, 59, 0, 67
0.074764, -33, 97, 0, 67
0.074976, 83, 18, 0, 67
0.075176, 54, 16, 0, 67
0.075376, -55, 19, 0, 67
0.075564, -51, 140, 0, 67
0.075764, 48, 54, 0, 67
0.075976, 24, -8, 0, 67
0.076164, -78, 89, 0, 67
0.076364, 40, 33, 0, 67
0.076576, 37, 46, 0, 67
0.076776, -44, 88, 0, 67
0.076976, 4, 70, 0, 67
0.077164, 17, 65, 0, 67
0.077376, 10, -28, 0, 67
0.077576, -37, 79, 0, 67
0.077776, -12, 160, 0, 67
0.077964, 9, 44, 0, 67
0.078176, 54, -43, 0, 67
0.078376, -47, 101, 0, 67
0.078564, -18, 139, 0, 67
0.078776, 6, 57, 0, 67
0.078976, 47, -41, 0, 67
0.079164, -14, 53, 0, 67
0.079376, -99, 168, 0, 67
0.079576, 91, 3, 0, 67
0.079776, 63, 1, 0, 67
0.079976, -48, 78, 0, 67
0.080164, -61, 96, 0, 67
0.080376, 56, 40, 0, 67
0.080576, 16, 66, 0, 67
0.080776, -13, 40, 0, 67
0.080976, -13, 40, 0, 67
0.081176, 0, 96, 0, 67
0.081376, 33, 36, 0, 67
0.081576, 36, 23, 0, 67
0.081776, -46, 101, 0, 67
0.081976, 1, 83, 0, 67
0.082176, 12, 55, 0, 67
0.082376, 53, -43, 0, 67
0.082576, -18, 66, 0, 67
0.082976, -7, 75, 0, 67
0.083176, 18, -6, 0, 67
0.083376, 7, 57, 0, 67
0.083564, 32, 48, 0, 67
0.083776, -7, 75, 0, 67
0.083964, -20, 49, 0, 67
0.084176, -38, 86, 0, 67
0.084364, 79, 43, 0, 67
0.084576, -2, -17, 0, 67
0.084764, -78, 126, 0, 67
0.084976, 13, 55, 0, 67
0.085176, 91, 2, 0, 67
0.085376, 7, 57, 0, 67
0.085576, -80, 28, 0, 67
0.085764, -29, 107, 0, 67
0.085976, 49, 78, 0, 67
0.086176, 15, 42, 0, 67
0.086376, -30, -85, 0, 67
0.086564, 19, 126, 0, 67
0.086764, 9, 81, 0, 67
0.086976, 83, 17, 0, 67
0.087164, -1, -23, 0, 67
0.087376, -104, 193, 0, 67
0.087564, 35, 59, 0, 67
0.087776, 24, -8, 0, 67
0.087964, -41, 75, 0, 67
0.088176, 29, 61, 0, 67
0.088364, 40, 33, 0, 67
0.088564, -40, 76, 0, 67
0.088776, 34, 35, 0, 67
0.088976, 33, 36, 0, 67
0.089176, -80, 125, 0, 67
0.089376, 7, 57, 0, 67
0.089576, 55, 40, 0, 67
0.089764, 36, 22, 0, 67
0.089976, -56, 56, 0, 67
0.090164, 0, 73, 0, 67
0.090376, 16, 6, 0, 67
0.090576, -49, 114, 0, 67
0.090764, 3, 83, 0, 67
0.090976, 39, 34, 0, 67
0.091176, 33, -23, 0, 67
0.091376, -49, 114, 0, 67
0.091564, -27, 94, 0, 67
0.091764, 83, 17, 0, 67
0.091964, -14, 54, 0, 67
0.092164, -43, 88, 0, 67
0.092376, 34, 35, 0, 67
0.092576, 56, 40, 0, 67
0.092776, -13, 40, 0, 67
0.092964, -78, 126, 0, 67
0.093164, 85, 4, 0, 67
0.093364, -68, 134, 0, 67
0.093564, 11, 31, 0, 67
0.093776, 42, 20, 0, 67
0.093964, -13, 77, 0, 67
0.094164, -1, -23, 0, 67
0.094364, 31, 85, 0, 67
0.094564, -29, 107, 0, 67
0.094776, 9, 44, 0, 67
0.094976, 54, -43, 0, 67
0.095176, -19, 79, 0, 67
0.095364, -19, 79, 0, 67
0.095564, 81, 30, 0, 67
0.095764, -84, 92, 0, 67
0.095976, 42, 20, 0, 67
0.096164, 7, 94, 0, 67
0.096376, 96, -59, 0, 67
0.096564, -86, 104, 0, 67
0.096764, -96, 133, 0, 67
0.096964, 152, 15, 0, 67
0.097164, -93, 10, 0, 67
0.097376, -30, 107, 0, 67
0.097576, 114, 103, 0, 67
0.097776, 146, -77, 0, 67
0.097976, -175, 52, 0, 67
0.098176, -100, 168, 0, 67
0.098376, 146, 48, 0, 67
0.098576, 91, 2, 0, 67
0.098776, -129, 47, 0, 67
0.098964, -92, 106, 0, 67
0.099176, 152, 18, 0, 67
0.099364, 44, 43, 0, 67
0.099576, -87, 67, 0, 67
0.099764, -12, 41, 0, 67
0.099976, -14, 83, 0, 67
0.000176, 73, 69, 0, 500
0.000376, 34, 289, 0, 500
0.000576, -59, 684, 0, 500
0.000764, -22, 468, 0, 500
0.000964, 143, 213, 0, 500
0.001164, -71, 433, 0, 500
0.001376, -69, 496, 0, 500
0.001564, 102, 374, 0, 500
0.001764, -45, 380, 0, 500
0.001964, 20, 405, 0, 500
0.002164, 27, 353, 0, 500
0.002366, -51, 485, 0, 500
0.002564, 3, 394, 0, 500
0.002768, 55, 345, 0, 500
0.002964, -26, 437, 0, 500
0.003166, -8, 419, 0, 500
0.003372, 45, 388, 0, 500
0.003568, -66, 444, 0, 500
0.003766, 28, 391, 0, 500
0.003966, 48, 397, 0, 500
0.004170, -14, 411, 0, 500
0.004366, -34, 441, 0, 500
0.004570, 30, 417, 0, 500
0.004768, 5, 387, 0, 500
0.004970, 32, 404, 0, 500
0.005172, -12, 437, 0, 500
0.005370, -14, 424, 0, 500
0.005570, -10, 422, 0, 500
0.005770, 34, 404, 0, 500
0.005966, -12, 422, 0, 500
0.006170, 25, 456, 0, 500
0.006370, 1, 417, 0, 500
0.006568, -11, 372, 0, 500
0.006966, 21, 456, 0, 500
0.007166, -14, 421, 0, 500
0.007370, 11, 387, 0, 500
0.007566, -18, 424, 0, 500
0.007768, -1, 465, 0, 500
0.007966, 43, 337, 0, 500
0.008166, -5, 465, 0, 500
0.008366, -22, 424, 0, 500
0.008568, 37, 352, 0, 500
0.008766, -17, 460, 0, 500
0.008964, 14, 396, 0, 500
0.009168, 22, 430, 0, 500
0.009366, -49, 485, 0, 500
0.009566, 23, 369, 0, 500
0.009768, -8, 369, 0, 500
0.009966, 11, 454, 0, 500
0.010170, 9, 443, 0, 500
0.010368, -27, 366, 0, 500
0.010566, 4, 463, 0, 500
0.010766, 30, 391, 0, 500
0.010966, -13, 434, 0, 500
0.011170, -10, 379, 0, 500
0.011366, 26, 417, 0, 500
0.011568, 4, 426, 0, 500
0.011764, -44, 443, 0, 500
0.012170, 52, 384, 0, 500
0.012370, -19, 450, 0, 500
0.012570, -198, 456, 0, 500
0.012770, 99, 425, 0, 500
0.012970, 274, 316, 0, 500
0.013166, -82, 376, 0, 500
0.013370, -145, 538, 0, 500
0.013570, 124, 415, 0, 500
0.013766, 92, 330, 0, 500
0.013970, -90, 479, 0, 500
0.014166, -78, 471, 0, 500
0.014368, 125, 378, 0, 500
0.014570, -50, 396, 0, 500
0.014770, -73, 422, 0, 500
0.014966, 69, 437, 0, 500
0.015168, 30, 404, 0, 500
0.015366, -88, 463, 0, 500
0.015570, 52, 396, 0, 500
0.015766, 75, 397, 0, 500
0.015970, -16, 424, 0, 500
0.016172, -56, 455, 0, 500
0.016366, 28, 404, 0, 500
0.016566, 36, 359, 0, 500
0.016770, -50, 511, 0, 500
0.016970, 29, 456, 0, 500
0.017170, 90, 319, 0, 500
0.017368, -47, 387, 0, 500
0.017570, -48, 511, 0, 500
0.017772, 103, 412, 0, 500
0.017970, 13, 387, 0, 500
0.018168, -59, 392, 0, 500
0.018368, 26, 430, 0, 500
0.018570, 29, 443, 0, 500
0.018768, -11, 372, 0, 500
0.018966, -12, 422, 0, 500
0.019166, -23, 463, 0, 500
0.019370, 9, 462, 0, 500
0.019570, 40, 352, 0, 500
0.019770, -9, 372, 0, 500
0.019968, -35, 503, 0, 500
0.020170, 22, 432, 0, 500
0.020370, 40, 339, 0, 500
0.020570, -29, 478, 0, 500
0.020766, -21, 450, 0, 500
0.020966, 44, 386, 0, 500
0.021168, 32, 391, 0, 500
0.021366, -94, 502, 0, 500
0.021570, 138, 317, 0, 500
0.021766, 32, 391, 0, 500
0.021968, -98, 505, 0, 500
0.022170, 19, 385, 0, 500
0.022370, 113, 321, 0, 500
0.022570, -50, 511, 0, 500
0.022766, 67, 437, 0, 500
0.022966, -59, 392, 0, 500
0.023170, -42, 446, 0, 500
0.023368, 65, 462, 0, 500
0.023572, 47, 338, 0, 500
0.023770, -54, 379, 0, 500
0.023970, -10, 494, 0, 500
0.024170, 2, 495, 0, 500
0.024366, 9, 374, 0, 500
0.024570, 39, 358, 0, 500
0.024766, -68, 480, 0, 500
0.024970, 48, 422, 0, 500
0.025166, 48, 420, 0, 500
0.025370, -25, 367, 0, 500
0.025570, -12, 398, 0, 500
0.025770, -11, 556, 0, 500
0.025968, 13, 428, 0, 500
0.026164, 7, 326, 0, 500
0.026570, -56, 550, 0, 500
0.026766, -14, 421, 0, 500
0.026970, 58, 344, 0, 500
0.027170, 30, 430, 0, 500
0.027370, -75, 498, 0, 500
0.027570, -7, 372, 0, 500
0.027770, 46, 349, 0, 500
0.027970, 27, 456, 0, 500
0.028170, -23, 476, 0, 500
0.028372, -63, 420, 0, 500
0.028570, 42, 352, 0, 500
0.028766, 71, 424, 0, 500
0.028968, -23, 463, 0, 500
0.029166, -11, 372, 0, 500
0.029370, -14, 467, 0, 500
0.029570, 29, 443, 0, 500
0.029770, -1, 370, 0, 500
0.029970, -41, 459, 0, 500
0.030170, 37, 440, 0, 500
0.030370, 38, 414, 0, 500
0.030570, -14, 381, 0, 500
0.030772, -78, 465, 0, 500
0.030970, 73, 436, 0, 500
0.031172, 14, 436, 0, 500
0.031370, -42, 447, 0, 500
0.031570, 2, 367, 0, 500
0.031772, 53, 445, 0, 500
0.031966, 30, 404, 0, 500
0.032170, -117, 514, 0, 500
0.032370, 13, 377, 0, 500
0.032570, 109, 347, 0, 500
0.032766, -23, 463, 0, 500
0.032972, -106, 489, 0, 500
0.033166, 15, 385, 0, 500
0.033366, 123, 391, 0, 500
0.033568, -54, 439, 0, 500
0.033770, -72, 472, 0, 500
0.033970, 84, 371, 0, 500
0.034166, 22, 419, 0, 500
0.034370, -56, 465, 0, 500
0.034570, 31, 443, 0, 500
0.034770, 39, 352, 0, 500
0.034970, -14, 424, 0, 500
0.035166, -27, 476, 0, 500
0.035370, 6, 439, 0, 500
0.035568, 5, 413, 0, 500
0.035770, 13, 411, 0, 500
0.035970, 0, 491, 0, 500
0.036170, -32, 431, 0, 500
0.036370, 42, 339, 0, 500
0.036570, 34, 404, 0, 500
0.036770, -53, 550, 0, 500
0.036970, -19, 450, 0, 500
0.037170, 49, 287, 0, 500
0.037372, 4, 491, 0, 500
0.037570, -21, 476, 0, 500
0.037770, -37, 407, 0, 500
0.037970, 45, 362, 0, 500
0.038170, 73, 436, 0, 500
0.038370, -18, 437, 0, 500
0.038570, -122, 491, 0, 500
0.038770, 18, 421, 0, 500
0.038970, 132, 350, 0, 500
0.039170, 6, 439, 0, 500
0.039370, -134, 496, 0, 500
0.039570, 2, 367, 0, 500
0.039770, 134, 375, 0, 500
0.039972, 1, 469, 0, 500
0.040170, -110, 478, 0, 500
0.040368, 5, 394, 0, 500
0.040570, 78, 409, 0, 500
0.040770, -29, 478, 0, 500
0.040970, -37, 385, 0, 500
0.041170, 59, 383, 0, 500
0.041372, 33, 456, 0, 500
0.041570, -50, 482, 0, 500
0.041772, -20, 416, 0, 500
0.041970, 63, 354, 0, 500
0.042170, 35, 442, 0, 500
0.042370, -65, 494, 0, 500
0.042572, -33, 457, 0, 500
0.042770, 87, 356, 0, 500
0.042970, 32, 404, 0, 500
0.043170, -66, 470, 0, 500
0.043370, 45, 436, 0, 500
0.043570, -14, 424, 0, 500
0.043770, -7, 372, 0, 500
0.043970, -20, 469, 0, 500
0.044172, 2, 491, 0, 500
0.044372, 16, 387, 0, 500
0.044572, -23, 392, 0, 500
0.044772, 42, 414, 0, 500
0.044970, 25, 456, 0, 500
0.045166, -94, 479, 0, 500
0.045372, 45, 388, 0, 500
0.045570, 106, 374, 0, 500
0.045772, -89, 493, 0, 500
0.045970, -105, 509, 0, 500
0.046170, 132, 338, 0, 500
0.046366, 15, 471, 0, 500
0.046570, 39, 352, 0, 500
0.046770, -74, 419, 0, 500
0.046972, 2, 491, 0, 500
0.047172, -15, 498, 0, 500
0.047370, 44, 313, 0, 500
0.047570, 39, 378, 0, 500
0.047770, -48, 511, 0, 500
0.047970, -19, 463, 0, 500
0.048168, 43, 350, 0, 500
0.048370, -3, 432, 0, 500
0.048570, -15, 474, 0, 500
0.048770, -11, 448, 0, 500
0.048970, 47, 373, 0, 500
0.049170, 17, 356, 0, 500
0.049370, -46, 511, 0, 500
0.049570, 0, 491, 0, 500
0.049770, 18, 387, 0, 500
0.049970, 13, 326, 0, 500
0.050172, -23, 504, 0, 500
0.050370, 13, 482, 0, 500
0.050570, 35, 391, 0, 500
0.050772, 1, 370, 0, 500
0.050970, -91, 506, 0, 500
0.051172, 31, 443, 0, 500
0.051372, 85, 383, 0, 500
0.051570, -14, 424, 0, 500
0.051772, -87, 493, 0, 500
0.051972, 13, 462, 0, 500
0.052172, 88, 343, 0, 500
0.052370, -37, 414, 0, 500
0.052570, -18, 476, 0, 500
0.052770, 39, 453, 0, 500
0.052970, -24, 402, 0, 500
0.053170, -26, 428, 0, 500
0.053372, 31, 456, 0, 500
0.053572, 42, 414, 0, 500
0.053770, -16, 437, 0, 500
0.053970, -16, 424, 0, 500
0.054172, 7, 465, 0, 500
0.054370, 42, 395, 0, 500
0.054570, -14, 411, 0, 500
0.054970, 27, 456, 0, 500
0.055170, -17, 450, 0, 500
0.055370, -12, 411, 0, 500
0.055572, 43, 351, 0, 500
0.055772, 24, 452, 0, 500
0.055970, -81, 520, 0, 500
0.056170, -14, 424, 0, 500
0.056370, 84, 383, 0, 500
0.056570, 32, 430, 0, 500
0.056772, -58, 458, 0, 500
0.056970, -68, 426, 0, 500
0.057170, 127, 389, 0, 500
0.057370, 9, 486, 0, 500
0.057570, -110, 477, 0, 500
0.057772, 47, 338, 0, 500
0.057970, 78, 409, 0, 500
0.058170, -45, 486, 0, 500
0.058370, 3, 465, 0, 500
0.058570, -14, 394, 0, 500
0.058770, 39, 365, 0, 500
0.058970, -6, 471, 0, 500
0.059172, -37, 509, 0, 500
0.059370, 6, 439, 0, 500
0.059570, 42, 352, 0, 500
0.059770, -23, 452, 0, 500
0.059970, -17, 450, 0, 500
0.060170, 34, 404, 0, 500
0.060372, 31, 407, 0, 500
0.060572, -55, 482, 0, 500
0.060770, 8, 439, 0, 500
0.060970, 13, 387, 0, 500
0.061170, -8, 409, 0, 500
0.061370, 27, 456, 0, 500
0.061572, 32, 430, 0, 500
0.061772, -29, 438, 0, 500
0.061970, -66, 446, 0, 500
0.062170, 52, 419, 0, 500
0.062372, 58, 406, 0, 500
0.062570, -16, 424, 0, 500
0.062770, -18, 437, 0, 500
0.062972, -38, 496, 0, 500
0.063170, 3, 465, 0, 500
0.063372, 62, 331, 0, 500
0.063570, -12, 424, 0, 500
0.063772, -19, 551, 0, 500
0.063970, -22, 439, 0, 500
0.064170, 74, 277, 0, 500
0.064370, -74, 472, 0, 500
0.064570, -53, 573, 0, 500
0.064772, 110, 373, 0, 500
0.064970, 48, 325, 0, 500
0.065170, -66, 470, 0, 500
0.065372, -94, 532, 0, 500
0.065572, 72, 401, 0, 500
0.065770, 69, 352, 0, 500
0.065970, -58, 442, 0, 500
0.066170, -50, 482, 0, 500
0.066370, 20, 483, 0, 500
0.066570, 57, 345, 0, 500
0.066770, -1, 359, 0, 500
0.066970, -50, 511, 0, 500
0.067370, 84, 383, 0, 500
0.067570, -86, 434, 0, 500
0.067770, -18, 437, 0, 500
0.067970, 73, 436, 0, 500
0.068170, -10, 437, 0, 500
0.068370, -38, 433, 0, 500
0.068570, -3, 413, 0, 500
0.068770, 7, 561, 0, 500
0.068972, 49, 349, 0, 500
0.069172, -16, 376, 0, 500
0.069370, -21, 476, 0, 500
0.069570, 27, 456, 0, 500
0.069770, 6, 439, 0, 500
0.069970, 40, 352, 0, 500
0.070172, -39, 473, 0, 500
0.070370, -12, 474, 0, 500
0.070570, 20, 423, 0, 500
0.070772, 8, 439, 0, 500
0.070970, 33, 391, 0, 500
0.071170, -45, 485, 0, 500
0.071370, 0, 443, 0, 500
0.071570, 10, 437, 0, 500
0.071770, 3, 417, 0, 500
0.071970, -11, 448, 0, 500
0.072172, 8, 439, 0, 500
0.072370, 0, 465, 0, 500
0.072570, -40, 433, 0, 500
0.072770, 35, 453, 0, 500
0.072970, 32, 404, 0, 500
0.073170, -11, 398, 0, 500
0.073372, -40, 486, 0, 500
0.073570, -2, 469, 0, 500
0.073770, 84, 371, 0, 500
0.073970, -26, 442, 0, 500
0.074170, -53, 479, 0, 500
0.074372, 38, 416, 0, 500
0.074572, 36, 416, 0, 500
0.074770, -56, 455, 0, 500
0.074972, 37, 404, 0, 500
0.075172, 27, 426, 0, 500
0.075368, -25, 463, 0, 500
0.075570, -37, 457, 0, 500
0.075770, 59, 381, 0, 500
0.075968, 32, 428, 0, 500
0.076170, -62, 468, 0, 500
0.076372, 6, 413, 0, 500
0.076570, 48, 471, 0, 500
0.076770, 32, 430, 0, 500
0.076972, -54, 393, 0, 500
0.077170, -48, 511, 0, 500
0.077370, 56, 407, 0, 500
0.077572, 84, 396, 0, 500
0.077770, -94, 492, 0, 500
0.077966, -90, 489, 0, 500
0.078170, 130, 363, 0, 500
0.078370, 54, 419, 0, 500
0.078570, -94, 470, 0, 500
0.078770, -36, 473, 0, 500
0.078972, 110, 373, 0, 500
0.079170, 54, 419, 0, 500
0.079372, -100, 463, 0, 500
0.079570, -85, 490, 0, 500
0.079772, 103, 424, 0, 500
0.079970, 84, 371, 0, 500
0.080170, -92, 470, 0, 500
0.080370, -63, 471, 0, 500
0.080572, 104, 398, 0, 500
0.080770, 53, 445, 0, 500
0.080970, -81, 458, 0, 500
0.081170, -56, 442, 0, 500
0.081372, 131, 388, 0, 500
0.081570, 3, 465, 0, 500
0.081770, 34, 404, 0, 500
0.081970, -105, 449, 0, 500
0.082170, -39, 483, 0, 500
0.082370, 125, 390, 0, 500
0.082572, 8, 439, 0, 500
0.082770, -144, 525, 0, 500
0.082970, 39, 352, 0, 500
0.083170, 101, 412, 0, 500
0.083370, 4, 517, 0, 500
0.083572, -91, 349, 0, 500
0.083770, -13, 461, 0, 500
0.083970, 94, 514, 0, 500
0.084170, 11, 387, 0, 500
0.084370, -51, 353, 0, 500
0.084570, -46, 518, 0, 500
0.084772, 75, 474, 0, 500
0.084972, 44, 358, 0, 500
0.085172, -100, 413, 0, 500
0.085370, -20, 513, 0, 500
0.085570, 75, 478, 0, 500
0.085772, 49, 349, 0, 500
0.085970, -113, 440, 0, 500
0.086170, -40, 450, 0, 500
0.086370, 101, 512, 0, 500
0.086570, 39, 377, 0, 500
0.086772, -102, 413, 0, 500
0.086968, -45, 495, 0, 500
0.087170, 98, 450, 0, 500
0.087370, 31, 380, 0, 500
0.087570, -84, 477, 0, 500
0.087770, 0, 443, 0, 500
0.087972, 108, 373, 0, 500
0.088170, -12, 474, 0, 500
0.088370, -50, 453, 0, 500
0.088572, -4, 409, 0, 500
0.088770, 33, 441, 0, 500
0.088972, 58, 420, 0, 500
0.089170, -92, 519, 0, 500
0.089370, -53, 429, 0, 500
0.089572, 134, 362, 0, 500
0.089772, -3, 435, 0, 500
0.089972, -63, 484, 0, 500
0.090170, -42, 485, 0, 500
0.090370, 78, 409, 0, 500
0.090572, 12, 426, 0, 500
0.090770, -63, 407, 0, 500
0.090970, 29, 443, 0, 500
0.091170, 47, 448, 0, 500
0.091370, -32, 432, 0, 500
0.091572, -12, 437, 0, 500
0.091772, 8, 452, 0, 500
0.091970, 32, 417, 0, 500
0.092170, -8, 424, 0, 500
0.092372, -46, 511, 0, 500
0.092572, 18, 417, 0, 500
0.092770, 45, 350, 0, 500
0.092972, 2, 456, 0, 500
0.093172, -61, 501, 0, 500
0.093372, 34, 430, 0, 500
0.093570, 36, 415, 0, 500
0.093770, -36, 473, 0, 500
0.093970, -32, 444, 0, 500
0.094170, 24, 431, 0, 500
0.094370, 86, 396, 0, 500
0.094572, -39, 454, 0, 500
0.094770, -64, 457, 0, 500
0.094972, -20, 488, 0, 500
0.095172, 79, 434, 0, 500
0.095370, 13, 387, 0, 500
0.095570, -24, 429, 0, 500
0.095770, -42, 509, 0, 500
0.095972, 51, 435, 0, 500
0.096170, 13, 387, 0, 500
0.096370, -45, 485, 0, 500
0.096570, 35, 440, 0, 500
0.096772, 28, 419, 0, 500
0.096970, -12, 424, 0, 500
0.097170, -17, 474, 0, 500
0.097370, 31, 443, 0, 500
0.097570, -10, 422, 0, 500
0.097772, -8, 411, 0, 500
0.097970, -23, 517, 0, 500
0.098170, 28, 430, 0, 500
0.098370, 12, 364, 0, 500
0.098570, -3, 432, 0, 500
0.098772, -28, 524, 0, 500
0.098970, 32, 430, 0, 500
0.099172, 85, 383, 0, 500
0.099372, -77, 429, 0, 500
0.099570, -30, 433, 0, 500
0.099770, 3, 551, 0, 500
0.099970, 23, 457, 0, 500
0.000172, 8, 304, 0, 500
0.000370, -10, 437, 0, 500
0.000570, -55, 589, 0, 500
0.000772, 24, 445, 0, 500
0.000972, 122, 269, 0, 500
0.001170, -83, 481, 0, 500
0.001366, -79, 535, 0, 500
0.001572, 58, 418, 0, 500
0.001770, 89, 332, 0, 500
0.001972, -57, 432, 0, 500
0.002170, -75, 562, 0, 500
0.002372, 37, 404, 0, 500
0.002570, 13, 387, 0, 500
0.002770, 6, 452, 0, 500
0.002968, -6, 491, 0, 500
0.003170, 40, 352, 0, 500
0.003372, -10, 424, 0, 500
0.003572, -18, 476, 0, 500
0.003770, -15, 474, 0, 500
0.003972, 43, 388, 0, 500
0.004172, 5, 465, 0, 500
0.004372, -7, 448, 0, 500
0.004570, -19, 450, 0, 500
0.004772, 34, 430, 0, 500
0.004970, -1, 432, 0, 500
0.005170, -16, 437, 0, 500
0.005370, -39, 489, 0, 500
0.005770, 41, 401, 0, 500
0.005972, -10, 424, 0, 500
0.006170, -42, 509, 0, 500
0.006370, 39, 403, 0, 500
0.006570, -18, 436, 0, 500
0.006770, -44, 508, 0, 500
0.006970, 32, 404, 0, 500
0.007172, 24, 415, 0, 500
0.007370, -48, 511, 0, 500
0.007570, 39, 408, 0, 500
0.007770, 32, 417, 0, 500
0.007968, -18, 441, 0, 500
0.008170, -15, 461, 0, 500
0.008368, -1, 465, 0, 500
0.008572, 35, 404, 0, 500
0.008772, -31, 457, 0, 500
0.008970, -25, 465, 0, 500
0.009170, 18, 447, 0, 500
0.009372, 53, 385, 0, 500
0.009570, -16, 424, 0, 500
0.009772, -18, 476, 0, 500
0.009972, 0, 530, 0, 500
0.010170, 0, 370, 0, 500
0.010370, -16, 413, 0, 500
0.010572, -1, 517, 0, 500
0.010770, 49, 445, 0, 500
0.010970, 40, 352, 0, 500
0.011170, -63, 471, 0, 500
0.011372, -43, 512, 0, 500
0.011572, 82, 396, 0, 500
0.011770, 42, 382, 0, 500
0.011970, -99, 531, 0, 500
0.012172, -32, 493, 0, 500
0.012366, 131, 339, 0, 500
0.012570, -10, 437, 0, 500
0.012770, -120, 516, 0, 500
0.012970, 4, 452, 0, 500
0.013170, 106, 374, 0, 500
0.013370, 3, 465, 0, 500
0.013570, -43, 476, 0, 500
0.013772, 57, 396, 0, 500
0.013970, -45, 485, 0, 500
0.014168, -15, 447, 0, 500
0.014370, 41, 401, 0, 500
0.014570, 0, 491, 0, 500
0.014766, -20, 437, 0, 500
0.014970, -9, 447, 0, 500
0.015172, 21, 460, 0, 500
0.015370, 32, 417, 0, 500
0.015570, -19, 450, 0, 500
0.015770, -43, 459, 0, 500
0.015970, 32, 417, 0, 500
0.016170, 47, 435, 0, 500
0.016370, -17, 450, 0, 500
0.016570, -39, 459, 0, 500
0.016770, 11, 486, 0, 500
0.016966, -1, 452, 0, 500
0.017170, 11, 387, 0, 500
0.017370, 39, 352, 0, 500
0.017570, -61, 589, 0, 500
0.017770, -11, 471, 0, 500
0.017972, 64, 366, 0, 500
0.018172, -48, 574, 0, 500
0.018372, -4, 372, 0, 500
0.018570, 43, 339, 0, 500
0.018770, 19, 534, 0, 500
0.018972, -26, 541, 0, 500
0.019170, -78, 389, 0, 500
0.019370, 13, 374, 0, 500
0.019570, 37, 536, 0, 500
0.019770, 6, 525, 0, 500
0.019970, -4, 333, 0, 500
0.020168, -38, 407, 0, 500
0.020370, 17, 483, 0, 500
0.020570, -2, 491, 0, 500
0.020770, 12, 424, 0, 500
0.020970, 34, 397, 0, 500
0.021170, -14, 437, 0, 500
0.021372, -43, 512, 0, 500
0.021566, 44, 423, 0, 500
0.021770, 40, 352, 0, 500
0.021970, -61, 481, 0, 500
0.022172, -49, 537, 0, 500
0.022370, 53, 445, 0, 500
0.022572, 34, 379, 0, 500
0.022772, -39, 459, 0, 500
0.023168, 85, 332, 0, 500
0.023372, -35, 470, 0, 500
0.023570, -23, 515, 0, 500
0.023772, 22, 421, 0, 500
0.023970, -35, 457, 0, 500
0.024170, 36, 415, 0, 500
0.024370, -28, 491, 0, 500
0.024570, 30, 430, 0, 500
0.024772, -8, 411, 0, 500
0.024970, 33, 361, 0, 500
0.025170, -9, 521, 0, 500
0.025370, -28, 515, 0, 500
0.025566, -36, 430, 0, 500
0.025772, 62, 405, 0, 500
0.025972, 2, 491, 0, 500
0.026172, 8, 439, 0, 500
0.026370, -1, 370, 0, 500
0.026572, -31, 506, 0, 500
0.026770, 33, 453, 0, 500
0.026972, 35, 404, 0, 500
0.027170, -72, 472, 0, 500
0.027372, 2, 491, 0, 500
0.027570, 125, 390, 0, 500
0.027770, -35, 407, 0, 500
0.027964, -73, 443, 0, 500
0.028170, 5, 488, 0, 500
0.028370, 97, 426, 0, 500
0.028570, -12, 424, 0, 500
0.028770, -90, 479, 0, 500
0.028970, 27, 456, 0, 500
0.029172, 108, 386, 0, 500
0.029370, -41, 472, 0, 500
0.029570, -66, 470, 0, 500
0.029770, 2, 452, 0, 500
0.029970, 56, 419, 0, 500
0.030170, -2, 419, 0, 500
0.030372, -44, 498, 0, 500
0.030570, 12, 456, 0, 500
0.030772, 43, 388, 0, 500
0.030970, -37, 470, 0, 500
0.031172, -10, 474, 0, 500
0.031372, 37, 440, 0, 500
0.031570, 10, 450, 0, 500
0.031770, -14, 424, 0, 500
0.031970, -21, 463, 0, 500
0.032170, 29, 456, 0, 500
0.032370, 30, 430, 0, 500
0.032572, -51, 429, 0, 500
0.032770, -19, 463, 0, 500
0.032970, 75, 487, 0, 500
0.033170, 3, 465, 0, 500
0.033370, -48, 377, 0, 500
0.033570, -14, 437, 0, 500
0.033772, 78, 441, 0, 500
0.033972, 56, 420, 0, 500
0.034170, -64, 457, 0, 500
0.034370, -112, 525, 0, 500
0.034570, 61, 526, 0, 500
0.034770, 144, 260, 0, 500
0.034970, -101, 436, 0, 500
0.035170, -105, 596, 0, 500
0.035372, 99, 463, 0, 500
0.035572, 70, 364, 0, 500
0.035772, -100, 414, 0, 500
0.035970, -57, 541, 0, 500
0.036170, 91, 490, 0, 500
0.036370, 53, 340, 0, 500
0.036570, -49, 384, 0, 500
0.036770, -29, 541, 0, 500
0.036968, -4, 491, 0, 500
0.037172, 51, 385, 0, 500
0.037370, -23, 402, 0, 500
0.037572, -73, 546, 0, 500
0.037770, 45, 471, 0, 500
0.037972, 89, 338, 0, 500
0.038170, -14, 424, 0, 500
0.038370, -80, 561, 0, 500
0.038570, 27, 456, 0, 500
0.038770, 13, 374, 0, 500
0.038970, 6, 439, 0, 500
0.039172, 29, 456, 0, 500
0.039366, -53, 497, 0, 500
0.039570, 6, 452, 0, 500
0.039770, 54, 419, 0, 500
0.039970, 32, 417, 0, 500
0.040172, -57, 481, 0, 500
0.040366, -25, 476, 0, 500
0.040570, 54, 396, 0, 500
0.040768, 56, 382, 0, 500
0.040970, -69, 496, 0, 500
0.041172, -18, 476, 0, 500
0.041372, 74, 460, 0, 500
0.041570, -12, 411, 0, 500
0.041770, -5, 372, 0, 500
0.041970, 2, 530, 0, 500
0.042170, -32, 503, 0, 500
0.042370, 42, 352, 0, 500
0.042572, 36, 429, 0, 500
0.042770, -22, 489, 0, 500
0.042972, -11, 450, 0, 500
0.043170, -32, 444, 0, 500
0.043370, 36, 427, 0, 500
0.043570, 31, 443, 0, 500
0.043772, -43, 512, 0, 500
0.043970, -45, 485, 0, 500
0.044172, 61, 392, 0, 500
0.044370, 69, 366, 0, 500
0.044570, -71, 496, 0, 500
0.044770, -99, 531, 0, 500
0.044972, 131, 388, 0, 500
0.045170, 38, 402, 0, 500
0.045370, -86, 468, 0, 500
0.045570, -21, 476, 0, 500
0.045770, 72, 461, 0, 500
0.045972, 39, 391, 0, 500
0.046170, -90, 479, 0, 500
0.046372, 2, 491, 0, 500
0.046570, 97, 426, 0, 500
0.046772, -31, 457, 0, 500
0.046970, -90, 466, 0, 500
0.047172, 79, 435, 0, 500
0.047372, 40, 427, 0, 500
0.047570, -66, 457, 0, 500
0.047772, -38, 486, 0, 500
0.047970, 79, 410, 0, 500
0.048170, -4, 419, 0, 500
0.048370, -54, 485, 0, 500
0.048570, 0, 491, 0, 500
0.048772, 91, 529, 0, 500
0.048970, -4, 333, 0, 500
0.049170, -120, 406, 0, 500
0.049372, 8, 551, 0, 500
0.049570, 122, 428, 0, 500
0.049770, 0, 350, 0, 500
0.049966, -151, 515, 0, 500
0.050172, 97, 464, 0, 500
0.050370, 127, 389, 0, 500
0.050570, -103, 449, 0, 500
0.050770, -163, 585, 0, 500
0.050972, 147, 381, 0, 500
0.051172, 106, 385, 0, 500
0.051370, -93, 505, 0, 500
0.051570, -84, 484, 0, 500
0.051770, 80, 397, 0, 500
0.051970, 50, 409, 0, 500
0.052170, -78, 524, 0, 500
0.052372, -17, 463, 0, 500
0.052566, 50, 384, 0, 500
0.052770, 29, 456, 0, 500
0.052972, -46, 511, 0, 500
0.053172, -30, 445, 0, 500
0.053370, 75, 392, 0, 500
0.053570, -43, 565, 0, 500
0.053770, -14, 424, 0, 500
0.053972, 45, 351, 0, 500
0.054170, -69, 496, 0, 500
0.054372, 0, 547, 0, 500
0.054572, 39, 403, 0, 500
0.054770, 0, 370, 0, 500
0.054970, -17, 474, 0, 500
0.055170, 88, 515, 0, 500
0.055370, -5, 372, 0, 500
0.055570, -84, 454, 0, 500
0.055772, -3, 556, 0, 500
0.055970, 103, 400, 0, 500
0.056170, -32, 346, 0, 500
0.056372, -57, 481, 0, 500
0.056570, 42, 537, 0, 500
0.056772, 45, 450, 0, 500
0.056970, -46, 377, 0, 500
0.057170, 4, 430, 0, 500
0.057372, 1, 540, 0, 500
0.057570, -2, 491, 0, 500
0.057770, 39, 352, 0, 500
0.057970, -61, 431, 0, 500
0.058170, 24, 463, 0, 500
0.058372, 69, 500, 0, 500
0.058570, -50, 439, 0, 500
0.058766, -53, 389, 0, 500
0.058970, 2, 491, 0, 500
0.059170, 65, 514, 0, 500
0.059370, -23, 452, 0, 500
0.059572, -4, 372, 0, 500
0.059770, 16, 447, 0, 500
0.059970, 17, 534, 0, 500
0.060170, -18, 437, 0, 500
0.060370, -2, 372, 0, 500
0.060572, 1, 469, 0, 500
0.060770, -11, 556, 0, 500
0.060972, 34, 381, 0, 500
0.061172, -39, 459, 0, 500
0.061370, 29, 456, 0, 500
0.061570, 8, 482, 0, 500
0.061772, -36, 447, 0, 500
0.061972, -8, 424, 0, 500
0.062172, 7, 465, 0, 500
0.062370, 25, 456, 0, 500
0.062572, -33, 470, 0, 500
0.062770, -23, 452, 0, 500
0.062972, 61, 380, 0, 500
0.063170, 1, 478, 0, 500
0.063372, -41, 512, 0, 500
0.063570, 9, 465, 0, 500
0.063772, 43, 351, 0, 500
0.063970, -45, 485, 0, 500
0.064172, -18, 476, 0, 500
0.064370, 86, 413, 0, 500
0.064572, -21, 452, 0, 500
0.064772, -90, 519, 0, 500
0.064970, 10, 450, 0, 500
0.065172, 65, 397, 0, 500
0.065370, 4, 452, 0, 500
0.065572, 8, 441, 0, 500
0.065770, -48, 511, 0, 500
0.065972, 7, 465, 0, 500
0.066170, 59, 367, 0, 500
0.066370, -17, 450, 0, 500
0.066572, -43, 512, 0, 500
0.066770, 29, 456, 0, 500
0.066972, 40, 365, 0, 500
0.067170, -16, 441, 0, 500
0.067372, -46, 489, 0, 500
0.067572, 33, 456, 0, 500
0.067772, 5, 478, 0, 500
0.067970, -39, 459, 0, 500
0.068172, -10, 462, 0, 500
0.068370, 64, 404, 0, 500
0.068572, 35, 442, 0, 500
0.068772, -43, 512, 0, 500
0.068970, -17, 463, 0, 500
0.069170, 14, 426, 0, 500
0.069372, -25, 454, 0, 500
0.069572, 42, 352, 0, 500
0.069770, 2, 530, 0, 500
0.069966, -131, 581, 0, 500
0.070172, 108, 385, 0, 500
0.070372, 114, 345, 0, 500
0.070570, -129, 538, 0, 500
0.070772, -46, 489, 0, 500
0.070972, 76, 460, 0, 500
0.071172, 92, 386, 0, 500
0.071376, -93, 451, 0, 500
0.071572, -79, 527, 0, 500
0.071772, 98, 450, 0, 500
0.071970, 80, 408, 0, 500
0.072170, -80, 455, 0, 500
0.072370, -68, 470, 0, 500
0.072572, 79, 435, 0, 500
0.072772, 11, 482, 0, 500
0.072972, -67, 496, 0, 500
0.073172, -33, 457, 0, 500
0.073372, 60, 405, 0, 500
0.073572, 32, 492, 0, 500
0.073772, 7, 416, 0, 500
0.073972, -52, 442, 0, 500
0.074170, -2, 469, 0, 500
0.074370, 20, 477, 0, 500
0.074570, 34, 404, 0, 500
0.074770, -18, 437, 0, 500
0.074972, -70, 547, 0, 500
0.075170, 41, 451, 0, 500
0.075372, 143, 285, 0, 500
0.075572, -91, 506, 0, 500
0.075770, -148, 600, 0, 500
0.075970, 127, 389, 0, 500
0.076170, 117, 320, 0, 500
0.076372, -83, 483, 0, 500
0.076572, -147, 618, 0, 500
0.076770, 79, 410, 0, 500
0.076970, 170, 260, 0, 500
0.077172, -139, 526, 0, 500
0.077370, -96, 598, 0, 500
0.077570, 130, 376, 0, 500
0.077772, 37, 340, 0, 500
0.077972, -64, 497, 0, 500
0.078172, -13, 539, 0, 500
0.078372, 20, 447, 0, 500
0.078570, -4, 391, 0, 500
0.078772, 34, 412, 0, 500
0.078972, -48, 551, 0, 500
0.079172, 11, 465, 0, 500
0.079370, -5, 397, 0, 500
0.079570, 36, 429, 0, 500
0.079772, -19, 502, 0, 500
0.079972, 4, 491, 0, 500
0.080172, 8, 429, 0, 500
0.080370, -26, 431, 0, 500
0.080572, 38, 429, 0, 500
0.080770, 24, 482, 0, 500
0.081172, -29, 457, 0, 500
0.081366, -1, 465, 0, 500
0.081572, 85, 383, 0, 500
0.081772, -42, 499, 0, 500
0.081972, -85, 503, 0, 500
0.082170, 21, 457, 0, 500
0.082372, 108, 385, 0, 500
0.082572, -40, 486, 0, 500
0.082770, -95, 518, 0, 500
0.082970, 99, 425, 0, 500
0.083170, 6, 439, 0, 500
0.083370, -50, 443, 0, 500
0.083570, 33, 456, 0, 500
0.083770, 5, 488, 0, 500
0.083976, -25, 408, 0, 500
0.084172, 14, 439, 0, 500
0.084372, 35, 455, 0, 500
0.084570, -68, 547, 0, 500
0.084770, 6, 439, 0, 500
0.084970, 67, 361, 0, 500
0.085170, -8, 471, 0, 500
0.085372, -76, 590, 0, 500
0.085572, 14, 439, 0, 500
0.085772, 91, 337, 0, 500
0.085970, -45, 485, 0, 500
0.086170, -45, 551, 0, 500
0.086370, 45, 401, 0, 500
0.086570, 15, 413, 0, 500
0.086772, -42, 485, 0, 500
0.086972, -63, 531, 0, 500
0.087172, 110, 397, 0, 500
0.087572, -43, 463, 0, 500
0.087772, 6, 491, 0, 500
0.087972, 28, 470, 0, 500
0.088170, 6, 439, 0, 500
0.088376, -3, 411, 0, 500
0.088572, -25, 494, 0, 500
0.088770, 27, 456, 0, 500
0.088972, -43, 500, 0, 500
0.089172, -8, 424, 0, 500
0.089366, 32, 428, 0, 500
0.089570, -21, 491, 0, 500
0.089772, -28, 504, 0, 500
0.089970, 35, 404, 0, 500
0.090172, 47, 401, 0, 500
0.090372, -18, 489, 0, 500
0.090572, -46, 538, 0, 500
0.090772, 28, 340, 0, 500
0.090972, 35, 455, 0, 500
0.091172, -42, 548, 0, 500
0.091370, -11, 450, 0, 500
0.091570, 44, 364, 0, 500
0.091772, 31, 456, 0, 500
0.091970, -72, 587, 0, 500
0.092172, -37, 460, 0, 500
0.092372, 95, 330, 0, 500
0.092576, 49, 450, 0, 500
0.092770, -91, 547, 0, 500
0.092970, -11, 450, 0, 500
0.093170, 82, 384, 0, 500
0.093370, -9, 448, 0, 500
0.093572, -98, 560, 0, 500
0.093770, 57, 346, 0, 500
0.093972, 53, 457, 0, 500
0.094172, -54, 554, 0, 500
0.094372, 35, 442, 0, 500
0.094576, 2, 409, 0, 500
0.094772, -38, 486, 0, 500
0.094972, 8, 452, 0, 500
0.095172, 34, 430, 0, 500
0.095370, -46, 511, 0, 500
0.095570, -8, 441, 0, 500
0.095772, 40, 416, 0, 500
0.095970, 41, 434, 0, 500
0.096172, -52, 492, 0, 500
0.096370, -54, 576, 0, 500
0.096572, 84, 408, 0, 500
0.096772, 95, 330, 0, 500
0.096970, -82, 469, 0, 500
0.097172, -138, 639, 0, 500
0.097372, 129, 401, 0, 500
0.097570, 141, 309, 0, 500
0.097772, -164, 541, 0, 500
0.097970, -104, 516, 0, 500
0.098170, 129, 414, 0, 500
0.098372, 103, 425, 0, 500
0.098572, -135, 541, 0, 500
0.098770, -28, 452, 0, 500
0.098972, 108, 398, 0, 500
0.099170, -39, 548, 0, 500
0.099370, -52, 406, 0, 500
0.099572, 19, 411, 0, 500
0.099772, 100, 451, 0, 500
0.099970, -54, 576, 0, 500
0.000172, -80, 464, 0, 500
0.000372, 71, 340, 0, 500
0.000570, 54, 470, 0, 500
0.000770, -61, 494, 0, 500
0.000972, -13, 450, 0, 500
0.001172, 10, 488, 0, 500
0.001370, 22, 453, 0, 500
0.001572, 15, 401, 0, 500
0.001776, -14, 459, 0, 500
0.001972, -12, 483, 0, 500
0.002170, 6, 491, 0, 500
0.002372, 11, 452, 0, 500
0.002570, -1, 409, 0, 500
0.002770, -73, 485, 0, 500
0.002972, 7, 564, 0, 500
0.003170, 134, 375, 0, 500
0.003372, 0, 333, 0, 500
0.003572, -113, 518, 0, 500
0.003776, 8, 543, 0, 500
0.003972, 103, 425, 0, 500
0.004170, 2, 376, 0, 500
0.004372, -63, 484, 0, 500
0.004572, -24, 541, 0, 500
0.004770, 84, 409, 0, 500
0.004972, -21, 405, 0, 500
0.005172, -51, 469, 0, 500
0.005372, 4, 530, 0, 500
0.005572, 81, 435, 0, 500
0.005772, -27, 408, 0, 500
0.005970, -91, 506, 0, 500
0.006170, 38, 465, 0, 500
0.006372, 84, 408, 0, 500
0.006572, -91, 523, 0, 500
0.006772, -37, 460, 0, 500
0.006976, 85, 433, 0, 500
0.007172, 37, 442, 0, 500
0.007370, -87, 520, 0, 500
0.007572, -4, 422, 0, 500
0.007772, 85, 421, 0, 500
0.007970, -11, 500, 0, 500
0.008172, -48, 443, 0, 500
0.008376, -26, 481, 0, 500
0.008572, 79, 473, 0, 500
0.008772, 36, 417, 0, 500
0.008972, -113, 494, 0, 500
0.009172, 35, 455, 0, 500
0.009372, 79, 435, 0, 500
0.009570, -15, 450, 0, 500
0.009772, -69, 476, 0, 500
0.009972, -24, 478, 0, 500
0.010172, 87, 432, 0, 500
0.010370, 9, 475, 0, 500
0.010570, -67, 486, 0, 500
0.010772, -18, 478, 0, 500
0.010972, 8, 452, 0, 500
0.011170, 56, 409, 0, 500
0.011376, 37, 462, 0, 500
0.011570, -87, 520, 0, 500
0.011772, -29, 477, 0, 500
0.011972, 108, 397, 0, 500
0.012172, 12, 439, 0, 500
0.012376, -98, 453, 0, 500
0.012572, -42, 574, 0, 500
0.012770, 116, 431, 0, 500
0.012972, 16, 387, 0, 500
0.013170, -55, 432, 0, 500
0.013372, -48, 577, 0, 500
0.013576, 60, 457, 0, 500
0.013776, 96, 329, 0, 500
0.013970, -106, 475, 0, 500
0.014170, -21, 542, 0, 500
0.014370, 54, 470, 0, 500
0.014572, 42, 377, 0, 500
0.014772, -80, 435, 0, 500
0.014970, -21, 542, 0, 500
0.015170, 74, 500, 0, 500
0.015372, -24, 441, 0, 500
0.015572, -32, 385, 0, 500
0.015776, 17, 488, 0, 500
0.015972, 45, 548, 0, 500
0.016172, -10, 424, 0, 500
0.016372, -31, 372, 0, 500
0.016576, 11, 491, 0, 500
0.016772, 32, 518, 0, 500
0.016972, -13, 450, 0, 500
0.017170, -52, 412, 0, 500
0.017372, 12, 488, 0, 500
0.017570, 69, 500, 0, 500
0.017772, -40, 437, 0, 500
0.017976, -1, 411, 0, 500
0.018172, 12, 469, 0, 500
0.018372, 33, 486, 0, 500
0.018570, -40, 450, 0, 500
0.018772, -10, 437, 0, 500
0.018970, 53, 477, 0, 500
0.019172, -21, 491, 0, 500
0.019376, -41, 453, 0, 500
0.019572, -1, 435, 0, 500
0.019772, 32, 462, 0, 500
0.019972, 4, 491, 0, 500
0.020176, 9, 419, 0, 500
0.020372, -33, 496, 0, 500
0.020576, 13, 465, 0, 500
0.020776, 28, 378, 0, 500
0.020970, -38, 535, 0, 500
0.021172, -11, 461, 0, 500
0.021372, 81, 422, 0, 500
0.021572, 35, 455, 0, 500
0.021772, -114, 530, 0, 500
0.021972, 38, 429, 0, 500
0.022176, 91, 382, 0, 500
0.022372, -39, 512, 0, 500
0.022576, -54, 548, 0, 500
0.022770, 41, 390, 0, 500
0.022972, 43, 351, 0, 500
0.023172, -48, 577, 0, 500
0.023370, 26, 521, 0, 500
0.023572, -25, 405, 0, 500
0.023772, 12, 354, 0, 500
0.023972, 53, 485, 0, 500
0.024172, -23, 555, 0, 500
0.024370, -55, 432, 0, 500
0.024570, -29, 408, 0, 500
0.024772, 55, 532, 0, 500
0.024972, 39, 453, 0, 500
0.025170, -38, 388, 0, 500
0.025370, -44, 489, 0, 500
0.025572, 75, 474, 0, 500
0.025772, 35, 455, 0, 500
0.025976, -56, 485, 0, 500
0.026170, -53, 469, 0, 500
0.026372, 84, 409, 0, 500
0.026570, -15, 488, 0, 500
0.026772, -37, 499, 0, 500
0.026972, -18, 465, 0, 500
0.027172, 30, 418, 0, 500
0.027372, 35, 455, 0, 500
0.027572, -12, 476, 0, 500
0.027772, -60, 557, 0, 500
0.027976, 21, 449, 0, 500
0.028170, 38, 366, 0, 500
0.028372, -39, 473, 0, 500
0.028572, -13, 539, 0, 500
0.028772, 33, 456, 0, 500
0.028970, 18, 387, 0, 500
0.029170, -10, 437, 0, 500
0.029372, -8, 474, 0, 500
0.029572, 11, 465, 0, 500
0.029770, -8, 534, 0, 500
0.029972, -22, 478, 0, 500
0.030172, 3, 370, 0, 500
0.030370, 63, 394, 0, 500
0.030570, -21, 542, 0, 500
0.030776, -91, 599, 0, 500
0.030970, 30, 382, 0, 500
0.031172, 116, 320, 0, 500
0.031372, -54, 576, 0, 500
0.031572, -61, 560, 0, 500
0.031776, 23, 374, 0, 500
0.031972, 90, 356, 0, 500
0.032172, -21, 515, 0, 500
0.032372, -15, 539, 0, 500
0.032570, -33, 447, 0, 500
0.032772, 45, 351, 0, 500
0.032970, 33, 456, 0, 500
0.033176, -16, 542, 0, 500
0.033376, -66, 525, 0, 500
0.033572, 15, 364, 0, 500
0.033770, 86, 396, 0, 500
0.033970, -12, 513, 0, 500
0.034172, -89, 559, 0, 500
0.034376, 12, 429, 0, 500
0.034576, 55, 398, 0, 500
0.034770, -8, 474, 0, 500
0.034976, -23, 494, 0, 500
0.035172, 8, 491, 0, 500
0.035370, 3, 419, 0, 500
0.035572, -6, 424, 0, 500
0.035776, 2, 521, 0, 500
0.035976, 1, 534, 0, 500
0.036170, -56, 443, 0, 500
0.036376, 22, 387, 0, 500
0.036572, 52, 470, 0, 500
0.036770, -2, 471, 0, 500
0.036970, -35, 509, 0, 500
0.037172, 26, 434, 0, 500
0.037370, 38, 416, 0, 500
0.037572, -91, 532, 0, 500
0.037772, 4, 491, 0, 500
0.037972, 59, 444, 0, 500
0.038172, -3, 435, 0, 500
0.038370, -69, 512, 0, 500
0.038572, 6, 491, 0, 500
0.038772, 28, 382, 0, 500
0.038972, -7, 448, 0, 500
0.039172, 26, 495, 0, 500
0.039370, -11, 500, 0, 500
0.039572, -10, 424, 0, 500
0.039770, -5, 448, 0, 500
0.039972, 8, 491, 0, 500
0.040172, 2, 491, 0, 500
0.040376, 4, 409, 0, 500
0.040572, -55, 468, 0, 500
0.040772, 76, 460, 0, 500
0.040972, 41, 453, 0, 500
0.041170, -58, 458, 0, 500
0.041372, -54, 495, 0, 500
0.041572, 81, 435, 0, 500
0.041772, -12, 475, 0, 500
0.041970, 38, 416, 0, 500
0.042176, -47, 456, 0, 500
0.042376, -10, 477, 0, 500
0.042572, 2, 553, 0, 500
0.042772, -15, 487, 0, 500
0.042972, -48, 393, 0, 500
0.043170, 102, 449, 0, 500
0.043372, 28, 512, 0, 500
0.043572, -66, 534, 0, 500
0.043770, -94, 375, 0, 500
0.043976, 108, 448, 0, 500
0.044172, 70, 513, 0, 500
0.044372, -130, 524, 0, 500
0.044576, -24, 396, 0, 500
0.044772, 114, 383, 0, 500
0.044976, 29, 533, 0, 500
0.045170, -98, 513, 0, 500
0.045372, -31, 447, 0, 500
0.045570, 86, 396, 0, 500
0.045776, 37, 455, 0, 500
0.045970, -67, 497, 0, 500
0.046172, -76, 521, 0, 500
0.046370, 80, 447, 0, 500
0.046576, 68, 417, 0, 500
0.046770, -83, 481, 0, 500
0.046972, -65, 473, 0, 500
0.047170, 102, 449, 0, 500
0.047372, 36, 554, 0, 500
0.047572, -55, 419, 0, 500
0.047772, -42, 391, 0, 500
0.047976, 22, 548, 0, 500
0.048170, 44, 513, 0, 500
0.048372, -5, 372, 0, 500
0.048572, -5, 398, 0, 500
0.048770, -42, 574, 0, 500
0.048972, 18, 486, 0, 500
0.049170, 51, 349, 0, 500
0.049376, -32, 522, 0, 500
0.049576, 7, 531, 0, 500
0.049776, 40, 429, 0, 500
0.049972, -37, 411, 0, 500
0.050172, -10, 463, 0, 500
0.050376, 4, 556, 0, 500
0.050576, 60, 457, 0, 500
0.050772, -75, 429, 0, 500
0.050972, -7, 431, 0, 500
0.051176, 101, 501, 0, 500
0.051376, -34, 512, 0, 500
0.051570, -81, 428, 0, 500
0.051772, 48, 424, 0, 500
0.051972, 49, 535, 0, 500
0.052170, -35, 460, 0, 500
0.052372, -62, 417, 0, 500
0.052572, 93, 417, 0, 500
0.052772, 0, 569, 0, 500
0.052970, -52, 456, 0, 500
0.053172, 0, 372, 0, 500
0.053372, 4, 491, 0, 500
0.053572, 33, 531, 0, 500
0.053772, 11, 465, 0, 500
0.053972, -47, 397, 0, 500
0.054172, -4, 461, 0, 500
0.054376, 26, 560, 0, 500
0.054570, 3, 469, 0, 500
0.054772, 0, 372, 0, 500
0.054972, -12, 463, 0, 500
0.055170, -5, 595, 0, 500
0.055376, 20, 456, 0, 500
0.055576, 48, 351, 0, 500
0.055772, -40, 450, 0, 500
0.055972, -53, 590, 0, 500
0.056176, 14, 514, 0, 500
0.056376, 28, 384, 0, 500
0.056770, -14, 476, 0, 500
0.056970, -3, 534, 0, 500
0.057176, -2, 461, 0, 500
0.057372, -3, 448, 0, 500
0.057572, 11, 465, 0, 500
0.057772, 38, 429, 0, 500
0.057970, -38, 486, 0, 500
0.058170, 39, 453, 0, 500
0.058372, -15, 463, 0, 500
0.058572, -10, 463, 0, 500
0.058772, 2, 491, 0, 500
0.058972, 0, 471, 0, 500
0.059172, 8, 491, 0, 500
0.059370, 14, 436, 0, 500
0.059570, -11, 450, 0, 500
0.059776, -18, 504, 0, 500
0.059972, 35, 455, 0, 500
0.060172, 31, 456, 0, 500
0.060376, -30, 473, 0, 500
0.060572, -39, 499, 0, 500
0.060770, 23, 447, 0, 500
0.060970, 36, 429, 0, 500
0.061172, -7, 467, 0, 500
0.061372, -39, 512, 0, 500
0.061572, 82, 446, 0, 500
0.061776, -27, 447, 0, 500
0.061976, -50, 446, 0, 500
0.062170, 2, 530, 0, 500
0.062376, 35, 480, 0, 500
0.062570, -1, 409, 0, 500
0.062772, -52, 481, 0, 500
0.062972, 6, 491, 0, 500
0.063176, 14, 514, 0, 500
0.063376, 16, 439, 0, 500
0.063572, -30, 434, 0, 500
0.063776, -24, 507, 0, 500
0.063970, 81, 435, 0, 500
0.064176, 17, 453, 0, 500
0.064376, -84, 533, 0, 500
0.064576, -18, 504, 0, 500
0.064772, 62, 405, 0, 500
0.064970, 18, 387, 0, 500
0.065172, -12, 476, 0, 500
0.065372, -54, 576, 0, 500
0.065572, 37, 442, 0, 500
0.065772, 47, 351, 0, 500
0.065970, -18, 516, 0, 500
0.066170, -51, 555, 0, 500
0.066372, 8, 452, 0, 500
0.066572, 93, 330, 0, 500
0.066770, -12, 463, 0, 500
0.066970, -101, 637, 0, 500
0.067172, 9, 465, 0, 500
0.067372, 96, 317, 0, 500
0.067572, -39, 512, 0, 500
0.067772, -74, 528, 0, 500
0.067976, 37, 455, 0, 500
0.068170, 86, 396, 0, 500
0.068370, -63, 509, 0, 500
0.068572, -36, 487, 0, 500
0.068776, 39, 454, 0, 500
0.068976, 46, 426, 0, 500
0.069176, -29, 460, 0, 500
0.069372, -72, 502, 0, 500
0.069572, 4, 491, 0, 500
0.069772, 53, 457, 0, 500
0.069970, 9, 465, 0, 500
0.070172, 10, 440, 0, 500
0.070372, -36, 486, 0, 500
0.070576, 41, 442, 0, 500
0.070776, 39, 455, 0, 500
0.070972, -62, 497, 0, 500
0.071176, -6, 464, 0, 500
0.071370, 41, 440, 0, 500
0.071570, 3, 469, 0, 500
0.071772, 1, 458, 0, 500
0.071972, -41, 512, 0, 500
0.072176, 21, 449, 0, 500
0.072376, 41, 416, 0, 500
0.072572, -12, 476, 0, 500
0.072772, -13, 490, 0, 500
0.072972, -15, 501, 0, 500
0.073172, 44, 427, 0, 500
0.073370, -33, 496, 0, 500
0.073572, -28, 480, 0, 500
0.073772, 14, 488, 0, 500
0.073976, 13, 465, 0, 500
0.074172, 39, 391, 0, 500
0.074376, 49, 450, 0, 500
0.074576, -62, 537, 0, 500
0.074772, -71, 525, 0, 500
0.074972, 86, 408, 0, 500
0.075170, 45, 401, 0, 500
0.075372, -74, 602, 0, 500
0.075572, -36, 496, 0, 500
0.075776, 69, 365, 0, 500
0.075972, 38, 416, 0, 500
0.076172, -75, 638, 0, 500
0.076372, -12, 463, 0, 500
0.076576, 99, 316, 0, 500
0.076770, -39, 499, 0, 500
0.076972, -102, 699, 0, 500
0.077172, 53, 348, 0, 500
0.077372, 96, 317, 0, 500
0.077570, -87, 569, 0, 500
0.077772, -89, 608, 0, 500
0.078170, 93, 330, 0, 500
0.078372, -126, 535, 0, 500
0.078572, -23, 555, 0, 500
0.078772, 100, 450, 0, 500
0.078972, 43, 351, 0, 500
0.079170, -116, 520, 0, 500
0.079376, -10, 539, 0, 500
0.079576, 62, 456, 0, 500
0.079770, 21, 378, 0, 500
0.079972, -86, 507, 0, 500
0.080172, -27, 543, 0, 500
0.080370, 132, 388, 0, 500
0.080572, 0, 409, 0, 500
0.080772, -113, 518, 0, 500
0.080970, 2, 531, 0, 500
0.081172, 105, 399, 0, 500
0.081376, -26, 460, 0, 500
0.081576, -8, 463, 0, 500
0.081772, 3, 469, 0, 500
0.081970, 29, 495, 0, 500
0.082170, -33, 496, 0, 500
0.082372, -6, 424, 0, 500
0.082572, 4, 491, 0, 500
0.082772, 43, 440, 0, 500
0.082976, -30, 509, 0, 500
0.083172, -52, 481, 0, 500
0.083372, 55, 444, 0, 500
0.083572, 12, 488, 0, 500
0.083776, 21, 443, 0, 500
0.083972, -34, 448, 0, 500
0.084172, -43, 512, 0, 500
0.084376, 17, 488, 0, 500
0.084572, 103, 424, 0, 500
0.084776, -33, 486, 0, 500
0.084972, -57, 472, 0, 500
0.085172, 8, 491, 0, 500
0.085372, 143, 408, 0, 500
0.085576, -81, 507, 0, 500
0.085772, -98, 477, 0, 500
0.085972, 39, 453, 0, 500
0.086176, 90, 400, 0, 500
0.086372, -12, 476, 0, 500
0.086572, -60, 498, 0, 500
0.086776, -4, 480, 0, 500
0.086972, 77, 474, 0, 500
0.087170, -38, 486, 0, 500
0.087372, -71, 426, 0, 500
0.087576, 85, 434, 0, 500
0.087776, 52, 535, 0, 500
0.087976, -71, 459, 0, 500
0.088176, -26, 434, 0, 500
0.088372, 12, 488, 0, 500
0.088576, 57, 490, 0, 500
0.088776, 1, 422, 0, 500
0.088970, -83, 530, 0, 500
0.089176, 11, 491, 0, 500
0.089372, 86, 408, 0, 500
0.089576, -27, 483, 0, 500
0.089776, -65, 512, 0, 500
0.089972, 65, 394, 0, 500
0.090172, 9, 465, 0, 500
0.090370, -69, 515, 0, 500
0.090572, -30, 483, 0, 500
0.090776, 136, 399, 0, 500
0.090976, -3, 450, 0, 500
0.091172, -118, 539, 0, 500
0.091370, 8, 478, 0, 500
0.091576, 88, 408, 0, 500
0.091770, -11, 450, 0, 500
0.091970, -69, 559, 0, 500
0.092176, 11, 491, 0, 500
0.092376, 96, 329, 0, 500
0.092576, -33, 486, 0, 500
0.092772, -61, 560, 0, 500
0.092972, 33, 456, 0, 500
0.093176, 47, 413, 0, 500
0.093376, -73, 505, 0, 500
0.093572, -39, 512, 0, 500
0.093776, 65, 430, 0, 500
0.093976, 15, 452, 0, 500
0.094172, -45, 476, 0, 500
0.094376, 37, 455, 0, 500
0.094570, 6, 491, 0, 500
0.094772, -27, 507, 0, 500
0.094972, -105, 492, 0, 500
0.095176, 113, 384, 0, 500
0.095372, 79, 473, 0, 500
0.095572, -33, 462, 0, 500
0.095776, -132, 555, 0, 500
0.095972, 55, 434, 0, 500
0.096176, 114, 397, 0, 500
0.096370, -71, 525, 0, 500
0.096576, -52, 495, 0, 500
0.096770, 41, 440, 0, 500
0.096972, 56, 421, 0, 500
0.097176, -60, 523, 0, 500
0.097376, -34, 542, 0, 500
0.097572, 87, 401, 0, 500
0.097772, 37, 360, 0, 500
0.097970, -93, 572, 0, 500
0.098170, -27, 528, 0, 500
0.098376, 64, 382, 0, 500
0.098572, 13, 452, 0, 500
0.098772, -69, 561, 0, 500
0.098972, 35, 455, 0, 500
0.099172, 17, 430, 0, 500
0.099376, -28, 473, 0, 500
0.099576, 7, 530, 0, 500
0.099776, 12, 478, 0, 500
0.099976, 10, 369, 0, 500
0.000172, -10, 463, 0, 500
0.000376, -47, 616, 0, 500
0.000572, 31, 456, 0, 500
0.000772, 24, 384, 0, 500
0.000976, 0, 435, 0, 500
0.001170, -15, 539, 0, 500
0.001376, 1, 471, 0, 500
0.001570, 54, 422, 0, 500
0.001772, -36, 486, 0, 500
0.001976, -52, 495, 0, 500
0.002176, 17, 488, 0, 500
0.002372, 46, 414, 0, 500
0.002572, -33, 509, 0, 500
0.002772, -39, 512, 0, 500
0.002976, 48, 407, 0, 500
0.003176, 45, 439, 0, 500
0.003376, -64, 562, 0, 500
0.003570, -78, 491, 0, 500
0.003776, 115, 395, 0, 500
0.003972, 17, 462, 0, 500
0.004172, -64, 537, 0, 500
0.004376, -31, 460, 0, 500
0.004576, 65, 430, 0, 500
0.004776, -9, 524, 0, 500
0.004970, -80, 504, 0, 500
0.005172, 14, 439, 0, 500
0.005372, 62, 418, 0, 500
0.005572, -26, 530, 0, 500
0.005776, -64, 526, 0, 500
0.005976, 49, 400, 0, 500
0.006172, 85, 421, 0, 500
0.006372, -74, 528, 0, 500
0.006572, -60, 498, 0, 500
0.006776, 20, 475, 0, 500
0.006972, 110, 398, 0, 500
0.007176, -132, 555, 0, 500
0.007372, 36, 429, 0, 500
0.007572, 58, 457, 0, 500
0.007770, -35, 509, 0, 500
0.007972, -10, 463, 0, 500
0.008172, 37, 442, 0, 500
0.008372, 6, 491, 0, 500
0.008570, -50, 590, 0, 500
0.008776, 16, 367, 0, 500
0.008970, 45, 351, 0, 500
0.009172, -17, 529, 0, 500
0.009372, -44, 613, 0, 500
0.009572, -13, 439, 0, 500
0.009776, 23, 387, 0, 500
0.009972, 10, 488, 0, 500
0.010176, -14, 598, 0, 500
0.010372, 10, 374, 0, 500
0.010572, 12, 403, 0, 500
0.010772, 8, 547, 0, 500
0.010976, -32, 549, 0, 500
0.011172, 44, 377, 0, 500
0.011376, 16, 439, 0, 500
0.011572, -39, 513, 0, 500
0.011776, -31, 512, 0, 500
0.011976, 73, 403, 0, 500
0.012170, 43, 421, 0, 500
0.012372, -60, 498, 0, 500
0.012576, -16, 542, 0, 500
0.012776, 89, 420, 0, 500
0.012976, -29, 460, 0, 500
0.013172, -61, 471, 0, 500
0.013376, 85, 440, 0, 500
0.013576, 37, 455, 0, 500
0.013776, -62, 537, 0, 500
0.013976, -31, 486, 0, 500
0.014172, 32, 431, 0, 500
0.014376, 13, 465, 0, 500
0.014576, -44, 498, 0, 500
0.014778, 17, 491, 0, 500
0.014972, 43, 440, 0, 500
0.015176, -7, 450, 0, 500
0.015376, -49, 495, 0, 500
0.015576, 22, 482, 0, 500
0.015772, 41, 453, 0, 500
0.015976, -20, 468, 0, 500
0.016170, -36, 473, 0, 500
0.016376, 14, 478, 0, 500
0.016576, 106, 448, 0, 500
0.016776, -81, 507, 0, 500
0.016976, -51, 433, 0, 500
0.017172, 24, 483, 0, 500
0.017376, 76, 524, 0, 500
0.017572, -3, 398, 0, 500
0.017772, -83, 481, 0, 500
0.017970, 26, 521, 0, 500
0.018172, 64, 448, 0, 500
0.018376, -4, 424, 0, 500
0.018576, -56, 485, 0, 500
0.018772, -26, 557, 0, 500
0.018976, 112, 397, 0, 500
0.019176, -26, 434, 0, 500
0.019376, -58, 498, 0, 500
0.019572, 8, 491, 0, 500
0.019776, 58, 470, 0, 500
0.019970, 12, 439, 0, 500
0.020176, -114, 497, 0, 500
0.020376, 45, 452, 0, 500
0.020576, 90, 463, 0, 500
0.020776, -75, 505, 0, 500
0.020976, -17, 455, 0, 500
0.021176, 31, 483, 0, 500
0.021376, 11, 491, 0, 500
0.021572, -26, 451, 0, 500
0.021776, -31, 486, 0, 500
0.021976, 109, 423, 0, 500
0.022176, -10, 477, 0, 500
0.022376, -84, 533, 0, 500
0.022576, -25, 464, 0, 500
0.022770, 126, 440, 0, 500
0.022976, -11, 488, 0, 500
0.023172, -78, 456, 0, 500
0.023370, 17, 445, 0, 500
0.023576, 39, 518, 0, 500
0.023772, -35, 460, 0, 500
0.023976, -31, 486, 0, 500
0.024172, 35, 455, 0, 500
0.024370, -29, 507, 0, 500
0.024576, 19, 452, 0, 500
0.024776, 15, 452, 0, 500
0.024972, -60, 498, 0, 500
0.025176, 11, 491, 0, 500
0.025376, 12, 553, 0, 500
0.025570, 90, 356, 0, 500
0.025776, -10, 279, 0, 500
0.025976, -116, 624, 0, 500
0.026176, 0, 683, 0, 500
0.026372, 116, 345, 0, 500
0.026576, -18, 281, 0, 500
0.026776, -91, 599, 0, 500
0.026976, -3, 634, 0, 500
0.027176, 104, 326, 0, 500
0.027376, -23, 382, 0, 500
0.027576, -112, 610, 0, 500
0.027776, 11, 530, 0, 500
0.027972, 135, 362, 0, 500
0.028176, -26, 460, 0, 500
0.028372, -70, 562, 0, 500
0.028576, 15, 465, 0, 500
0.028776, 66, 417, 0, 500
0.028976, -35, 464, 0, 500
0.029170, -14, 476, 0, 500
0.029376, -15, 552, 0, 500
0.029576, 42, 448, 0, 500
0.029776, 8, 369, 0, 500
0.029976, -78, 531, 0, 500
0.030176, 4, 556, 0, 500
0.030376, 87, 421, 0, 500
0.030576, 0, 372, 0, 500
0.030772, -86, 533, 0, 500
0.030976, 41, 528, 0, 500
0.031176, 58, 421, 0, 500
0.031376, -50, 446, 0, 500
0.031576, -7, 477, 0, 500
0.031772, 28, 521, 0, 500
0.031976, -8, 463, 0, 500
0.032176, -41, 453, 0, 500
0.032372, 11, 465, 0, 500
0.032570, 47, 535, 0, 500
0.032776, -7, 477, 0, 500
0.032970, -44, 390, 0, 500
0.033176, 26, 473, 0, 500
0.033376, 1, 582, 0, 500
0.033576, -27, 483, 0, 500
0.033778, 30, 386, 0, 500
0.033976, 18, 439, 0, 500
0.034176, 11, 531, 0, 500
0.034376, -9, 516, 0, 500
0.034576, -43, 430, 0, 500
0.034772, 8, 442, 0, 500
0.034972, 48, 500, 0, 500
0.035176, -4, 474, 0, 500
0.035378, -28, 500, 0, 500
0.035572, -14, 476, 0, 500
0.035776, 75, 390, 0, 500
0.035972, 8, 491, 0, 500
0.036176, -62, 563, 0, 500
0.036376, -32, 473, 0, 500
0.036576, 63, 395, 0, 500
0.036776, 36, 451, 0, 500
0.036976, -82, 570, 0, 500
0.037172, 31, 494, 0, 500
0.037376, 23, 387, 0, 500
0.037576, -3, 437, 0, 500
0.037772, -69, 611, 0, 500
0.037976, 20, 475, 0, 500
0.038176, 63, 351, 0, 500
0.038376, -27, 483, 0, 500
0.038578, -30, 582, 0, 500
0.038776, 23, 486, 0, 500
0.038972, 1, 382, 0, 500
0.039176, -22, 481, 0, 500
0.039376, 33, 520, 0, 500
0.039576, 0, 474, 0, 500
0.039776, -70, 479, 0, 500
0.039972, 10, 478, 0, 500
0.040176, 89, 433, 0, 500
0.040376, -27, 448, 0, 500
0.040576, -79, 534, 0, 500
0.040776, 39, 498, 0, 500
0.040976, 61, 444, 0, 500
0.041176, -70, 453, 0, 500
0.041378, -2, 464, 0, 500
0.041572, 49, 535, 0, 500
0.041776, -36, 512, 0, 500
0.041976, -25, 408, 0, 500
0.042176, 47, 403, 0, 500
0.042370, 5, 553, 0, 500
0.042576, -78, 531, 0, 500
0.042776, 24, 436, 0, 500
0.042976, 89, 395, 0, 500
0.043176, -38, 551, 0, 500
0.043372, -60, 498, 0, 500
0.043572, 27, 421, 0, 500
0.043772, 53, 447, 0, 500
0.043972, 1, 556, 0, 500
0.044176, -6, 464, 0, 500
0.044376, 0, 372, 0, 500
0.044576, -52, 495, 0, 500
0.044776, 33, 520, 0, 500
0.044976, 11, 491, 0, 500
0.045176, -23, 458, 0, 500
0.045376, -32, 473, 0, 500
0.045576, 21, 488, 0, 500
0.045776, 34, 470, 0, 500
0.045976, 0, 448, 0, 500
0.046176, -62, 513, 0, 500
0.046376, 13, 491, 0, 500
0.046570, 56, 457, 0, 500
0.046776, -33, 499, 0, 500
0.046976, -59, 510, 0, 500
0.047176, 61, 444, 0, 500
0.047376, 45, 439, 0, 500
0.047576, -50, 482, 0, 500
0.047776, -36, 512, 0, 500
0.047976, 6, 556, 0, 500
0.048176, 29, 384, 0, 500
0.048378, -12, 406, 0, 500
0.048572, -4, 560, 0, 500
0.048776, 10, 543, 0, 500
0.048976, 9, 356, 0, 500
0.049176, -10, 427, 0, 500
0.049376, -36, 588, 0, 500
0.049576, 54, 534, 0, 500
0.049778, -5, 370, 0, 500
0.049976, -27, 447, 0, 500
0.050176, 4, 556, 0, 500
0.050376, 49, 450, 0, 500
0.050576, -48, 446, 0, 500
0.050772, -10, 463, 0, 500
0.050976, 42, 455, 0, 500
0.051176, 39, 455, 0, 500
0.051378, -77, 535, 0, 500
0.051576, -35, 490, 0, 500
0.051776, 59, 434, 0, 500
0.051976, 23, 449, 0, 500
0.052176, -77, 518, 0, 500
0.052376, 43, 442, 0, 500
0.052572, 26, 483, 0, 500
0.052778, -49, 486, 0, 500
0.052976, -6, 464, 0, 500
0.053176, 9, 455, 0, 500
0.053376, 39, 455, 0, 500
0.053578, -62, 529, 0, 500
0.053776, -7, 477, 0, 500
0.053976, 47, 439, 0, 500
0.054176, -31, 512, 0, 500
0.054376, -47, 496, 0, 500
0.054576, 47, 439, 0, 500
0.054776, 19, 488, 0, 500
0.054976, -58, 487, 0, 500
0.055176, 42, 429, 0, 500
0.055376, 47, 403, 0, 500
0.055576, -42, 564, 0, 500
0.055776, -85, 546, 0, 500
0.055978, 59, 347, 0, 500
0.056176, 87, 433, 0, 500
0.056372, -68, 576, 0, 500
0.056576, -53, 498, 0, 500
0.056772, 41, 403, 0, 500
0.056976, 19, 488, 0, 500
0.057176, -10, 477, 0, 500
0.057370, -14, 476, 0, 500
0.057576, 4, 556, 0, 500
0.057776, 15, 465, 0, 500
0.057978, -11, 311, 0, 500
0.058176, 37, 507, 0, 500
0.058378, -33, 621, 0, 500
0.058576, -6, 464, 0, 500
0.058776, -2, 368, 0, 500
0.058976, 43, 416, 0, 500
0.059172, -46, 633, 0, 500
0.059376, -36, 512, 0, 500
0.059576, 53, 337, 0, 500
0.059778, 45, 442, 0, 500
0.059972, -83, 606, 0, 500
0.060178, -28, 500, 0, 500
0.060376, 116, 358, 0, 500
0.060572, -10, 463, 0, 500
0.060776, -126, 605, 0, 500
0.060976, 20, 475, 0, 500
0.061178, 102, 389, 0, 500
0.061378, 4, 448, 0, 500
0.061576, -83, 573, 0, 500
0.061776, 13, 491, 0, 500
0.061976, 47, 403, 0, 500
0.062176, -8, 463, 0, 500
0.062378, -77, 597, 0, 500
0.062576, 47, 433, 0, 500
0.062776, 23, 387, 0, 500
0.062976, 0, 468, 0, 500
0.063176, -41, 617, 0, 500
0.063376, -1, 474, 0, 500
0.063572, 4, 357, 0, 500
0.063776, -14, 504, 0, 500
0.063976, 50, 548, 0, 500
0.064176, 0, 461, 0, 500
0.064376, -43, 381, 0, 500
0.064576, -8, 513, 0, 500
0.064776, 11, 566, 0, 500
0.064976, 53, 411, 0, 500
0.065176, -38, 404, 0, 500
0.065376, -14, 542, 0, 500
0.065576, 41, 491, 0, 500
0.065776, 0, 448, 0, 500
0.065976, -25, 408, 0, 500
0.066176, -5, 477, 0, 500
0.066376, 29, 559, 0, 500
0.066576, -14, 542, 0, 500
0.066776, -42, 443, 0, 500
0.066976, 38, 356, 0, 500
0.067176, 35, 520, 0, 500
0.067376, -56, 561, 0, 500
0.067578, -23, 474, 0, 500
0.067776, 49, 400, 0, 500
0.067976, 18, 466, 0, 500
0.068176, -40, 490, 0, 500
0.068376, -16, 531, 0, 500
0.068576, 52, 469, 0, 500
0.068772, -27, 457, 0, 500
0.068976, -5, 437, 0, 500
0.069176, 31, 520, 0, 500
0.069376, 39, 455, 0, 500
0.069576, -53, 472, 0, 500
0.069770, -39, 499, 0, 500
0.069976, 39, 455, 0, 500
0.070176, 13, 491, 0, 500
0.070376, 0, 448, 0, 500
0.070576, -49, 495, 0, 500
0.070778, 35, 546, 0, 500
0.070978, -9, 478, 0, 500
0.071176, -25, 421, 0, 500
0.071376, -30, 499, 0, 500
0.071576, 43, 504, 0, 500
0.071776, 43, 442, 0, 500
0.071976, -61, 473, 0, 500
0.072176, -34, 512, 0, 500
0.072376, 135, 412, 0, 500
0.072576, -10, 477, 0, 500
0.072776, -146, 545, 0, 500
0.072976, 61, 434, 0, 500
0.073176, 110, 454, 0, 500
0.073376, -58, 498, 0, 500
0.073572, -76, 442, 0, 500
0.073776, 45, 452, 0, 500
0.073976, 77, 538, 0, 500
0.074176, -82, 534, 0, 500
0.074376, -43, 430, 0, 500
0.074576, 42, 429, 0, 500
0.074778, 51, 491, 0, 500
0.074976, -6, 483, 0, 500
0.075176, -52, 446, 0, 500
0.075376, -32, 519, 0, 500
0.075576, 57, 534, 0, 500
0.075776, 49, 413, 0, 500
0.075976, -63, 421, 0, 500
0.076172, -86, 582, 0, 500
0.076376, 83, 497, 0, 500
0.076576, 93, 381, 0, 500
0.076776, -123, 490, 0, 500
0.076976, -72, 581, 0, 500
0.077172, 129, 420, 0, 500
0.077376, 26, 436, 0, 500
0.077576, -121, 553, 0, 500
0.077776, -14, 504, 0, 500
0.077976, 106, 448, 0, 500
0.078176, -23, 458, 0, 500
0.078376, -51, 459, 0, 500
0.078578, -4, 483, 0, 500
0.078776, 36, 518, 0, 500
0.078976, 0, 461, 0, 500
0.079176, -37, 464, 0, 500
0.079376, -28, 510, 0, 500
0.079576, 52, 462, 0, 500
0.079776, 47, 439, 0, 500
0.079976, -150, 528, 0, 500
0.080176, 22, 475, 0, 500
0.080376, 136, 418, 0, 500
0.080576, -35, 464, 0, 500
0.080776, -105, 519, 0, 500
0.080976, 36, 494, 0, 500
0.081176, 93, 456, 0, 500
0.081376, -51, 433, 0, 500
0.081576, -58, 498, 0, 500
0.081776, 57, 534, 0, 500
0.081976, 42, 455, 0, 500
0.082178, -61, 454, 0, 500
0.082370, -14, 476, 0, 500
0.082576, 45, 452, 0, 500
0.082776, 39, 455, 0, 500
0.082976, -80, 541, 0, 500
0.083176, 0, 474, 0, 500
0.083376, 57, 447, 0, 500
0.083576, -27, 497, 0, 500
0.083776, -193, 567, 0, 500
0.083978, 139, 422, 0, 500
0.084178, 159, 402, 0, 500
0.084376, -118, 425, 0, 500
0.084576, -127, 618, 0, 500
0.084776, 77, 537, 0, 500
0.084976, 141, 334, 0, 500
0.085176, -43, 394, 0, 500
0.085376, -140, 660, 0, 500
0.085578, 16, 566, 0, 500
0.085776, 147, 294, 0, 500
0.085976, 0, 372, 0, 500
0.086176, -137, 633, 0, 500
0.086376, 11, 567, 0, 500
0.086576, 144, 308, 0, 500
0.086772, -14, 476, 0, 500
0.086976, -139, 620, 0, 500
0.087176, 39, 455, 0, 500
0.087372, 86, 407, 0, 500
0.087576, -1, 437, 0, 500
0.087776, -132, 555, 0, 500
0.087976, 28, 535, 0, 500
0.088176, 65, 443, 0, 500
0.088372, 0, 372, 0, 500
0.088576, -62, 537, 0, 500
0.088776, 12, 553, 0, 500
0.088976, 57, 447, 0, 500
0.089176, 0, 424, 0, 500
0.089378, -27, 488, 0, 500
0.089576, -34, 549, 0, 500
0.089776, 13, 491, 0, 500
0.089978, 27, 449, 0, 500
0.090178, -26, 474, 0, 500
0.090378, -2, 464, 0, 500
0.090576, 61, 469, 0, 500
0.090776, -34, 512, 0, 500
0.090978, -47, 459, 0, 500
0.091172, 10, 478, 0, 500
0.091376, 49, 476, 0, 500
0.091572, -12, 463, 0, 500
0.091772, 14, 441, 0, 500
0.091978, 3, 523, 0, 500
0.092176, -38, 551, 0, 500
0.092372, -27, 457, 0, 500
0.092578, 122, 343, 0, 500
0.092776, 63, 469, 0, 500
0.092976, -182, 629, 0, 500
0.093176, -35, 464, 0, 500
0.093378, 147, 382, 0, 500
0.093576, 37, 455, 0, 500
0.093776, -133, 594, 0, 500
0.093976, -6, 464, 0, 500
0.094176, 92, 407, 0, 500
0.094378, -3, 477, 0, 500
0.094576, -54, 505, 0, 500
0.094776, -50, 594, 0, 500
0.094976, 91, 394, 0, 500
0.095178, -14, 406, 0, 500
0.095378, -71, 532, 0, 500
0.095576, 31, 520, 0, 500
0.095776, 87, 433, 0, 500
0.095978, 1, 424, 0, 500
0.096176, -92, 429, 0, 500
0.096376, -39, 647, 0, 500
0.096576, 132, 438, 0, 500
0.096778, 11, 369, 0, 500
0.096976, -141, 499, 0, 500
0.097176, 30, 546, 0, 500
0.097378, 64, 544, 0, 500
0.097578, 27, 386, 0, 500
0.097778, -97, 444, 0, 500
0.097976, -7, 477, 0, 500
0.098176, 101, 527, 0, 500
0.098378, -2, 464, 0, 500
0.098576, -124, 503, 0, 500
0.098976, 137, 411, 0, 500
0.099176, -46, 483, 0, 500
0.099376, -101, 520, 0, 500
0.099578, 50, 452, 0, 500
0.099778, 88, 498, 0, 500
0.099978, -36, 467, 0, 500
0.000176, -50, 446, 0, 500
0.000376, 37, 455, 0, 500
0.000578, 38, 520, 0, 500
0.000776, -55, 523, 0, 500
0.000976, -1, 411, 0, 500
0.001176, 74, 416, 0, 500
0.001376, -75, 614, 0, 500
0.001576, -47, 496, 0, 500
0.001772, 42, 376, 0, 500
0.001976, 63, 469, 0, 500
0.002176, -9, 552, 0, 500
0.002376, -51, 459, 0, 500
0.002576, -24, 497, 0, 500
0.002776, 62, 456, 0, 500
0.002976, 42, 455, 0, 500
0.003176, -53, 498, 0, 500
0.003376, -49, 495, 0, 500
0.003576, 13, 491, 0, 500
0.003776, 91, 420, 0, 500
0.003978, -45, 496, 0, 500
0.004176, -116, 537, 0, 500
0.004376, 111, 423, 0, 500
0.004576, 61, 408, 0, 500
0.004776, -33, 528, 0, 500
0.004976, -82, 534, 0, 500
0.005178, 19, 478, 0, 500
0.005378, 119, 395, 0, 500
0.005578, -27, 452, 0, 500
0.005776, -104, 559, 0, 500
0.005976, 32, 507, 0, 500
0.006176, 91, 420, 0, 500
0.006378, -74, 508, 0, 500
0.006576, -69, 522, 0, 500
0.006776, 90, 407, 0, 500
0.006976, 59, 447, 0, 500
0.007176, -57, 538, 0, 500
0.007376, -51, 508, 0, 500
0.007576, 22, 482, 0, 500
0.007776, 43, 416, 0, 500
0.007976, -5, 477, 0, 500
0.008176, -91, 477, 0, 500
0.008376, 13, 528, 0, 500
0.008572, 100, 489, 0, 500
0.008776, 0, 435, 0, 500
0.008976, -96, 468, 0, 500
0.009176, 36, 494, 0, 500
0.009376, 57, 534, 0, 500
0.009578, 3, 398, 0, 500
0.009778, -48, 472, 0, 500
0.009976, -34, 512, 0, 500
0.010176, 33, 520, 0, 500
0.010378, 26, 488, 0, 500
0.010576, -25, 386, 0, 500
0.010776, -31, 512, 0, 500
0.010978, 15, 579, 0, 500
0.011178, 52, 426, 0, 500
0.011376, 2, 372, 0, 500
0.011576, -76, 531, 0, 500
0.011776, 29, 533, 0, 500
0.011976, 42, 448, 0, 500
0.012176, -2, 424, 0, 500
0.012376, -51, 508, 0, 500
0.012576, 11, 530, 0, 500
0.012776, 37, 455, 0, 500
0.012976, -4, 464, 0, 500
0.013176, -74, 518, 0, 500
0.013378, 64, 446, 0, 500
0.013578, 37, 482, 0, 500
0.013776, -5, 477, 0, 500
0.013976, -48, 446, 0, 500
0.014178, 0, 500, 0, 500
0.014372, 43, 489, 0, 500
0.014576, 88, 446, 0, 500
0.014776, -128, 542, 0, 500
0.014978, -46, 473, 0, 500
0.015176, 137, 411, 0, 500
0.015378, 17, 491, 0, 500
0.015578, -127, 521, 0, 500
0.015778, 3, 461, 0, 500
0.015978, 138, 417, 0, 500
0.016176, -31, 512, 0, 500
0.016378, -159, 564, 0, 500
0.016576, 69, 412, 0, 500
0.016776, 108, 448, 0, 500
0.016976, -73, 531, 0, 500
0.017176, -103, 520, 0, 500
0.017376, 69, 365, 0, 500
0.017576, 115, 495, 0, 500
0.017778, -51, 499, 0, 500
0.017976, -97, 481, 0, 500
0.018176, 42, 455, 0, 500
0.018376, 84, 465, 0, 500
0.018576, -76, 531, 0, 500
0.018776, -33, 499, 0, 500
0.018978, 53, 439, 0, 500
0.019176, 44, 429, 0, 500
0.019378, -32, 477, 0, 500
0.019576, -62, 563, 0, 500
0.019776, 39, 455, 0, 500
0.019978, 51, 415, 0, 500
0.020176, -84, 533, 0, 500
0.020376, -38, 551, 0, 500
0.020576, 63, 469, 0, 500
0.020778, 74, 391, 0, 500
0.020978, -68, 506, 0, 500
0.021178, -47, 486, 0, 500
0.021378, 48, 491, 0, 500
0.021578, 44, 455, 0, 500
0.021778, -62, 503, 0, 500
0.021976, -35, 464, 0, 500
0.022178, 93, 432, 0, 500
0.022376, -8, 539, 0, 500
0.022578, -72, 535, 0, 500
0.022776, -11, 397, 0, 500
0.022976, 84, 459, 0, 500
0.023178, -3, 539, 0, 500
0.023376, -77, 508, 0, 500
0.023576, 52, 407, 0, 500
0.023778, 44, 455, 0, 500
0.023976, -49, 522, 0, 500
0.024178, -3, 477, 0, 500
0.024376, 113, 422, 0, 500
0.024578, -86, 515, 0, 500
0.024776, -53, 498, 0, 500
0.024978, 66, 446, 0, 500
0.025176, 63, 444, 0, 500
0.025378, -51, 499, 0, 500
0.025576, -38, 526, 0, 500
0.025778, 46, 454, 0, 500
0.025972, 38, 429, 0, 500
0.026176, -5, 477, 0, 500
0.026376, -60, 524, 0, 500
0.026576, 13, 491, 0, 500
0.026778, 39, 505, 0, 500
0.026976, -22, 471, 0, 500
0.027176, -3, 450, 0, 500
0.027376, 25, 451, 0, 500
0.027578, 3, 468, 0, 500
0.027776, -41, 555, 0, 500
0.027978, -3, 477, 0, 500
0.028176, 27, 485, 0, 500
0.028376, -53, 498, 0, 500
0.028576, 16, 478, 0, 500
0.028776, 62, 421, 0, 500
0.028976, -4, 464, 0, 500
0.029178, -45, 562, 0, 500
0.029376, -34, 512, 0, 500
0.029576, 50, 407, 0, 500
0.029776, 12, 497, 0, 500
0.029976, -31, 512, 0, 500
0.030176, -7, 477, 0, 500
0.030376, 43, 442, 0, 500
0.030576, -4, 464, 0, 500
0.030778, -78, 610, 0, 500
0.030978, 49, 415, 0, 500
0.031178, 44, 455, 0, 500
0.031378, -68, 532, 0, 500
0.031578, -27, 513, 0, 500
0.031776, 42, 429, 0, 500
0.031976, 55, 410, 0, 500
0.032176, -79, 597, 0, 500
0.032376, -33, 525, 0, 500
0.032576, 70, 379, 0, 500
0.032778, 21, 452, 0, 500
0.032976, -40, 552, 0, 500
0.033176, -34, 512, 0, 500
0.033376, 41, 416, 0, 500
0.033576, 15, 491, 0, 500
0.033776, -31, 512, 0, 500
0.033976, -26, 573, 0, 500
0.034176, 53, 449, 0, 500
0.034378, 30, 373, 0, 500
0.034578, -66, 506, 0, 500
0.034776, -34, 599, 0, 500
0.034976, 89, 433, 0, 500
0.035176, 4, 372, 0, 500
0.035376, -53, 498, 0, 500
0.035576, -15, 581, 0, 500
0.035778, 16, 504, 0, 500
0.035976, -17, 405, 0, 500
0.036176, 9, 455, 0, 500
0.036378, 38, 520, 0, 500
0.036578, 17, 497, 0, 500
0.036776, -42, 443, 0, 500
0.036978, -20, 487, 0, 500
0.037176, 29, 584, 0, 500
0.037378, 23, 451, 0, 500
0.037576, -45, 419, 0, 500
0.037776, -32, 473, 0, 500
0.037978, 57, 560, 0, 500
0.038176, 12, 468, 0, 500
0.038376, -45, 357, 0, 500
0.038578, -7, 516, 0, 500
0.038776, 11, 592, 0, 500
0.038976, 48, 452, 0, 500
0.039178, -20, 408, 0, 500
0.039376, -56, 474, 0, 500
0.039576, 51, 538, 0, 500
0.039776, 37, 481, 0, 500
0.039978, -65, 467, 0, 500
0.040176, 94, 381, 0, 500
0.040378, -36, 591, 0, 500
0.040578, -54, 538, 0, 500
0.040776, 26, 436, 0, 500
0.040976, 19, 426, 0, 500
0.041178, -4, 542, 0, 500
0.041378, -48, 535, 0, 500
0.041576, 16, 439, 0, 500
0.041778, 53, 439, 0, 500
0.041976, 12, 468, 0, 500
0.042178, -45, 496, 0, 500
0.042378, -32, 578, 0, 500
0.042578, 63, 433, 0, 500
0.042778, 23, 451, 0, 500
0.042978, -48, 472, 0, 500
0.043176, -31, 512, 0, 500
0.043376, 81, 499, 0, 500
0.043576, 9, 382, 0, 500
0.043778, -51, 499, 0, 500
0.043978, 7, 547, 0, 500
0.044176, 42, 455, 0, 500
0.044378, 35, 446, 0, 500
0.044578, -51, 499, 0, 500
0.044776, -73, 531, 0, 500
0.044978, 2, 474, 0, 500
0.045176, 133, 412, 0, 500
0.045378, -3, 477, 0, 500
0.045576, -53, 498, 0, 500
0.045778, -64, 516, 0, 500
0.045978, 61, 472, 0, 500
0.046178, 30, 472, 0, 500
0.046378, -48, 472, 0, 500
0.046578, 0, 464, 0, 500
0.046778, 50, 452, 0, 500
0.046978, -6, 542, 0, 500
0.047178, -51, 499, 0, 500
0.047378, 9, 422, 0, 500
0.047578, 21, 514, 0, 500
0.047778, -30, 519, 0, 500
0.047978, -2, 489, 0, 500
0.048178, 36, 459, 0, 500
0.048378, 1, 424, 0, 500
0.048578, -33, 552, 0, 500
0.048776, -2, 480, 0, 500
0.048978, 46, 454, 0, 500
0.049176, -5, 477, 0, 500
0.049378, -29, 513, 0, 500
0.049578, -15, 497, 0, 500
0.049776, 43, 442, 0, 500
0.049976, 4, 471, 0, 500
0.050178, -2, 516, 0, 500
0.050376, -47, 496, 0, 500
0.050576, 43, 442, 0, 500
0.050778, 14, 468, 0, 500
0.050976, -67, 591, 0, 500
0.051178, -29, 513, 0, 500
0.051378, 97, 366, 0, 500
0.051576, 39, 455, 0, 500
0.051778, -51, 499, 0, 500
0.051978, -54, 538, 0, 500
0.052178, 45, 442, 0, 500
0.052378, 44, 448, 0, 500
0.052578, -7, 516, 0, 500
0.052778, -77, 535, 0, 500
0.052978, 48, 428, 0, 500
0.053176, 27, 459, 0, 500
0.053378, -27, 513, 0, 500
0.053576, -100, 494, 0, 500
0.053778, 69, 468, 0, 500
0.053976, 111, 423, 0, 500
0.054178, -88, 492, 0, 500
0.054378, -67, 536, 0, 500
0.054576, 13, 491, 0, 500
0.054778, 141, 410, 0, 500
0.054978, -40, 470, 0, 500
0.055178, -108, 501, 0, 500
0.055378, 3, 586, 0, 500
0.055578, 144, 396, 0, 500
0.055778, -40, 401, 0, 500
0.055978, -98, 521, 0, 500
0.056178, 12, 582, 0, 500
0.056378, 112, 447, 0, 500
0.056576, -30, 382, 0, 500
0.056778, -115, 548, 0, 500
0.056978, 42, 530, 0, 500
0.057178, 139, 411, 0, 500
0.057378, -46, 473, 0, 500
0.057576, -143, 490, 0, 500
0.057778, 59, 534, 0, 500
0.057978, 117, 421, 0, 500
0.058178, -45, 460, 0, 500
0.058378, -182, 564, 0, 500
0.058576, 100, 526, 0, 500
0.058778, 117, 420, 0, 500
0.058976, -61, 402, 0, 500
0.059178, -44, 499, 0, 500
0.059378, 34, 559, 0, 500
0.059576, 11, 530, 0, 500
0.059778, -45, 423, 0, 500
0.059978, 9, 395, 0, 500
0.060178, 42, 530, 0, 500
0.060378, -27, 549, 0, 500
0.060576, -31, 425, 0, 500
0.060778, 24, 438, 0, 500
0.060978, 45, 519, 0, 500
0.061178, -70, 558, 0, 500
0.061378, -27, 451, 0, 500
0.061578, 55, 412, 0, 500
0.061778, 19, 530, 0, 500
0.061978, -44, 509, 0, 500
0.062178, -17, 491, 0, 500
0.062376, 112, 398, 0, 500
0.062578, -48, 534, 0, 500
0.062778, -57, 564, 0, 500
0.062978, 48, 402, 0, 500
0.063178, 48, 402, 0, 500
0.063376, -53, 561, 0, 500
0.063578, -49, 574, 0, 500
0.063778, 30, 436, 0, 500
0.063976, 69, 342, 0, 500
0.064178, -4, 516, 0, 500
0.064376, -63, 576, 0, 500
0.064576, -61, 526, 0, 500
0.064778, 122, 369, 0, 500
0.064976, 41, 442, 0, 500
0.065178, -148, 668, 0, 500
0.065378, -29, 513, 0, 500
0.065576, 158, 296, 0, 500
0.065778, 46, 454, 0, 500
0.065978, -173, 654, 0, 500
0.066178, 1, 539, 0, 500
0.066376, 127, 278, 0, 500
0.066578, 5, 424, 0, 500
0.066778, -85, 692, 0, 500
0.066978, -19, 560, 0, 500
0.067176, 67, 250, 0, 500
0.067378, 20, 465, 0, 500
0.067578, -46, 673, 0, 500
0.067776, 11, 455, 0, 500
0.067978, 13, 369, 0, 500
0.068178, 10, 471, 0, 500
0.068378, -13, 581, 0, 500
0.068578, -51, 505, 0, 500
0.068776, 5, 422, 0, 500
0.068978, 91, 433, 0, 500
0.069178, -1, 542, 0, 500
0.069378, -89, 505, 0, 500
0.069576, 23, 469, 0, 500
0.069776, 53, 456, 0, 500
0.069976, -27, 648, 0, 500
0.070178, -20, 408, 0, 500
0.070378, 101, 328, 0, 500
0.070578, -9, 567, 0, 500
0.070776, -127, 618, 0, 500
0.070976, -21, 458, 0, 500
0.071178, 119, 382, 0, 500
0.071378, 17, 517, 0, 500
0.071578, -92, 518, 0, 500
0.071776, -21, 458, 0, 500
0.071978, 89, 458, 0, 500
0.072176, -5, 539, 0, 500
0.072376, -79, 534, 0, 500
0.072578, 11, 376, 0, 500
0.072778, 88, 472, 0, 500
0.072978, -6, 568, 0, 500
0.073176, -58, 498, 0, 500
0.073376, 0, 424, 0, 500
0.073578, 50, 454, 0, 500
0.073776, -16, 530, 0, 500
0.073978, -27, 488, 0, 500
0.074178, 5, 461, 0, 500
0.074378, 116, 460, 0, 500
0.074578, -74, 535, 0, 500
0.074778, -92, 518, 0, 500
0.074978, 28, 462, 0, 500
0.075178, 66, 446, 0, 500
0.075578, -67, 521, 0, 500
0.075778, -74, 535, 0, 500
0.075976, 95, 299, 0, 500
0.076178, 34, 559, 0, 500
0.076376, -88, 625, 0, 500
0.076578, -12, 432, 0, 500
0.076778, 102, 328, 0, 500
0.076978, 9, 547, 0, 500
0.077178, -58, 577, 0, 500
0.077378, -38, 470, 0, 500
0.077578, 43, 417, 0, 500
0.077778, 44, 455, 0, 500
0.077978, -68, 598, 0, 500
0.078178, -23, 500, 0, 500
0.078376, 99, 329, 0, 500
0.078576, -20, 507, 0, 500
0.078776, -60, 577, 0, 500
0.078976, 15, 491, 0, 500
0.079178, 26, 438, 0, 500
0.079378, 9, 422, 0, 500
0.079578, -9, 542, 0, 500
0.079778, -27, 578, 0, 500
0.079978, -14, 458, 0, 500
0.080178, 28, 412, 0, 500
0.080378, 49, 441, 0, 500
0.080576, -68, 565, 0, 500
0.080778, -7, 516, 0, 500
0.080978, 68, 445, 0, 500
0.081178, -22, 461, 0, 500
0.081378, -18, 451, 0, 500
0.081576, -34, 601, 0, 500
0.081778, 17, 491, 0, 500
0.081976, 22, 364, 0, 500
0.082178, 0, 464, 0, 500
0.082378, -16, 583, 0, 500
0.082578, 46, 454, 0, 500
0.082778, 4, 448, 0, 500
0.082976, -7, 477, 0, 500
0.083178, -42, 496, 0, 500
0.083378, -26, 575, 0, 500
0.083578, 146, 370, 0, 500
0.083778, -32, 422, 0, 500
0.083978, -114, 561, 0, 500
0.084178, 41, 533, 0, 500
0.084378, 94, 419, 0, 500
0.084576, -66, 453, 0, 500
0.084778, -48, 499, 0, 500
0.084976, 34, 507, 0, 500
0.085176, 20, 495, 0, 500
0.085376, -29, 460, 0, 500
0.085576, -26, 460, 0, 500
0.085778, 60, 511, 0, 500
0.085978, 10, 477, 0, 500
0.086178, -69, 496, 0, 500
0.086378, 17, 369, 0, 500
0.086578, 32, 578, 0, 500
0.086778, -4, 542, 0, 500
0.086978, -37, 431, 0, 500
0.087178, 6, 435, 0, 500
0.087378, 42, 494, 0, 500
0.087578, -4, 552, 0, 500
0.087778, -56, 500, 0, 500
0.087976, 48, 390, 0, 500
0.088176, -10, 502, 0, 500
0.088378, -35, 578, 0, 500
0.088578, 6, 473, 0, 500
0.088778, 54, 425, 0, 500
0.088978, 16, 442, 0, 500
0.089178, -54, 538, 0, 500
0.089378, -32, 578, 0, 500
0.089578, 51, 415, 0, 500
0.089778, 51, 376, 0, 500
0.089978, -51, 564, 0, 500
0.090178, -103, 573, 0, 500
0.090378, 95, 393, 0, 500
0.090578, 46, 491, 0, 500
0.090778, -41, 503, 0, 500
0.090978, -73, 522, 0, 500
0.091178, 46, 454, 0, 500
0.091378, 95, 432, 0, 500
0.091578, -48, 499, 0, 500
0.091778, -74, 535, 0, 500
0.091978, 17, 491, 0, 500
0.092178, -2, 464, 0, 500
0.092376, 48, 452, 0, 500
0.092578, 22, 490, 0, 500
0.092778, -46, 499, 0, 500
0.092976, -46, 483, 0, 500
0.093176, 41, 461, 0, 500
0.093378, 40, 520, 0, 500
0.093578, -26, 475, 0, 500
0.093778, -10, 408, 0, 500
0.093978, 1, 513, 0, 500
0.094178, 13, 569, 0, 500
0.094378, 17, 471, 0, 500
0.094578, -43, 413, 0, 500
0.094778, 32, 418, 0, 500
0.094978, 9, 576, 0, 500
0.095178, -6, 542, 0, 500
0.095376, -3, 450, 0, 500
0.095578, -19, 448, 0, 500
0.095776, 15, 491, 0, 500
0.095978, 8, 534, 0, 500
0.096176, -20, 507, 0, 500
0.096378, 14, 434, 0, 500
0.096578, -15, 532, 0, 500
0.096778, 14, 468, 0, 500
0.096978, 50, 428, 0, 500
0.097176, -68, 515, 0, 500
0.097378, -4, 483, 0, 500
0.097578, 52, 488, 0, 500
0.097778, 5, 487, 0, 500
0.097978, -45, 460, 0, 500
0.098176, -5, 477, 0, 500
0.098378, 44, 506, 0, 500
0.098578, 6, 474, 0, 500
0.098778, -39, 483, 0, 500
0.098978, 1, 464, 0, 500
0.099178, 19, 556, 0, 500
0.099378, -34, 517, 0, 500
0.099578, 80, 314, 0, 500
0.099978, -55, 604, 0, 500
0.000176, 15, 491, 0, 361
0.000376, 15, 317, 0, 361
0.000578, -37, 318, 0, 361
0.000778, 10, 409, 0, 361
0.000978, 53, 389, 0, 361
0.001178, -21, 360, 0, 361
0.001378, -34, 329, 0, 361
0.001578, 12, 382, 0, 361
0.001778, 46, 428, 0, 361
0.001978, -32, 352, 0, 361
0.002178, -30, 290, 0, 361
0.002378, 15, 412, 0, 361
0.002576, -5, 450, 0, 361
0.002776, 61, 252, 0, 361
0.002978, -32, 352, 0, 361
0.003176, -42, 443, 0, 361
0.003376, 46, 390, 0, 361
0.003576, 25, 374, 0, 361
0.003778, -58, 388, 0, 361
0.003976, 6, 320, 0, 361
0.004176, 2, 409, 0, 361
0.004376, -19, 405, 0, 361
0.004576, 23, 351, 0, 361
0.004776, 14, 330, 0, 361
0.004978, -98, 482, 0, 361
0.005176, 38, 355, 0, 361
0.005378, 82, 237, 0, 361
0.005578, -28, 376, 0, 361
0.005776, -72, 499, 0, 361
0.005978, 28, 373, 0, 361
0.006176, 34, 282, 0, 361
0.006376, 6, 333, 0, 361
0.006576, -49, 433, 0, 361
0.006778, 27, 386, 0, 361
0.006976, -17, 405, 0, 361
0.007178, 20, 228, 0, 361
0.007378, 9, 333, 0, 361
0.007578, -3, 477, 0, 361
0.007776, -24, 434, 0, 361
0.007976, 20, 265, 0, 361
0.008178, -13, 356, 0, 361
0.008378, 69, 368, 0, 361
0.008578, -39, 394, 0, 361
0.008778, -65, 404, 0, 361
0.008976, 34, 358, 0, 361
0.009176, 85, 440, 0, 361
0.009376, -65, 391, 0, 361
0.009576, -33, 289, 0, 361
0.009776, 66, 319, 0, 361
0.009976, 41, 442, 0, 361
0.010176, -71, 430, 0, 361
0.010376, -27, 287, 0, 361
0.010578, 63, 321, 0, 361
0.010778, 21, 452, 0, 361
0.010976, -34, 365, 0, 361
0.011176, -55, 323, 0, 361
0.011378, 29, 360, 0, 361
0.011576, 92, 407, 0, 361
0.011778, -66, 417, 0, 361
0.011976, -58, 313, 0, 361
0.012178, 57, 311, 0, 361
0.012378, 50, 402, 0, 361
0.012576, -66, 435, 0, 361
0.012776, -33, 352, 0, 361
0.012978, 66, 332, 0, 361
0.013178, 11, 369, 0, 361
0.013376, -43, 394, 0, 361
0.013576, 2, 372, 0, 361
0.013776, -18, 392, 0, 361
0.013978, 54, 337, 0, 361
0.014178, 11, 346, 0, 361
0.014376, -100, 465, 0, 361
0.014578, 0, 400, 0, 361
0.014778, 91, 257, 0, 361
0.014978, -18, 347, 0, 361
0.015178, -43, 420, 0, 361
0.015376, 10, 369, 0, 361
0.015578, 56, 324, 0, 361
0.015778, -27, 389, 0, 361
0.015976, -68, 417, 0, 361
0.016176, 55, 311, 0, 361
0.016376, 48, 351, 0, 361
0.016578, -41, 394, 0, 361
0.016776, -47, 394, 0, 361
0.016976, 25, 386, 0, 361
0.017178, 47, 352, 0, 361
0.017378, -12, 281, 0, 361
0.017576, -63, 427, 0, 361
0.017778, -36, 467, 0, 361
0.017976, 148, 281, 0, 361
0.018178, 26, 301, 0, 361
0.018376, -164, 473, 0, 361
0.018578, 7, 372, 0, 361
0.018776, 148, 294, 0, 361
0.018976, -25, 373, 0, 361
0.019176, -117, 452, 0, 361
0.019376, 11, 343, 0, 361
0.019576, 124, 292, 0, 361
0.019778, -18, 409, 0, 361
0.019976, -136, 434, 0, 361
0.020176, 54, 324, 0, 361
0.020376, 100, 315, 0, 361
0.020776, -69, 390, 0, 361
0.020976, 43, 366, 0, 361
0.021178, 53, 350, 0, 361
0.021376, -41, 355, 0, 361
0.021578, -18, 395, 0, 361
0.021776, 52, 350, 0, 361
0.021976, 10, 369, 0, 361
0.022178, -63, 405, 0, 361
0.022376, 2, 359, 0, 361
0.022576, 39, 349, 0, 361
0.022776, -16, 406, 0, 361
0.022978, -11, 380, 0, 361
0.023178, 60, 285, 0, 361
0.023376, -22, 408, 0, 361
0.023578, -40, 381, 0, 361
0.023778, 13, 369, 0, 361
0.023978, 30, 386, 0, 361
0.024176, -57, 362, 0, 361
0.024378, 37, 351, 0, 361
0.024578, 169, 321, 0, 361
0.024778, -128, 409, 0, 361
0.024976, -159, 430, 0, 361
0.025178, 148, 306, 0, 361
0.025376, 120, 343, 0, 361
0.025578, -128, 409, 0, 361
0.025776, -91, 416, 0, 361
0.025978, 102, 328, 0, 361
0.026176, 93, 381, 0, 361
0.026378, -79, 312, 0, 361
0.026576, -93, 402, 0, 361
0.026776, 90, 419, 0, 361
0.026978, 102, 315, 0, 361
0.027178, -125, 334, 0, 361
0.027376, -85, 400, 0, 361
0.027578, 148, 369, 0, 361
0.027778, 53, 350, 0, 361
0.027976, -114, 399, 0, 361
0.028176, -68, 417, 0, 361
0.028378, 126, 304, 0, 361
0.028576, 31, 321, 0, 361
0.028778, -111, 414, 0, 361
0.028978, -20, 408, 0, 361
0.029176, 96, 329, 0, 361
0.029376, 2, 359, 0, 361
0.029578, -86, 390, 0, 361
0.029776, 48, 351, 0, 361
0.030178, -32, 378, 0, 361
0.030376, -47, 394, 0, 361
0.030576, 50, 351, 0, 361
0.030776, 9, 343, 0, 361
0.030978, 6, 372, 0, 361
0.031176, -73, 429, 0, 361
0.031376, 54, 324, 0, 361
0.031578, 8, 339, 0, 361
0.031776, -37, 378, 0, 361
0.031976, 4, 372, 0, 361
0.032176, 25, 386, 0, 361
0.032376, 3, 359, 0, 361
0.032576, -33, 352, 0, 361
0.032776, -17, 405, 0, 361
0.032976, 72, 340, 0, 361
0.033176, -19, 382, 0, 361
0.033378, -65, 404, 0, 361
0.033578, -11, 380, 0, 361
0.033776, 124, 305, 0, 361
0.033978, -66, 417, 0, 361
0.034176, -84, 386, 0, 361
0.034376, 69, 329, 0, 361
0.034576, 44, 365, 0, 361
0.034778, -58, 395, 0, 361
0.034976, -53, 422, 0, 361
0.035176, 57, 322, 0, 361
0.035376, 154, 279, 0, 361
0.035576, -122, 429, 0, 361
0.035778, -127, 423, 0, 361
0.035976, 72, 352, 0, 361
0.036176, 109, 211, 0, 361
0.036376, -52, 446, 0, 361
0.036576, -127, 592, 0, 361
0.036776, 79, 238, 0, 361
0.036976, 111, 199, 0, 361
0.037176, -51, 459, 0, 361
0.037378, -72, 509, 0, 361
0.037578, 58, 311, 0, 361
0.037776, 12, 330, 0, 361
0.037976, 6, 333, 0, 361
0.038178, 7, 372, 0, 361
0.038378, 1, 424, 0, 361
0.038576, -27, 372, 0, 361
0.038776, 54, 324, 0, 361
0.038978, -48, 409, 0, 361
0.039176, -37, 378, 0, 361
0.039376, 57, 335, 0, 361
0.039578, 55, 350, 0, 361
0.039776, -69, 404, 0, 361
0.039978, -61, 428, 0, 361
0.040176, 45, 339, 0, 361
0.040376, 99, 328, 0, 361
0.040578, -79, 388, 0, 361
0.040776, -67, 391, 0, 361
0.040978, 73, 342, 0, 361
0.041178, 53, 350, 0, 361
0.041376, -81, 410, 0, 361
0.041576, -64, 401, 0, 361
0.041776, 98, 329, 0, 361
0.041976, 56, 348, 0, 361
0.042176, -85, 400, 0, 361
0.042376, -42, 381, 0, 361
0.042576, 41, 366, 0, 361
0.042778, 36, 370, 0, 361
0.042976, -116, 425, 0, 361
0.043178, 57, 324, 0, 361
0.043372, 99, 291, 0, 361
0.043578, -41, 394, 0, 361
0.043772, -96, 414, 0, 361
0.043976, 54, 324, 0, 361
0.044176, 23, 423, 0, 361
0.044378, -22, 373, 0, 361
0.044578, -40, 324, 0, 361
0.044772, 48, 338, 0, 361
0.044978, 31, 449, 0, 361
0.045176, -39, 378, 0, 361
0.045378, -46, 321, 0, 361
0.045576, 50, 351, 0, 361
0.045778, 50, 389, 0, 361
0.045978, -66, 418, 0, 361
0.046178, -34, 329, 0, 361
0.046376, 52, 350, 0, 361
0.046576, -17, 405, 0, 361
0.046776, 31, 371, 0, 361
0.046976, -12, 366, 0, 361
0.047176, 4, 333, 0, 361
0.047376, -10, 403, 0, 361
0.047578, -20, 408, 0, 361
0.047778, 7, 302, 0, 361
0.047978, 53, 350, 0, 361
0.048176, -1, 411, 0, 361
0.048376, -69, 430, 0, 361
0.048578, 13, 307, 0, 361
0.048776, 92, 269, 0, 361
0.048976, -52, 446, 0, 361
0.049176, -47, 433, 0, 361
0.049378, -8, 367, 0, 361
0.049576, 32, 283, 0, 361
0.049776, -9, 377, 0, 361
0.049976, -25, 447, 0, 361
0.050176, 53, 324, 0, 361
0.050376, 21, 189, 0, 361
0.050578, -90, 518, 0, 361
0.050776, -26, 510, 0, 361
0.050978, 108, 249, 0, 361
0.051178, -1, 262, 0, 361
0.051376, -85, 413, 0, 361
0.051578, -27, 487, 0, 361
0.051778, 51, 375, 0, 361
0.051976, 60, 246, 0, 361
0.052178, -35, 342, 0, 361
0.052376, 42, 455, 0, 361
0.052576, -37, 391, 0, 361
0.052778, -34, 329, 0, 361
0.052978, 56, 324, 0, 361
0.053176, 22, 364, 0, 361
0.053376, -44, 407, 0, 361
0.053576, -34, 365, 0, 361
0.053776, 52, 350, 0, 361
0.053976, 4, 372, 0, 361
0.054176, -38, 365, 0, 361
0.054378, 8, 359, 0, 361
0.054576, 4, 372, 0, 361
0.054778, 6, 372, 0, 361
0.054976, 13, 337, 0, 361
0.055178, -20, 408, 0, 361
0.055376, 5, 359, 0, 361
0.055578, -41, 394, 0, 361
0.055778, 9, 346, 0, 361
0.055978, 55, 350, 0, 361
0.056178, 6, 372, 0, 361
0.056378, -111, 440, 0, 361
0.056576, 15, 311, 0, 361
0.056776, 99, 329, 0, 361
0.056976, 0, 424, 0, 361
0.057176, -117, 452, 0, 361
0.057376, -7, 301, 0, 361
0.057578, 131, 277, 0, 361
0.057778, -20, 435, 0, 361
0.057978, -61, 365, 0, 361
0.058176, -5, 394, 0, 361
0.058378, 72, 329, 0, 361
0.058576, -22, 408, 0, 361
0.058776, -38, 328, 0, 361
0.058976, 9, 356, 0, 361
0.059178, 27, 386, 0, 361
0.059376, 8, 333, 0, 361
0.059578, -41, 394, 0, 361
0.059778, -12, 455, 0, 361
0.059978, 57, 311, 0, 361
0.060176, 14, 268, 0, 361
0.060376, -43, 381, 0, 361
0.060578, -38, 480, 0, 361
0.060776, 59, 335, 0, 361
0.060978, 28, 262, 0, 361
0.061178, -39, 394, 0, 361
0.061376, -30, 473, 0, 361
0.061576, 1, 397, 0, 361
0.061776, 36, 257, 0, 361
0.061976, -17, 356, 0, 361
0.062176, 5, 422, 0, 361
0.062376, 27, 355, 0, 361
0.062578, -55, 362, 0, 361
0.062776, 5, 359, 0, 361
0.062978, 0, 400, 0, 361
0.063176, 9, 356, 0, 361
0.063376, 6, 333, 0, 361
0.063578, 60, 334, 0, 361
0.063778, -33, 392, 0, 361
0.063978, -118, 443, 0, 361
0.064176, 94, 361, 0, 361
0.064378, 110, 299, 0, 361
0.064576, -39, 355, 0, 361
0.064776, -159, 457, 0, 361
0.064976, 25, 386, 0, 361
0.065178, 151, 280, 0, 361
0.065376, -33, 352, 0, 361
0.065576, -118, 438, 0, 361
0.065776, 25, 386, 0, 361
0.065976, 119, 301, 0, 361
0.066178, -34, 378, 0, 361
0.066376, -117, 452, 0, 361
0.066578, 37, 338, 0, 361
0.066776, 100, 303, 0, 361
0.066976, -62, 414, 0, 361
0.067176, -79, 410, 0, 361
0.067378, 61, 321, 0, 361
0.067578, 60, 334, 0, 361
0.067778, -41, 394, 0, 361
0.067976, -113, 448, 0, 361
0.068176, 97, 280, 0, 361
0.068378, 72, 329, 0, 361
0.068578, -116, 492, 0, 361
0.068778, -59, 401, 0, 361
0.068976, 105, 263, 0, 361
0.069176, 60, 309, 0, 361
0.069378, -89, 423, 0, 361
0.069576, -42, 381, 0, 361
0.069776, 29, 384, 0, 361
0.069978, 50, 352, 0, 361
0.070176, -16, 288, 0, 361
0.070376, -37, 391, 0, 361
0.070578, 21, 452, 0, 361
0.070778, 39, 338, 0, 361
0.070978, -32, 290, 0, 361
0.071178, -41, 457, 0, 361
0.071376, 52, 350, 0, 361
0.071576, 12, 274, 0, 361
0.071778, -44, 447, 0, 361
0.071978, 9, 422, 0, 361
0.072176, 27, 348, 0, 361
0.072378, 5, 379, 0, 361
0.072578, 16, 268, 0, 361
0.072778, -45, 423, 0, 361
0.072976, -26, 460, 0, 361
0.073178, 32, 347, 0, 361
0.073376, 19, 265, 0, 361
0.073578, -41, 394, 0, 361
0.073778, -15, 471, 0, 361
0.073976, 51, 338, 0, 361
0.074178, 23, 245, 0, 361
0.074376, -43, 394, 0, 361
0.074576, 2, 372, 0, 361
0.074778, -18, 458, 0, 361
0.074976, 26, 373, 0, 361
0.075176, 59, 246, 0, 361
0.075378, -59, 401, 0, 361
0.075578, -53, 462, 0, 361
0.075778, 48, 365, 0, 361
0.075976, 55, 286, 0, 361
0.076176, -33, 352, 0, 361
0.076376, -45, 449, 0, 361
0.076578, 13, 369, 0, 361
0.076778, 63, 271, 0, 361
0.076976, 2, 372, 0, 361
0.077178, -62, 480, 0, 361
0.077376, -20, 395, 0, 361
0.077576, 110, 212, 0, 361
0.077778, 8, 346, 0, 361
0.077978, -119, 531, 0, 361
0.078176, -13, 379, 0, 361
0.078378, 133, 238, 0, 361
0.078576, 9, 356, 0, 361
0.078776, -134, 434, 0, 361
0.078976, 52, 350, 0, 361
0.079176, 101, 316, 0, 361
0.079376, -90, 424, 0, 361
0.079578, -39, 368, 0, 361
0.079776, 67, 312, 0, 361
0.079976, 7, 396, 0, 361
0.080178, -60, 415, 0, 361
0.080378, 13, 356, 0, 361
0.080578, 40, 344, 0, 361
0.080778, 11, 333, 0, 361
0.080976, -43, 394, 0, 361
0.081178, 39, 333, 0, 361
0.081378, -11, 380, 0, 361
0.081576, -27, 386, 0, 361
0.081776, -23, 408, 0, 361
0.081976, 14, 330, 0, 361
0.082178, 55, 350, 0, 361
0.082378, 7, 359, 0, 361
0.082578, -82, 377, 0, 361
0.082778, 0, 407, 0, 361
0.082978, 55, 362, 0, 361
0.083178, 35, 296, 0, 361
0.083378, -61, 366, 0, 361
0.083578, 1, 424, 0, 361
0.083776, 46, 390, 0, 361
0.083976, 8, 333, 0, 361
0.084178, -35, 329, 0, 361
0.084378, 7, 372, 0, 361
0.084576, 5, 422, 0, 361
0.084778, 11, 333, 0, 361
0.084978, 13, 307, 0, 361
0.085176, -43, 394, 0, 361
0.085376, -3, 450, 0, 361
0.085578, -10, 380, 0, 361
0.085776, 14, 255, 0, 361
0.085978, -4, 357, 0, 361
0.086178, 2, 474, 0, 361
0.086376, 91, 247, 0, 361
0.086578, -38, 355, 0, 361
0.086776, -90, 465, 0, 361
0.086978, 55, 350, 0, 361
0.087178, 62, 310, 0, 361
0.087376, -40, 368, 0, 361
0.087578, -109, 450, 0, 361
0.087776, 75, 339, 0, 361
0.087978, 111, 230, 0, 361
0.088176, -73, 469, 0, 361
0.088378, -107, 450, 0, 361
0.088576, 108, 231, 0, 361
0.088778, 36, 370, 0, 361
0.088976, -74, 482, 0, 361
0.089178, -30, 339, 0, 361
0.089376, 37, 306, 0, 361
0.089578, 6, 384, 0, 361
0.089778, 4, 411, 0, 361
0.089978, 9, 346, 0, 361
0.090178, -22, 373, 0, 361
0.090378, 6, 372, 0, 361
0.090576, -6, 364, 0, 361
0.090778, 13, 369, 0, 361
0.090976, 6, 346, 0, 361
0.091178, 6, 372, 0, 361
0.091378, -20, 408, 0, 361
0.091576, 8, 333, 0, 361
0.091778, 13, 356, 0, 361
0.091978, 6, 372, 0, 361
0.092178, -55, 445, 0, 361
0.092376, 6, 333, 0, 361
0.092578, 63, 246, 0, 361
0.092778, -26, 474, 0, 361
0.092978, -42, 447, 0, 361
0.093178, -29, 326, 0, 361
0.093376, 64, 270, 0, 361
0.093578, 55, 350, 0, 361
0.093778, -43, 460, 0, 361
0.093978, -38, 381, 0, 361
0.094178, -78, 299, 0, 361
0.094378, 130, 352, 0, 361
0.094576, 47, 403, 0, 361
0.094778, -151, 433, 0, 361
0.094978, -57, 379, 0, 361
0.095178, 125, 303, 0, 361
0.095378, 57, 311, 0, 361
0.095578, -111, 440, 0, 361
0.095778, -27, 389, 0, 361
0.095976, 57, 348, 0, 361
0.096176, 29, 347, 0, 361
0.096378, -39, 368, 0, 361
0.096578, 4, 350, 0, 361
0.096778, -4, 397, 0, 361
0.096978, 0, 394, 0, 361
0.097176, 11, 356, 0, 361
0.097376, 12, 330, 0, 361
0.097576, 6, 346, 0, 361
0.097778, -38, 417, 0, 361
0.097978, 10, 359, 0, 361
0.098178, 30, 347, 0, 361
0.098376, -37, 391, 0, 361
0.098578, -5, 377, 0, 361
0.098776, 54, 324, 0, 361
0.098978, -15, 382, 0, 361
0.099176, -117, 452, 0, 361
0.099378, 81, 325, 0, 361
0.099576, 100, 315, 0, 361
0.099776, -41, 355, 0, 361
0.099978, -81, 414, 0, 361
0.000128, 24, 464, 0, 0
0.000330, -5, 2, 0, 0
0.000530, -3, -23, 0, 0
0.000730, 3, -38, 0, 0
0.000930, -10, -7, 0, 0
0.001128, 28, 0, 0, 0
0.001528, 0, 0, 0, 0
0.001728, -5, 2, 0, 0
0.001928, 7, -15, 0, 0
0.002126, -7, 15, 0, 0
0.002326, -6, 2, 0, 0
0.002526, -6, 2, 0, 0
0.002726, -11, -1, 0, 0
0.002926, -1, 12, 0, 0
0.003124, -3, 25, 0, 0
0.003326, 6, -9, 0, 0
0.003524, -7, 15, 0, 0
0.003726, -6, 2, 0, 0
0.003928, -55, 36, 0, 0
0.004124, 5, -38, 0, 0
0.004324, -4, -10, 0, 0
0.004524, 3, -25, 0, 0
0.004726, 3, -25, 0, 0
0.004924, -7, 15, 0, 0
0.005126, -36, 15, 0, 0
0.005324, 4, -38, 0, 0
0.005526, 0, 0, 0, 0
0.005724, -4, -10, 0, 0
0.005924, -3, 25, 0, 0
0.006326, 0, 0, 0, 0
0.006526, 0, 0, 0, 0
0.006726, 12, -5, 0, 0
0.006928, 0, 0, 0, 0
0.007126, 11, -5, 0, 0
0.007326, 38, 7, 0, 0
0.007526, -1, 12, 0, 0
0.007728, -5, 2, 0, 0
0.007926, -5, 2, 0, 0
0.008126, -3, 25, 0, 0
0.008326, 4, 10, 0, 0
0.008526, -7, 15, 0, 0
0.008726, -4, -10, 0, 0
0.008926, 4, -38, 0, 0
0.009126, -5, 2, 0, 0
0.009326, 14, -80, 0, 0
0.009526, 1, -12, 0, 0
0.009724, -7, 15, 0, 0
0.009926, -4, -10, 0, 0
0.010126, -4, -10, 0, 0
0.010324, 3, -25, 0, 0
0.010526, -4, -10, 0, 0
0.010726, -103, 56, 0, 0
0.010924, -7, 15, 0, 0
0.011126, 1, -12, 0, 0
0.011324, 0, 0, 0, 0
0.011524, 1, -12, 0, 0
0.011726, 38, 7, 0, 0
0.011926, 10, 7, 0, 0
0.012126, -6, 2, 0, 0
0.012324, 40, -4, 0, 0
0.012524, -1, 12, 0, 0
0.012726, -7, 15, 0, 0
0.012926, -7, 15, 0, 0
0.013124, -36, 64, 0, 0
0.013324, -3, 25, 0, 0
0.013526, 9, -28, 0, 0
0.013726, -6, 2, 0, 0
0.013926, -7, 15, 0, 0
0.014124, 0, 0, 0, 0
0.014324, -17, 43, 0, 0
0.014524, -4, -10, 0, 0
0.014726, -7, 15, 0, 0
0.014926, -1, 12, 0, 0
0.015124, -4, -10, 0, 0
0.015324, -7, 15, 0, 0
0.015524, -12, 5, 0, 0
0.015726, 1, -12, 0, 0
0.015926, -3, 25, 0, 0
0.016126, -4, -10, 0, 0
0.016326, 40, -4, 0, 0
0.016524, -6, 2, 0, 0
0.016724, 16, 5, 0, 0
0.016926, -1, 12, 0, 0
0.017126, 0, 0, 0, 0
0.017326, -7, 15, 0, 0
0.017524, -6, 2, 0, 0
0.017726, -1, 12, 0, 0
0.017926, -3, 25, 0, 0
0.018126, 43, -30, 0, 0
0.018326, -8, 28, 0, 0
0.018526, -4, -10, 0, 0
0.018726, -6, 2, 0, 0
0.018924, 42, -17, 0, 0
0.019124, -7, 15, 0, 0
0.019326, 4, 10, 0, 0
0.019526, 8, 20, 0, 0
0.019726, -4, -10, 0, 0
0.019926, -6, 2, 0, 0
0.020126, 42, -18, 0, 0
0.020326, -6, 2, 0, 0
0.020524, -12, 4, 0, 0
0.020724, 0, 0, 0, 0
0.020926, -6, 2, 0, 0
0.021126, -4, -10, 0, 0
0.021324, 6, -2, 0, 0
0.021524, 26, -22, 0, 0
0.021726, 1, -12, 0, 0
0.021924, -3, 25, 0, 0
0.022124, -6, 2, 0, 0
0.022326, 13, -17, 0, 0
0.022526, -27, 36, 0, 0
0.022724, -4, -10, 0, 0
0.022926, 0, 0, 0, 0
0.023124, -5, -3, 0, 0
0.023324, -4, -10, 0, 0
0.023526, 1, -12, 0, 0
0.023726, 138, -58, 0, 0
0.023924, -1, 12, 0, 0
0.024124, 0, 6, 0, 0
0.024326, 17, -7, 0, 0
0.024526, 1, -12, 0, 0
0.024724, -19, 20, 0, 0
0.024924, -36, 15, 0, 0
0.025124, -6, 2, 0, 0
0.025326, -22, -2, 0, 0
0.025524, -6, 2, 0, 0
0.025724, -6, 2, 0, 0
0.025926, -3, 25, 0, 0
0.026124, 0, 0, 0, 0
0.026324, 42, -17, 0, 0
0.026524, 13, -17, 0, 0
0.026726, -3, 25, 0, 0
0.026926, -7, 15, 0, 0
0.027124, 0, 0, 0, 0
0.027324, -4, -10, 0, 0
0.027524, -6, 2, 0, 0
0.027726, -1, 12, 0, 0
0.027924, -9, 28, 0, 0
0.028126, -3, 25, 0, 0
0.028326, 6, -2, 0, 0
0.028524, -6, 2, 0, 0
0.028724, 22, 2, 0, 0
0.028926, -51, 45, 0, 0
0.029124, -19, 20, 0, 0
0.029324, -1, 12, 0, 0
0.029526, -19, 20, 0, 0
0.029726, 12, -5, 0, 0
0.029924, -9, 28, 0, 0
0.030126, 58, -12, 0, 0
0.030324, 42, -17, 0, 0
0.030526, -6, 2, 0, 0
0.030724, -6, 2, 0, 0
0.030924, -6, 2, 0, 0
0.031126, -6, 2, 0, 0
0.031324, -17, 43, 0, 0
0.031524, 0, 0, 0, 0
0.031726, 2, -62, 0, 0
0.031926, -3, -16, 0, 0
0.032126, 0, 0, 0, 0
0.032324, 0, 0, 0, 0
0.032524, -9, 28, 0, 0
0.032726, -9, 28, 0, 0
0.032924, -25, 22, 0, 0
0.033126, -22, -2, 0, 0
0.033324, -6, 2, 0, 0
0.033524, -21, 33, 0, 0
0.033724, -6, 2, 0, 0
0.033926, 4, 10, 0, 0
0.034126, -1, -36, 0, 0
0.034324, 1, -12, 0, 0
0.034524, 21, -33, 0, 0
0.034726, -6, 2, 0, 0
0.034926, 0, 0, 0, 0
0.035124, 10, 8, 0, 0
0.035324, -4, -10, 0, 0
0.035526, -7, 15, 0, 0
0.035726, -12, 103, 0, 0
0.035926, -6, 2, 0, 0
0.036126, -7, 15, 0, 0
0.036324, 0, 0, 0, 0
0.036524, 13, -17, 0, 0
0.036726, -1, 12, 0, 0
0.036924, 38, 8, 0, 0
0.037124, -7, 15, 0, 0
0.037326, -6, 2, 0, 0
0.037526, 12, -5, 0, 0
0.037724, -48, 19, 0, 0
0.037924, 0, 0, 0, 0
0.038124, -3, 25, 0, 0
0.038326, -6, 2, 0, 0
0.038526, -7, 15, 0, 0
0.038724, 0, 0, 0, 0
0.038926, -30, 12, 0, 0
0.039124, 0, 0, 0, 0
0.039324, 4, 10, 0, 0
0.039526, 4, 10, 0, 0
0.039724, -4, -10, 0, 0
0.039924, 6, -2, 0, 0
0.040124, 0, 6, 0, 0
0.040324, -6, 2, 0, 0
0.040526, -1, 12, 0, 0
0.040726, -4, -10, 0, 0
0.040924, 2, 23, 0, 0
0.041124, -45, 0, 0, 0
0.041324, 1, -12, 0, 0
0.041526, 0, 0, 0, 0
0.041724, -28, 0, 0, 0
0.041924, -7, 15, 0, 0
0.042126, 6, -2, 0, 0
0.042326, -6, 2, 0, 0
0.042524, -1, 12, 0, 0
0.042724, 0, 0, 0, 0
0.042926, -6, 2, 0, 0
0.043126, -37, 28, 0, 0
0.043324, 0, 0, 0, 0
0.043524, -6, 2, 0, 0
0.043724, 6, -2, 0, 0
0.043924, -7, 15, 0, 0
0.044124, 12, -5, 0, 0
0.044324, 12, -4, 0, 0
0.044524, -3, 25, 0, 0
0.044726, -9, 28, 0, 0
0.044924, 40, -4, 0, 0
0.045126, 5, -2, 0, 0
0.045324, -4, -10, 0, 0
0.045526, 0, 0, 0, 0
0.045726, 0, 0, 0, 0
0.045924, 46, -7, 0, 0
0.046124, 1, -12, 0, 0
0.046324, -6, 2, 0, 0
0.046524, 25, 26, 0, 0
0.046726, -6, 2, 0, 0
0.046924, -6, 2, 0, 0
0.047124, 0, 0, 0, 0
0.047326, 1, -12, 0, 0
0.047524, -1, 12, 0, 0
0.047726, 0, 0, 0, 0
0.047924, -12, 11, 0, 0
0.048124, 13, -17, 0, 0
0.048324, -3, 25, 0, 0
0.048524, 11, -126, 0, 0
0.048724, -9, 28, 0, 0
0.048924, 0, 0, 0, 0
0.049124, -6, 2, 0, 0
0.049324, -12, 4, 0, 0
0.049526, -7, 15, 0, 0
0.049724, -9, 28, 0, 0
0.049924, -6, 2, 0, 0
0.050124, -3, 25, 0, 0
0.050324, -12, 4, 0, 0
0.050526, -6, 2, 0, 0
0.050724, 1, -12, 0, 0
0.050926, 12, -5, 0, 0
0.051124, -3, 25, 0, 0
0.051324, -28, 0, 0, 0
0.051526, -9, 28, 0, 0
0.051724, -6, 2, 0, 0
0.051924, 0, 6, 0, 0
0.052126, -9, 28, 0, 0
0.052324, -2, -23, 0, 0
0.052524, -4, -10, 0, 0
0.052724, -1, 12, 0, 0
0.052924, -3, 25, 0, 0
0.053124, 6, -2, 0, 0
0.053326, 38, 8, 0, 0
0.053524, 26, 13, 0, 0
0.053724, 42, -17, 0, 0
0.053924, -150, 62, 0, 0
0.054126, -7, 15, 0, 0
0.054324, -6, 2, 0, 0
0.054524, 6, -2, 0, 0
0.054726, -9, 28, 0, 0
0.054924, -6, 2, 0, 0
0.055124, -7, 15, 0, 0
0.055326, -7, 15, 0, 0
0.055524, -9, 28, 0, 0
0.055724, -15, 30, 0, 0
0.055924, -6, 2, 0, 0
0.056124, -6, 2, 0, 0
0.056326, -4, -10, 0, 0
0.056524, 0, 0, 0, 0
0.056724, -6, 2, 0, 0
0.056926, -3, 25, 0, 0
0.057124, -6, 2, 0, 0
0.057326, -1, 12, 0, 0
0.057524, -6, 2, 0, 0
0.057724, 0, 0, 0, 0
0.057926, -9, 28, 0, 0
0.058124, -4, -10, 0, 0
0.058324, 1, -12, 0, 0
0.058524, -6, 2, 0, 0
0.058724, -4, -10, 0, 0
0.058924, 1, -12, 0, 0
0.059124, -7, 15, 0, 0
0.059324, 0, 0, 0, 0
0.059524, -7, 15, 0, 0
0.059724, 21, -33, 0, 0
0.059924, 0, 0, 0, 0
0.060126, -4, -10, 0, 0
0.060324, 0, 0, 0, 0
0.060524, 1, -12, 0, 0
0.060724, -4, -10, 0, 0
0.060924, 42, -17, 0, 0
0.061126, -1, 12, 0, 0
0.061324, 1, -12, 0, 0
0.061524, 40, -4, 0, 0
0.061724, 6, -2, 0, 0
0.061924, 0, 0, 0, 0
0.062124, -1, 12, 0, 0
0.062324, 43, -30, 0, 0
0.062524, -6, 2, 0, 0
0.062724, 48, -19, 0, 0
0.062924, -1, 12, 0, 0
0.063124, -4, -10, 0, 0
0.063326, -4, -10, 0, 0
0.063524, -4, -10, 0, 0
0.063726, -2, -23, 0, 0
0.063924, 96, -38, 0, 0
0.064126, 7, -15, 0, 0
0.064324, -4, -10, 0, 0
0.064524, 1, -12, 0, 0
0.064726, 5, -2, 0, 0
0.064924, -4, -10, 0, 0
0.065124, -6, 2, 0, 0
0.065324, 1, -12, 0, 0
0.065524, -7, 15, 0, 0
0.065724, -4, 32, 0, 0
0.065926, 0, 0, 0, 0
0.066126, 5, -2, 0, 0
0.066324, -6, 2, 0, 0
0.066524, -6, 2, 0, 0
0.066724, -6, 2, 0, 0
0.066924, -1, 12, 0, 0
0.067124, -4, -10, 0, 0
0.067326, -49, 33, 0, 0
0.067524, -36, 15, 0, 0
0.067724, 0, 0, 0, 0
0.067924, 1, -12, 0, 0
0.068124, -7, 15, 0, 0
0.068324, 12, -4, 0, 0
0.068524, -6, 2, 0, 0
0.068724, -6, 2, 0, 0
0.068924, -6, 2, 0, 0
0.069124, -6, 2, 0, 0
0.069326, 38, 8, 0, 0
0.069524, 40, -4, 0, 0
0.069724, 6, -2, 0, 0
0.069924, -6, 2, 0, 0
0.070124, -6, 2, 0, 0
0.070326, -6, 2, 0, 0
0.070524, -6, 2, 0, 0
0.070724, 1, -12, 0, 0
0.070926, 38, 8, 0, 0
0.071124, -3, 25, 0, 0
0.071326, -4, -10, 0, 0
0.071524, -7, 15, 0, 0
0.071724, 70, -103, 0, 0
0.071924, 0, 0, 0, 0
0.072124, 0, 0, 0, 0
0.072326, 0, 0, 0, 0
0.072524, 0, 0, 0, 0
0.072724, -7, 15, 0, 0
0.072926, 1, -12, 0, 0
0.073124, 8, -21, 0, 0
0.073324, -6, 2, 0, 0
0.073524, 6, -2, 0, 0
0.073724, -6, 2, 0, 0
0.073924, -54, 22, 0, 0
0.074124, -4, -10, 0, 0
0.074324, 0, 0, 0, 0
0.074526, -9, 28, 0, 0
0.074724, 5, -38, 0, 0
0.074924, -11, 41, 0, 0
0.075124, -9, 28, 0, 0
0.075324, -7, 15, 0, 0
0.075524, -1, 12, 0, 0
0.075726, 0, 0, 0, 0
0.075924, -18, 7, 0, 0
0.076126, 1, -12, 0, 0
0.076324, -2, -23, 0, 0
0.076524, -6, 2, 0, 0
0.076724, -6, 2, 0, 0
0.076924, 1, -12, 0, 0
0.077124, -13, 17, 0, 0
0.077324, -6, 2, 0, 0
0.077524, -9, 28, 0, 0
0.077726, -1, 12, 0, 0
0.077924, 2, 23, 0, 0
0.078126, 8, 20, 0, 0
0.078326, 10, 7, 0, 0
0.078524, 6, -2, 0, 0
0.078724, -7, 15, 0, 0
0.078924, -3, 25, 0, 0
0.079126, 3, -25, 0, 0
0.079324, -7, 15, 0, 0
0.079524, -1, 12, 0, 0
0.079726, 0, 0, 0, 0
0.079924, 0, 0, 0, 0
0.080124, -9, 28, 0, 0
0.080326, -4, -10, 0, 0
0.080524, -4, -10, 0, 0
0.080724, 8, 20, 0, 0
0.080924, -3, 25, 0, 0
0.081124, -7, 15, 0, 0
0.081324, 6, -2, 0, 0
0.081526, 0, 0, 0, 0
0.081724, 1, -12, 0, 0
0.081924, -2, 19, 0, 0
0.082126, -1, 12, 0, 0
0.082324, -6, 2, 0, 0
0.082526, -7, 15, 0, 0
0.082726, -9, 28, 0, 0
0.082924, -6, 2, 0, 0
0.083124, 1, -12, 0, 0
0.083324, 0, -6, 0, 0
0.083524, 13, -17, 0, 0
0.083724, 6, -2, 0, 0
0.083926, 0, -36, 0, 0
0.084124, -2, -23, 0, 0
0.084326, 0, 0, 0, 0
0.084524, -6, 2, 0, 0
0.084724, -7, 15, 0, 0
0.084924, 42, -17, 0, 0
0.085124, 1, -12, 0, 0
0.085324, -7, 15, 0, 0
0.085524, -7, 15, 0, 0
0.085724, 0, 0, 0, 0
0.085926, -25, 23, 0, 0
0.086124, 0, 0, 0, 0
0.086326, -6, 2, 0, 0
0.086524, -1, 12, 0, 0
0.086724, 0, 0, 0, 0
0.086924, 2, 23, 0, 0
0.087124, 5, 4, 0, 0
0.087326, -6, 2, 0, 0
0.087524, 6, -2, 0, 0
0.087726, -3, 25, 0, 0
0.087924, 4, 10, 0, 0
0.088126, -4, -10, 0, 0
0.088326, 0, 0, 0, 0
0.088524, -6, 2, 0, 0
0.088726, 0, 0, 0, 0
0.088924, 40, -4, 0, 0
0.089126, -7, 15, 0, 0
0.089324, 0, 0, 0, 0
0.089524, 0, 0, 0, 0
0.089726, 0, 0, 0, 0
0.089924, -14, 24, 0, 0
0.090126, 43, -30, 0, 0
0.090324, -6, 2, 0, 0
0.090526, -1, 12, 0, 0
0.090726, -7, 15, 0, 0
0.090924, -1, 12, 0, 0
0.091124, -6, 2, 0, 0
0.091324, -4, -10, 0, 0
0.091524, 40, -4, 0, 0
0.091726, -6, 2, 0, 0
0.091926, 0, 0, 0, 0
0.092124, 0, 0, 0, 0
0.092326, -6, 2, 0, 0
0.092524, -18, -78, 0, 0
0.092724, 40, -4, 0, 0
0.092924, -7, 15, 0, 0
0.093124, -31, 25, 0, 0
0.093324, -1, 12, 0, 0
0.093526, -4, -10, 0, 0
0.093724, 13, -17, 0, 0
0.093924, -4, -10, 0, 0
0.094126, -7, 15, 0, 0
0.094324, 0, 0, 0, 0
0.094524, -6, 2, 0, 0
0.094724, -3, 25, 0, 0
0.094926, 32, -186, 0, 0
0.095126, -1, 12, 0, 0
0.095324, -6, 2, 0, 0
0.095524, 0, 0, 0, 0
0.095726, -6, 2, 0, 0
0.095924, -7, 15, 0, 0
0.096124, 1, -12, 0, 0
0.096324, 19, -20, 0, 0
0.096524, -3, 25, 0, 0
0.096724, 0, 0, 0, 0
0.096924, 8, 21, 0, 0
0.097124, -9, 28, 0, 0
0.097326, -7, 15, 0, 0
0.097524, -45, 43, 0, 0
0.097726, 31, -25, 0, 0
0.097924, 42, -16, 0, 0
0.098124, -6, 2, 0, 0
0.098324, -6, 2, 0, 0
0.098524, -1, 12, 0, 0
0.098726, -7, 15, 0, 0
0.098926, 8, -21, 0, 0
0.099124, 2, 23, 0, 0
0.099324, -6, 2, 0, 0
0.099524, 4, 10, 0, 0
0.099726, -10, 41, 0, 0
0.099924, -9, 28, 0, 0
0.000126, -6, 2, 0, 0
0.000324, 0, 0, 0, 0
0.000524, -1, 12, 0, 0
0.000724, 42, -17, 0, 0
0.000924, -4, -10, 0, 0
0.001124, -7, 15, 0, 0
0.001324, -1, 12, 0, 0
0.001526, 10, 7, 0, 0
0.001724, 6, -2, 0, 0
0.001926, -7, 15, 0, 0
0.002126, -7, 15, 0, 0
0.002324, -6, 2, 0, 0
0.002524, 42, -17, 0, 0
0.002726, 2, 23, 0, 0
0.002926, -6, 2, 0, 0
0.003124, 0, 0, 0, 0
0.003324, 0, 0, 0, 0
0.003524, 88, -24, 0, 0
0.003724, -1, 12, 0, 0
0.003924, -4, -10, 0, 0
0.004124, 0, 0, 0, 0
0.004326, 0, 0, 0, 0
0.004524, 19, -20, 0, 0
0.004726, 43, -30, 0, 0
0.004924, -7, 15, 0, 0
0.005124, -13, 17, 0, 0
0.005324, 1, -12, 0, 0
0.005524, -9, 28, 0, 0
0.005724, -7, 15, 0, 0
0.005924, -6, 2, 0, 0
0.006124, 0, 0, 0, 0
0.006324, 90, -36, 0, 0
0.006524, -1, 12, 0, 0
0.006724, -24, 9, 0, 0
0.006926, 12, -5, 0, 0
0.007124, -9, 28, 0, 0
0.007324, -1, 12, 0, 0
0.007524, 0, 0, 0, 0
0.007724, -7, 15, 0, 0
0.007924, -9, 28, 0, 0
0.008124, 30, -12, 0, 0
0.008326, 42, -17, 0, 0
0.008524, -1, 12, 0, 0
0.008724, -6, 2, 0, 0
0.008924, -9, 28, 0, 0
0.009124, 13, -103, 0, 0
0.009326, -8, 64, 0, 0
0.009526, 1, -12, 0, 0
0.009724, -4, -10, 0, 0
0.009924, -9, 28, 0, 0
0.010124, 0, 0, 0, 0
0.010324, -6, 2, 0, 0
0.010526, -9, 28, 0, 0
0.010724, -6, 2, 0, 0
0.010924, 1, -12, 0, 0
0.011126, -6, 2, 0, 0
0.011324, -4, -10, 0, 0
0.011524, -1, -36, 0, 0
0.011724, -12, 4, 0, 0
0.011924, -1, 12, 0, 0
0.012124, -9, 28, 0, 0
0.012326, -1, 12, 0, 0
0.012524, 2, 23, 0, 0
0.012726, 42, -17, 0, 0
0.012924, -6, 2, 0, 0
0.013124, 1, -12, 0, 0
0.013324, -6, 2, 0, 0
0.013524, 0, 0, 0, 0
0.013726, 38, 8, 0, 0
0.013924, 2, 23, 0, 0
0.014124, 10, -77, 0, 0
0.014326, 0, 0, 0, 0
0.014526, 0, 0, 0, 0
0.014724, 6, -2, 0, 0
0.014924, -1, 12, 0, 0
0.015126, -15, 30, 0, 0
0.015324, -6, 2, 0, 0
0.015524, -12, 4, 0, 0
0.015724, 2, 23, 0, 0
0.015924, -38, 27, 0, 0
0.016124, -1, 12, 0, 0
0.016324, -7, 15, 0, 0
0.016524, 0, 0, 0, 0
0.016724, -7, 15, 0, 0
0.016926, -6, 2, 0, 0
0.017126, -6, 2, 0, 0
0.017326, 50, -40, 0, 0
0.017524, 44, -30, 0, 0
0.017724, -4, -10, 0, 0
0.017924, 1, -12, 0, 0
0.018124, 6, -2, 0, 0
0.018326, -9, 77, 0, 0
0.018524, -7, 15, 0, 0
0.018726, -9, 28, 0, 0
0.018924, 4, 10, 0, 0
0.019124, 40, -3, 0, 0
0.019326, 6, -2, 0, 0
0.019524, -1, 12, 0, 0
0.019724, -2, -23, 0, 0
0.019926, 0, 0, 0, 0
0.020124, -1, 12, 0, 0
0.020326, -23, 46, 0, 0
0.020524, -7, 15, 0, 0
0.020724, -7, 15, 0, 0
0.020924, -19, 20, 0, 0
0.021126, -6, 2, 0, 0
0.021324, -7, 15, 0, 0
0.021524, 6, -2, 0, 0
0.021724, -9, 28, 0, 0
0.021924, 42, -17, 0, 0
0.022124, 0, 0, 0, 0
0.022324, 44, -36, 0, 0
0.022526, -6, 2, 0, 0
0.022724, -4, -10, 0, 0
0.022926, -4, -10, 0, 0
0.023126, -6, 2, 0, 0
0.023326, -1, 12, 0, 0
0.023524, -4, -10, 0, 0
0.023724, -4, -10, 0, 0
0.023926, 1, -12, 0, 0
0.024124, -21, 33, 0, 0
0.024324, 38, 8, 0, 0
0.024524, 88, -24, 0, 0
0.024724, -7, 15, 0, 0
0.024924, 6, -2, 0, 0
0.025124, -2, -23, 0, 0
0.025324, 1, -12, 0, 0
0.025524, 1, -12, 0, 0
0.025724, -23, 46, 0, 0
0.025926, -1, 12, 0, 0
0.026124, -6, 2, 0, 0
0.026324, -9, 28, 0, 0
0.026524, 2, 23, 0, 0
0.026726, 42, -17, 0, 0
0.026924, 6, -2, 0, 0
0.027324, -14, 24, 0, 0
0.027526, 6, -2, 0, 0
0.027724, 28, 0, 0, 0
0.027924, -13, 90, 0, 0
0.028124, 20, -142, 0, 0
0.028324, 0, 0, 0, 0
0.028526, -100, 65, 0, 0
0.028724, 6, -2, 0, 0
0.028926, 38, 8, 0, 0
0.029124, 0, 0, 0, 0
0.029324, 4, -75, 0, 0
0.029524, -6, 2, 0, 0
0.029724, -3, 25, 0, 0
0.029926, 5, -38, 0, 0
0.030124, 1, -12, 0, 0
0.030324, -7, 15, 0, 0
0.030524, -1, 12, 0, 0
0.030724, 0, 0, 0, 0
0.030924, 0, 0, 0, 0
0.031124, 0, 0, 0, 0
0.031326, 2, 23, 0, 0
0.031524, 0, 0, 0, 0
0.031724, 20, 16, 0, 0
0.031924, 0, 36, 0, 0
0.032126, -9, 28, 0, 0
0.032324, 6, -2, 0, 0
0.032524, -6, 2, 0, 0
0.032724, -7, 15, 0, 0
0.032926, 42, -17, 0, 0
0.033124, 1, -12, 0, 0
0.033324, 12, -5, 0, 0
0.033524, -7, 15, 0, 0
0.033724, -3, 25, 0, 0
0.033926, 47, -56, 0, 0
0.034124, -3, 25, 0, 0
0.034324, -9, 28, 0, 0
0.034526, -1, 12, 0, 0
0.034724, 42, -17, 0, 0
0.034924, 0, 0, 0, 0
0.035124, 0, 0, 0, 0
0.035326, -1, 12, 0, 0
0.035524, 5, 4, 0, 0
0.035726, -6, 2, 0, 0
0.035924, -52, 9, 0, 0
0.036124, -6, 2, 0, 0
0.036324, -4, -10, 0, 0
0.036526, 1, -12, 0, 0
0.036724, -4, -10, 0, 0
0.036924, 0, 0, 0, 0
0.037124, -7, 15, 0, 0
0.037324, 0, 0, 0, 0
0.037524, 47, -56, 0, 0
0.037724, 42, -17, 0, 0
0.037924, 49, -69, 0, 0
0.038126, -1, 12, 0, 0
0.038324, -1, 12, 0, 0
0.038524, -4, -10, 0, 0
0.038726, -3, -16, 0, 0
0.038924, -9, 28, 0, 0
0.039124, 0, -49, 0, 0
0.039324, -3, 25, 0, 0
0.039524, 1, -12, 0, 0
0.039726, -6, 2, 0, 0
0.039924, -15, 30, 0, 0
0.040126, -6, 2, 0, 0
0.040324, 0, 0, 0, 0
0.040524, -4, -10, 0, 0
0.040724, -1, 12, 0, 0
0.040924, 1, -12, 0, 0
0.041124, 40, -4, 0, 0
0.041324, -12, 90, 0, 0
0.041524, -6, 124, 0, 0
0.041724, 10, 7, 0, 0
0.041924, -3, 25, 0, 0
0.042124, -7, 15, 0, 0
0.042324, -6, 2, 0, 0
0.042524, -6, 2, 0, 0
0.042724, 0, 6, 0, 0
0.042924, -6, 2, 0, 0
0.043124, -6, 2, 0, 0
0.043324, 38, 8, 0, 0
0.043526, -7, 15, 0, 0
0.043726, -4, -10, 0, 0
0.043924, -1, 12, 0, 0
0.044124, 8, -21, 0, 0
0.044324, 0, 0, 0, 0
0.044524, -3, -16, 0, 0
0.044724, 1, -12, 0, 0
0.044924, -7, 15, 0, 0
0.045124, -9, 28, 0, 0
0.045324, -4, -10, 0, 0
0.045524, 1, -12, 0, 0
0.045724, 6, -2, 0, 0
0.045924, -6, 2, 0, 0
0.046124, -6, 2, 0, 0
0.046324, -9, 28, 0, 0
0.046526, -6, 2, 0, 0
0.046726, 10, 7, 0, 0
0.046926, -7, 15, 0, 0
0.047124, -9, 28, 0, 0
0.047326, -6, 2, 0, 0
0.047524, -18, 7, 0, 0
0.047726, 0, 0, 0, 0
0.047924, -6, 2, 0, 0
0.048124, -7, 15, 0, 0
0.048324, -6, 2, 0, 0
0.048524, -7, 15, 0, 0
0.048724, 7, -15, 0, 0
0.048926, -23, 46, 0, 0
0.049126, 43, -30, 0, 0
0.049324, -1, 12, 0, 0
0.049524, -6, 2, 0, 0
0.049724, -3, 25, 0, 0
0.049924, -1, 12, 0, 0
0.050124, -10, 34, 0, 0
0.050324, -9, 28, 0, 0
0.050524, -102, 41, 0, 0
0.050724, -6, 2, 0, 0
0.050924, -6, 2, 0, 0
0.051126, -7, 15, 0, 0
0.051324, -6, 2, 0, 0
0.051524, -7, 15, 0, 0
0.051724, -6, 2, 0, 0
0.051926, -1, 12, 0, 0
0.052124, -1, 12, 0, 0
0.052324, 6, -8, 0, 0
0.052524, 4, -38, 0, 0
0.052726, 6, -2, 0, 0
0.052924, -7, 15, 0, 0
0.053124, 46, -6, 0, 0
0.053326, 10, 7, 0, 0
0.053524, 8, 20, 0, 0
0.053724, -7, 15, 0, 0
0.053924, 0, 0, 0, 0
0.054126, -12, 5, 0, 0
0.054324, -6, 2, 0, 0
0.054524, -3, 25, 0, 0
0.054724, 1, -12, 0, 0
0.054926, -4, -10, 0, 0
0.055126, -1, 12, 0, 0
0.055324, 30, -12, 0, 0
0.055524, 6, -8, 0, 0
0.055924, 0, 0, 0, 0
0.056124, 1, -12, 0, 0
0.056324, -36, 14, 0, 0
0.056526, -42, 17, 0, 0
0.056726, -6, 2, 0, 0
0.056926, -15, 30, 0, 0
0.057124, 6, -2, 0, 0
0.057324, -3, 25, 0, 0
0.057524, 42, -17, 0, 0
0.057724, 42, -17, 0, 0
0.057924, -7, 15, 0, 0
0.058124, -7, 15, 0, 0
0.058324, 1, -12, 0, 0
0.058524, -20, -16, 0, 0
0.058724, -19, 20, 0, 0
0.058924, -9, 28, 0, 0
0.059126, -4, -10, 0, 0
0.059324, 6, -2, 0, 0
0.059524, 4, 10, 0, 0
0.059724, 0, 0, 0, 0
0.059924, -4, -10, 0, 0
0.060124, 0, 0, 0, 0
0.060524, 1, -12, 0, 0
0.060724, 4, -75, 0, 0
0.060924, -4, -10, 0, 0
0.061124, -15, 30, 0, 0
0.061324, 0, 0, 0, 0
0.061524, -1, 12, 0, 0
0.061726, -2, 25, 0, 0
0.061924, -49, 33, 0, 0
0.062124, 1, -12, 0, 0
0.062324, -7, 15, 0, 0
0.062524, -4, -10, 0, 0
0.062726, -1, 12, 0, 0
0.062924, -6, 2, 0, 0
0.063124, 0, 0, 0, 0
0.063324, -52, 45, 0, 0
0.063524, -6, 2, 0, 0
0.063726, 0, 0, 0, 0
0.063924, -9, 28, 0, 0
0.064124, -7, 15, 0, 0
0.064324, -6, 2, 0, 0
0.064524, -1, 12, 0, 0
0.064724, 0, 0, 0, 0
0.064926, -1, 12, 0, 0
0.065124, -1, 12, 0, 0
0.065324, -1, 12, 0, 0
0.065526, 0, 0, 0, 0
0.065726, -13, 18, 0, 0
0.065926, 5, -38, 0, 0
0.066126, 0, 0, 0, 0
0.066324, -3, 25, 0, 0
0.066524, 0, 0, 0, 0
0.066724, 137, -42, 0, 0
0.066926, -9, 28, 0, 0
0.067124, -7, 15, 0, 0
0.067324, 40, -4, 0, 0
0.067526, -1, 12, 0, 0
0.067724, -9, 28, 0, 0
0.067924, -4, -10, 0, 0
0.068126, 12, -5, 0, 0
0.068324, -1, 12, 0, 0
0.068524, 42, -17, 0, 0
0.068724, -3, 25, 0, 0
0.068926, 3, -75, 0, 0
0.069124, 4, 10, 0, 0
0.069324, -1, 12, 0, 0
0.069524, -54, 22, 0, 0
0.069726, -63, 100, 0, 0
0.069924, -1, 12, 0, 0
0.070326, -7, 15, 0, 0
0.070524, -7, 15, 0, 0
0.070724, -3, 25, 0, 0
0.070924, 42, -17, 0, 0
0.071124, -6, 2, 0, 0
0.071324, 1, -12, 0, 0
0.071526, -56, 84, 0, 0
0.071724, 45, -43, 0, 0
0.071924, 0, 0, 0, 0
0.072126, -6, 2, 0, 0
0.072326, -7, -70, 0, 0
0.072526, -6, 2, 0, 0
0.072724, 29, -49, 0, 0
0.072924, 54, -22, 0, 0
0.073124, -9, 28, 0, 0
0.073324, 0, 0, 0, 0
0.073524, 42, -17, 0, 0
0.073724, -4, -10, 0, 0
0.073926, -1, 12, 0, 0
0.074124, 11, -77, 0, 0
0.074326, -9, 28, 0, 0
0.074524, 0, 0, 0, 0
0.074724, -1, 12, 0, 0
0.074924, 4, 10, 0, 0
0.075124, -7, 15, 0, 0
0.075324, -6, 2, 0, 0
0.075524, -4, -10, 0, 0
0.075724, -4, -10, 0, 0
0.075926, -6, 2, 0, 0
0.076124, -9, 28, 0, 0
0.076324, 0, 0, 0, 0
0.076524, -3, 25, 0, 0
0.076724, -9, 28, 0, 0
0.076926, -4, -10, 0, 0
0.077124, -7, 15, 0, 0
0.077324, 0, 0, 0, 0
0.077524, -6, 2, 0, 0
0.077724, 3, -25, 0, 0
0.077924, 0, 0, 0, 0
0.078126, 5, -88, 0, 0
0.078324, 8, 20, 0, 0
0.078524, -3, 25, 0, 0
0.078726, 0, 0, 0, 0
0.078924, -6, 2, 0, 0
0.079124, -3, 25, 0, 0
0.079326, -7, 15, 0, 0
0.079524, 12, -4, 0, 0
0.079724, -7, 15, 0, 0
0.079924, 139, -56, 0, 0
0.080126, 1, -12, 0, 0
0.080324, -6, 2, 0, 0
0.080524, 0, -36, 0, 0
0.080724, -4, -10, 0, 0
0.080926, -36, 15, 0, 0
0.081124, -6, 2, 0, 0
0.081326, 12, -4, 0, 0
0.081524, 35, 34, 0, 0
0.081724, 1, -12, 0, 0
0.081926, -4, -10, 0, 0
0.082124, 6, -2, 0, 0
0.082326, -6, 2, 0, 0
0.082526, -36, 15, 0, 0
0.082724, 6, -2, 0, 0
0.082924, 6, -8, 0, 0
0.083124, -7, 15, 0, 0
0.083324, -4, -10, 0, 0
0.083524, 0, 0, 0, 0
0.083726, -7, 15, 0, 0
0.083924, -7, 15, 0, 0
0.084124, 0, 0, 0, 0
0.084324, -7, 15, 0, 0
0.084524, 0, 0, 0, 0
0.084726, 6, -9, 0, 0
0.084926, -7, 15, 0, 0
0.085124, -28, 0, 0, 0
0.085326, -6, 2, 0, 0
0.085524, 38, 8, 0, 0
0.085724, 4, -75, 0, 0
0.085924, 46, -7, 0, 0
0.086124, -6, 2, 0, 0
0.086324, 16, 5, 0, 0
0.086526, -4, -10, 0, 0
0.086724, 0, 0, 0, 0
0.086924, -7, 15, 0, 0
0.087124, -3, 25, 0, 0
0.087324, -1, 12, 0, 0
0.087524, -4, -10, 0, 0
0.087726, 16, -80, 0, 0
0.087924, 138, -57, 0, 0
0.088124, -3, 25, 0, 0
0.088324, 10, 8, 0, 0
0.088526, 0, 0, 0, 0
0.088724, 12, -4, 0, 0
0.088924, -6, 2, 0, 0
0.089126, -58, 61, 0, 0
0.089324, -12, 4, 0, 0
0.089524, 1, -12, 0, 0
0.089724, -7, 15, 0, 0
0.089926, -6, 2, 0, 0
0.090124, -4, -10, 0, 0
0.090324, -1, 12, 0, 0
0.090524, 21, -33, 0, 0
0.090724, 0, 0, 0, 0
0.090924, -3, 25, 0, 0
0.091126, 0, 0, 0, 0
0.091324, 10, 7, 0, 0
0.091524, -1, 12, 0, 0
0.091724, 68, -40, 0, 0
0.091926, 42, -17, 0, 0
0.092124, -9, 28, 0, 0
0.092324, 87, -11, 0, 0
0.092526, 0, 0, 0, 0
0.092724, -1, 12, 0, 0
0.092924, -64, 99, 0, 0
0.093124, -7, 15, 0, 0
0.093324, -24, 9, 0, 0
0.093524, 42, -17, 0, 0
0.093724, -7, 15, 0, 0
0.093924, -6, 2, 0, 0
0.094124, 6, -2, 0, 0
0.094326, -7, 15, 0, 0
0.094524, -3, 25, 0, 0
0.094726, 0, 0, 0, 0
0.094924, -4, -10, 0, 0
0.095124, 38, 8, 0, 0
0.095326, -6, 2, 0, 0
0.095524, -6, 2, 0, 0
0.095724, -4, -10, 0, 0
0.095924, -19, 106, 0, 0
0.096124, 47, -56, 0, 0
0.096324, -4, -10, 0, 0
0.096524, 0, 0, 0, 0
0.096724, -1, 12, 0, 0
0.096926, 6, -8, 0, 0
0.097124, -7, 15, 0, 0
0.097324, -1, 12, 0, 0
0.097524, -7, 15, 0, 0
0.097724, -6, 2, 0, 0
0.097924, 0, 0, 0, 0
0.098124, -1, 12, 0, 0
0.098326, 13, -18, 0, 0
0.098524, 42, -17, 0, 0
0.098724, 1, -12, 0, 0
0.098924, 12, -4, 0, 0
0.099124, -3, 25, 0, 0
0.099324, 40, -4, 0, 0
0.099524, 1, -49, 0, 0
0.099724, -4, -10, 0, 0
0.099924, 1, -12, 0, 0
0.000124, -7, 15, 0, 0
0.000324, 0, 0, 0, 0
0.000524, -7, 15, 0, 0
0.000724, -3, 25, 0, 0
0.000924, 1, -12, 0, 0
0.001126, -6, 2, 0, 0
0.001326, 0, 0, 0, 0
0.001524, -7, 15, 0, 0
0.001724, -3, 25, 0, 0
0.001924, -18, 7, 0, 0
0.002124, -6, 2, 0, 0
0.002324, -6, 2, 0, 0
0.002524, 0, 0, 0, 0
0.002724, -9, 28, 0, 0
0.002924, 38, 8, 0, 0
0.003124, 5, 4, 0, 0
0.003324, -9, 28, 0, 0
0.003526, 12, -4, 0, 0
0.003724, -18, 7, 0, 0
0.003924, -3, 25, 0, 0
0.004124, -6, 2, 0, 0
0.004324, -6, 2, 0, 0
0.004524, -1, 12, 0, 0
0.004724, 23, -46, 0, 0
0.004926, 40, -4, 0, 0
0.005124, -6, 2, 0, 0
0.005324, -6, 2, 0, 0
0.005524, 4, 10, 0, 0
0.005724, -65, 99, 0, 0
0.005926, 30, -12, 0, 0
0.006126, -51, 46, 0, 0
0.006324, -7, 15, 0, 0
0.006524, -50, 32, 0, 0
0.006724, 16, 5, 0, 0
0.006926, 24, -10, 0, 0
0.007124, -5, 38, 0, 0
0.007324, -6, 2, 0, 0
0.007524, 1, -12, 0, 0
0.007724, 1, -12, 0, 0
0.007924, -6, 2, 0, 0
0.008124, -1, 12, 0, 0
0.008324, -7, 15, 0, 0
0.008524, 0, 0, 0, 0
0.008724, -4, -10, 0, 0
0.008924, 5, -38, 0, 0
0.009124, 44, -29, 0, 0
0.009326, -57, 48, 0, 0
0.009524, -7, 15, 0, 0
0.009724, -4, -10, 0, 0
0.009926, 0, 0, 0, 0
0.010124, -7, 15, 0, 0
0.010326, -7, 15, 0, 0
0.010524, 13, -17, 0, 0
0.010724, -1, 12, 0, 0
0.010924, 13, -17, 0, 0
0.011124, -4, -10, 0, 0
0.011326, 0, 0, 0, 0
0.011524, -9, 28, 0, 0
0.011724, -7, 15, 0, 0
0.011924, -4, -10, 0, 0
0.012124, 19, -20, 0, 0
0.012324, 1, -12, 0, 0
0.012524, 16, 5, 0, 0
0.012726, 2, 23, 0, 0
0.012926, -1, 12, 0, 0
0.013124, 44, -29, 0, 0
0.013326, 6, -2, 0, 0
0.013524, -6, 2, 0, 0
0.013724, -7, 15, 0, 0
0.013926, 5, -2, 0, 0
0.014124, -9, 28, 0, 0
0.014324, -1, 12, 0, 0
0.014524, 1, -12, 0, 0
0.014724, -6, 2, 0, 0
0.014924, -7, 15, 0, 0
0.015124, 38, 8, 0, 0
0.015326, -7, 15, 0, 0
0.015524, -7, 15, 0, 0
0.015726, 42, -18, 0, 0
0.015924, -1, 12, 0, 0
0.016124, 6, -2, 0, 0
0.016324, 1, -12, 0, 0
0.016524, 1, -12, 0, 0
0.016724, -7, 15, 0, 0
0.016924, -1, 12, 0, 0
0.017126, 0, 0, 0, 0
0.017324, -3, 25, 0, 0
0.017524, 0, -36, 0, 0
0.017724, -6, 2, 0, 0
0.017924, 0, 0, 0, 0
0.018126, -4, -10, 0, 0
0.018324, -1, 12, 0, 0
0.018524, 1, -12, 0, 0
0.018724, -4, -10, 0, 0
0.018924, -7, 15, 0, 0
0.019126, -51, 45, 0, 0
0.019324, 2, 23, 0, 0
0.019524, -6, 2, 0, 0
0.019724, 6, -2, 0, 0
0.019924, -11, 41, 0, 0
0.020124, -55, 70, 0, 0
0.020324, -6, 2, 0, 0
0.020524, 12, -4, 0, 0
0.020724, -9, 28, 0, 0
0.020924, 40, -4, 0, 0
0.021124, 40, -4, 0, 0
0.021324, 10, 7, 0, 0
0.021526, 13, -17, 0, 0
0.021724, 2, -19, 0, 0
0.021924, 42, -17, 0, 0
0.022124, -3, 25, 0, 0
0.022324, 1, -12, 0, 0
0.022524, 2, 23, 0, 0
0.022724, -3, 25, 0, 0
0.022924, 40, -4, 0, 0
0.023126, 6, -2, 0, 0
0.023324, 0, 0, 0, 0
0.023524, -7, 15, 0, 0
0.023726, -9, 28, 0, 0
0.024124, 1, -12, 0, 0
0.024324, 66, -27, 0, 0
0.024524, -6, 2, 0, 0
0.024724, 2, 23, 0, 0
0.024924, 0, 0, 0, 0
0.025126, -4, -10, 0, 0
0.025324, -5, -3, 0, 0
0.025524, -1, 12, 0, 0
0.025726, -6, 2, 0, 0
0.025924, -14, 67, 0, 0
0.026124, -1, 12, 0, 0
0.026326, -4, -10, 0, 0
0.026524, 0, 0, 0, 0
0.026724, 7, -15, 0, 0
0.026926, -4, -10, 0, 0
0.027126, -5, 2, 0, 0
0.027326, 1, -12, 0, 0
0.027524, 10, 7, 0, 0
0.027724, 5, 4, 0, 0
0.028124, -1, 12, 0, 0
0.028324, -7, 15, 0, 0
0.028524, -4, -10, 0, 0
0.028726, -6, 2, 0, 0
0.028924, 1, -12, 0, 0
0.029124, -13, 17, 0, 0
0.029324, 10, 7, 0, 0
0.029524, -1, 12, 0, 0
0.029724, 0, 0, 0, 0
0.029924, -1, 12, 0, 0
0.030126, -6, 2, 0, 0
0.030324, -2, -23, 0, 0
0.030524, -1, 12, 0, 0
0.030726, -22, 132, 0, 0
0.030924, -1, 12, 0, 0
0.031124, 4, 10, 0, 0
0.031324, 12, -4, 0, 0
0.031524, -6, 2, 0, 0
0.031724, 6, -2, 0, 0
0.031924, -6, 2, 0, 0
0.032124, -1, 12, 0, 0
0.032326, -1, 12, 0, 0
0.032524, 2, -19, 0, 0
0.032724, 34, -1, 0, 0
0.032926, 4, 10, 0, 0
0.033124, -4, -10, 0, 0
0.033324, 0, 0, 0, 0
0.033526, -4, -10, 0, 0
0.033726, 7, -15, 0, 0
0.033924, -23, 46, 0, 0
0.034124, -1, 12, 0, 0
0.034324, -4, -10, 0, 0
0.034524, -8, -57, 0, 0
0.034726, 0, 0, 0, 0
0.034924, 4, 10, 0, 0
0.035124, 0, 0, 0, 0
0.035324, 42, -17, 0, 0
0.035724, -6, 2, 0, 0
0.035924, 18, -7, 0, 0
0.036124, 42, -17, 0, 0
0.036324, -1, 12, 0, 0
0.036524, 6, -2, 0, 0
0.036724, -7, 15, 0, 0
0.036926, -2, -23, 0, 0
0.037124, -7, 15, 0, 0
0.037324, 0, 0, 0, 0
0.037524, 10, 8, 0, 0
0.037724, -6, 2, 0, 0
0.037924, -7, 15, 0, 0
0.038124, 4, 10, 0, 0
0.038324, -4, -10, 0, 0
0.038526, 40, -4, 0, 0
0.038724, 0, 0, 0, 0
0.038924, -54, 64, 0, 0
0.039126, 2, 23, 0, 0
0.039324, -6, 2, 0, 0
0.039524, 38, 8, 0, 0
0.039724, 13, -139, 0, 0
0.039924, 0, 0, 0, 0
0.040124, 1, -12, 0, 0
0.040324, -12, 4, 0, 0
0.040526, -3, 25, 0, 0
0.040724, -57, 48, 0, 0
0.040924, -7, 15, 0, 0
0.041124, 1, -12, 0, 0
0.041324, -3, 25, 0, 0
0.041524, 1, -12, 0, 0
0.041724, -4, -10, 0, 0
0.041924, -6, 2, 0, 0
0.042126, 0, 0, 0, 0
0.042324, -6, 2, 0, 0
0.042524, 38, 8, 0, 0
0.042724, 42, -17, 0, 0
0.042924, -6, 2, 0, 0
0.043124, -1, 12, 0, 0
0.043324, 1, -12, 0, 0
0.043524, -21, 33, 0, 0
0.043724, 40, -4, 0, 0
0.043924, -6, 2, 0, 0
0.044126, -48, 68, 0, 0
0.044324, -4, -10, 0, 0
0.044526, 8, -71, 0, 0
0.044726, -9, 28, 0, 0
0.044926, -9, 28, 0, 0
0.045124, 13, -17, 0, 0
0.045324, -6, 2, 0, 0
0.045524, -2, -23, 0, 0
0.045724, -4, -10, 0, 0
0.045926, -9, 28, 0, 0
0.046124, -3, 25, 0, 0
0.046326, -6, 2, 0, 0
0.046524, -6, 2, 0, 0
0.046724, -4, -10, 0, 0
0.046926, -6, 2, 0, 0
0.047124, -15, 30, 0, 0
0.047326, -7, 15, 0, 0
0.047524, -4, -10, 0, 0
0.047724, 6, -2, 0, 0
0.047924, 12, -4, 0, 0
0.048124, -4, -10, 0, 0
0.048326, 15, -80, 0, 0
0.048524, 112, -34, 0, 0
0.048724, -6, 2, 0, 0
0.048924, 4, -75, 0, 0
0.049124, -7, 15, 0, 0
0.049326, -6, 2, 0, 0
0.049524, -9, 28, 0, 0
0.049724, 0, 0, 0, 0
0.049924, -1, 12, 0, 0
0.050124, -4, -10, 0, 0
0.050324, 0, 0, 0, 0
0.050524, 1, -12, 0, 0
0.050726, -18, 7, 0, 0
0.050924, -6, 2, 0, 0
0.051124, 88, -24, 0, 0
0.051326, -6, 2, 0, 0
0.051524, -9, 28, 0, 0
0.051724, -3, 25, 0, 0
0.051924, -6, 2, 0, 0
0.052124, -1, 12, 0, 0
0.052324, 0, 0, 0, 0
0.052524, 0, 6, 0, 0
0.052724, -3, 25, 0, 0
0.052926, -3, 25, 0, 0
0.053326, -1, 12, 0, 0
0.053524, 67, -77, 0, 0
0.053724, 8, 20, 0, 0
0.053926, -3, 25, 0, 0
0.054124, -15, 30, 0, 0
0.054324, -4, -10, 0, 0
0.054524, 10, 8, 0, 0
0.054724, 2, -19, 0, 0
0.054926, 0, 0, 0, 0
0.055126, -4, -10, 0, 0
0.055324, -4, -10, 0, 0
0.055524, 6, -2, 0, 0
0.055726, -3, -16, 0, 0
0.055924, 7, -15, 0, 0
0.056124, 12, -4, 0, 0
0.056324, -4, -10, 0, 0
0.056524, 0, 0, 0, 0
0.056724, 0, 0, 0, 0
0.056924, -1, 12, 0, 0
0.057124, -55, 70, 0, 0
0.057324, -7, 15, 0, 0
0.057524, 0, 0, 0, 0
0.057724, -7, 15, 0, 0
0.057924, -4, -10, 0, 0
0.058124, -9, 28, 0, 0
0.058324, -19, 20, 0, 0
0.058524, -4, -10, 0, 0
0.058724, -4, -10, 0, 0
0.058926, 0, 0, 0, 0
0.059124, -9, 28, 0, 0
0.059324, -1, 12, 0, 0
0.059524, 0, 0, 0, 0
0.059724, 9, -77, 0, 0
0.059926, 15, -30, 0, 0
0.060124, 42, -17, 0, 0
0.060324, 48, -19, 0, 0
0.060524, -9, 28, 0, 0
0.060724, -7, 15, 0, 0
0.060924, -4, -10, 0, 0
0.061124, -7, 15, 0, 0
0.061324, -1, 12, 0, 0
0.061524, -104, 55, 0, 0
0.061724, -3, 25, 0, 0
0.061926, -4, -10, 0, 0
0.062124, -47, 13, 0, 0
0.062326, -6, 2, 0, 0
0.062526, 42, -17, 0, 0
0.062724, 6, -2, 0, 0
0.062924, -7, 15, 0, 0
0.063126, -6, 2, 0, 0
0.063324, 1, -12, 0, 0
0.063524, 12, -4, 0, 0
0.063726, 6, -2, 0, 0
0.063924, 42, -17, 0, 0
0.064124, 0, 0, 0, 0
0.064324, 12, -4, 0, 0
0.064524, -4, -10, 0, 0
0.064724, -1, 12, 0, 0
0.064924, -7, 15, 0, 0
0.065124, 1, -12, 0, 0
0.065324, 0, 0, 0, 0
0.065524, 2, 23, 0, 0
0.065724, 0, 0, 0, 0
0.065924, -100, 64, 0, 0
0.066124, 0, 0, 0, 0
0.066324, -7, 15, 0, 0
0.066524, -6, 2, 0, 0
0.066724, 13, -17, 0, 0
0.066924, -6, 2, 0, 0
0.067126, 1, -12, 0, 0
0.067324, 2, 23, 0, 0
0.067526, -7, 15, 0, 0
0.067724, -2, -23, 0, 0
0.067924, -4, -10, 0, 0
0.068126, -2, -23, 0, 0
0.068326, 2, 23, 0, 0
0.068524, -102, 41, 0, 0
0.068724, -1, 12, 0, 0
0.068926, -1, 12, 0, 0
0.069124, -7, 15, 0, 0
0.069324, 1, -12, 0, 0
0.069524, 0, 0, 0, 0
0.069724, -6, 2, 0, 0
0.069924, -6, 2, 0, 0
0.070124, -7, 15, 0, 0
0.070324, -1, 12, 0, 0
0.070524, -6, 2, 0, 0
0.070724, 2, 23, 0, 0
0.070926, 8, 20, 0, 0
0.071124, 0, 0, 0, 0
0.071326, -7, 15, 0, 0
0.071524, 6, -2, 0, 0
0.071724, -18, 7, 0, 0
0.071924, 1, -12, 0, 0
0.072126, -2, -23, 0, 0
0.072324, 6, -2, 0, 0
0.072524, 0, 0, 0, 0
0.072726, -6, 2, 0, 0
0.072924, 0, 0, 0, 0
0.073124, -7, 15, 0, 0
0.073324, 1, -12, 0, 0
0.073526, -7, 15, 0, 0
0.073724, -9, 28, 0, 0
0.073924, -74, 127, 0, 0
0.074124, -6, 2, 0, 0
0.074324, -2, -23, 0, 0
0.074524, -6, 2, 0, 0
0.074726, 2, 23, 0, 0
0.074924, 0, 0, 0, 0
0.075124, -1, 12, 0, 0
0.075326, -3, 25, 0, 0
0.075526, -7, 15, 0, 0
0.075724, -19, 20, 0, 0
0.075924, 0, 0, 0, 0
0.076124, -1, 12, 0, 0
0.076324, -1, 12, 0, 0
0.076524, 1, -12, 0, 0
0.076724, -6, 2, 0, 0
0.076926, -1, 12, 0, 0
0.077124, 0, 0, 0, 0
0.077324, -1, 12, 0, 0
0.077524, -9, 28, 0, 0
0.077724, -6, 2, 0, 0
0.077924, 1, -12, 0, 0
0.078126, -6, 2, 0, 0
0.078324, 0, 0, 0, 0
0.078524, -61, 80, 0, 0
0.078724, 0, 0, 0, 0
0.078924, -4, -10, 0, 0
0.079124, -3, 25, 0, 0
0.079324, -7, 15, 0, 0
0.079524, -1, 12, 0, 0
0.079724, 13, -17, 0, 0
0.079924, -75, 5, 0, 0
0.080126, -6, 2, 0, 0
0.080324, -6, 2, 0, 0
0.080524, -4, -10, 0, 0
0.080724, 1, -12, 0, 0
0.080924, -6, 2, 0, 0
0.081324, -6, 2, 0, 0
0.081524, -7, 15, 0, 0
0.081726, -9, 28, 0, 0
0.081924, 17, -43, 0, 0
0.082126, -6, 2, 0, 0
0.082324, -3, 25, 0, 0
0.082524, 0, 0, 0, 0
0.082724, -12, 90, 0, 0
0.082924, -96, 40, 0, 0
0.083126, 4, 10, 0, 0
0.083326, -1, 12, 0, 0
0.083524, -9, 28, 0, 0
0.083726, -21, 33, 0, 0
0.083924, 2, 23, 0, 0
0.084124, -6, 2, 0, 0
0.084324, -120, 85, 0, 0
0.084524, -4, -10, 0, 0
0.084724, 8, 20, 0, 0
0.084924, -4, -10, 0, 0
0.085124, 10, 7, 0, 0
0.085326, 0, 0, 0, 0
0.085524, -6, 2, 0, 0
0.085724, -6, 2, 0, 0
0.085924, 1, -12, 0, 0
0.086126, -4, -10, 0, 0
0.086324, -9, 28, 0, 0
0.086524, -1, 12, 0, 0
0.086724, 7, -15, 0, 0
0.086924, -1, 12, 0, 0
0.087124, 12, -4, 0, 0
0.087324, -7, 15, 0, 0
0.087526, 19, -20, 0, 0
0.087724, -7, 15, 0, 0
0.087924, -1, 12, 0, 0
0.088126, 21, -82, 0, 0
0.088324, -4, -10, 0, 0
0.088526, -6, 2, 0, 0
0.088724, 0, 0, 0, 0
0.088924, -6, 2, 0, 0
0.089124, -4, -10, 0, 0
0.089324, 24, -9, 0, 0
0.089524, -4, -10, 0, 0
0.089726, 1, -12, 0, 0
0.089924, 52, -9, 0, 0
0.090122, 42, -16, 0, 0
0.090324, -21, 33, 0, 0
0.090526, 12, -5, 0, 0
0.090724, 0, 0, 0, 0
0.090926, 42, -17, 0, 0
0.091124, 1, -12, 0, 0
0.091324, -6, 2, 0, 0
0.091526, 4, 10, 0, 0
0.091726, 12, -5, 0, 0
0.091926, 0, 0, 0, 0
0.092124, -4, -10, 0, 0
0.092326, -7, 15, 0, 0
0.092526, 0, -6, 0, 0
0.092724, 7, -15, 0, 0
0.092924, -1, 12, 0, 0
0.093124, -1, 12, 0, 0
0.093326, -6, 2, 0, 0
0.093524, 1, -12, 0, 0
0.093724, -7, 15, 0, 0
0.093924, -5, 38, 0, 0
0.094124, -15, 30, 0, 0
0.094326, 40, -4, 0, 0
0.094524, 42, -17, 0, 0
0.094724, -6, 2, 0, 0
0.094926, -19, 20, 0, 0
0.095124, 13, -17, 0, 0
0.095324, 25, -22, 0, 0
0.095524, -7, 15, 0, 0
0.095726, 12, -5, 0, 0
0.095924, -1, 12, 0, 0
0.096124, -6, 2, 0, 0
0.096324, -6, 2, 0, 0
0.096524, -6, 2, 0, 0
0.096724, 57, 37, 0, 0
0.096926, -54, 22, 0, 0
0.097124, -11, -1, 0, 0
0.097324, 13, -17, 0, 0
0.097524, -1, 12, 0, 0
0.097724, -9, 28, 0, 0
0.097924, -6, 2, 0, 0
0.098126, 4, 10, 0, 0
0.098324, 0, 0, 0, 0
0.098524, -7, 15, 0, 0
0.098724, -1, 12, 0, 0
0.098926, 38, 8, 0, 0
0.099124, -7, 15, 0, 0
0.099324, 0, 0, 0, 0
0.099524, 3, 16, 0, 0
0.099724, 39, -33, 0, 0
0.099922, 26, -22, 0, 0
0.000124, -6, 2, 0, 0
0.000324, -4, -10, 0, 0
0.000524, 13, -17, 0, 0
0.000724, -1, 12, 0, 0
0.000926, 1, -12, 0, 0
0.001124, -4, -10, 0, 0
0.001326, 1, -12, 0, 0
0.001526, -6, 2, 0, 0
0.001726, -4, -10, 0, 0
0.001926, 42, -17, 0, 0
0.002124, -13, 17, 0, 0
0.002326, -7, 15, 0, 0
0.002524, 43, -30, 0, 0
0.002724, 13, -17, 0, 0
0.002924, 9, -28, 0, 0
0.003124, -4, -10, 0, 0
0.003324, -4, -10, 0, 0
0.003524, -13, 17, 0, 0
0.003724, 40, -4, 0, 0
0.003924, -9, 28, 0, 0
0.004126, 3, -75, 0, 0
0.004326, -48, 20, 0, 0
0.004524, -4, -10, 0, 0
0.004724, -6, 2, 0, 0
0.004924, -7, 15, 0, 0
0.005124, -7, 15, 0, 0
0.005326, -1, 12, 0, 0
0.005524, 6, -2, 0, 0
0.005726, 26, 13, 0, 0
0.005924, 42, -17, 0, 0
0.006124, 0, 0, 0, 0
0.006324, -9, 28, 0, 0
0.006526, 54, -72, 0, 0
0.006726, 90, -37, 0, 0
0.006924, -4, -10, 0, 0
0.007124, 12, -5, 0, 0
0.007326, -7, 15, 0, 0
0.007524, 42, -17, 0, 0
0.007724, -1, 12, 0, 0
0.007924, -4, -10, 0, 0
0.008126, 56, -134, 0, 0
0.008324, 12, -4, 0, 0
0.008524, -6, 2, 0, 0
0.008924, -4, -10, 0, 0
0.009124, -9, 28, 0, 0
0.009324, 42, -17, 0, 0
0.009524, -52, 9, 0, 0
0.009726, 10, 7, 0, 0
0.009924, -4, -10, 0, 0
0.010126, -4, -10, 0, 0
0.010324, 0, 0, 0, 0
0.010526, -19, 20, 0, 0
0.010724, 44, -29, 0, 0
0.010924, 3, -25, 0, 0
0.011124, 44, -29, 0, 0
0.011324, 0, 0, 0, 0
0.011524, 45, -152, 0, 0
0.011724, 1, -12, 0, 0
0.011924, -3, 25, 0, 0
0.012124, -6, 2, 0, 0
0.012324, 14, -17, 0, 0
0.012526, -3, 25, 0, 0
0.012724, -25, 22, 0, 0
0.012924, 0, 0, 0, 0
0.013126, 42, -17, 0, 0
0.013324, 4, 10, 0, 0
0.013524, 12, -4, 0, 0
0.013724, -1, 12, 0, 0
0.013924, 0, 0, 0, 0
0.014126, -3, 25, 0, 0
0.014324, 13, -17, 0, 0
0.014524, -1, 12, 0, 0
0.014726, 1, -12, 0, 0
0.014924, -12, 4, 0, 0
0.015124, 42, -17, 0, 0
0.015326, -4, -10, 0, 0
0.015524, -6, 2, 0, 0
0.015726, 6, -2, 0, 0
0.015924, -9, -57, 0, 0
0.016124, -6, 2, 0, 0
0.016324, -21, 33, 0, 0
0.016524, 1, -12, 0, 0
0.016724, 0, 0, 0, 0
0.016924, -1, 12, 0, 0
0.017124, 12, -4, 0, 0
0.017324, -42, 17, 0, 0
0.017524, -60, 24, 0, 0
0.017724, -1, 12, 0, 0
0.017924, 42, -17, 0, 0
0.018124, 10, 8, 0, 0
0.018324, 3, -25, 0, 0
0.018524, 1, -12, 0, 0
0.018726, -4, -10, 0, 0
0.018924, -9, 28, 0, 0
0.019124, -1, 12, 0, 0
0.019324, -6, 2, 0, 0
0.019524, 1, -12, 0, 0
0.019726, -13, 17, 0, 0
0.019924, 28, 0, 0, 0
0.020124, 4, 10, 0, 0
0.020324, -1, 12, 0, 0
0.020524, -7, 15, 0, 0
0.020724, -1, 12, 0, 0
0.020924, -6, 2, 0, 0
0.021124, -19, 20, 0, 0
0.021324, 12, -4, 0, 0
0.021524, 12, -5, 0, 0
0.021726, 0, 0, 0, 0
0.021926, 6, -2, 0, 0
0.022124, 0, 0, 0, 0
0.022326, 18, -7, 0, 0
0.022524, -13, 17, 0, 0
0.022724, 1, -12, 0, 0
0.022924, -54, 21, 0, 0
0.023126, -7, 15, 0, 0
0.023326, -15, 30, 0, 0
0.023526, 43, -30, 0, 0
0.023724, 8, 20, 0, 0
0.023926, -5, 2, 0, 0
0.024124, -6, 2, 0, 0
0.024324, 40, -4, 0, 0
0.024524, 26, -22, 0, 0
0.024726, -3, 25, 0, 0
0.024924, -38, 27, 0, 0
0.025126, 1, -12, 0, 0
0.025324, -11, 41, 0, 0
0.025524, 8, -101, 0, 0
0.025724, -6, 2, 0, 0
0.025926, -10, -7, 0, 0
0.026124, -1, 12, 0, 0
0.026324, -3, 25, 0, 0
0.026524, -4, -10, 0, 0
0.026724, 0, 0, 0, 0
0.026924, -6, 2, 0, 0
0.027124, 0, 0, 0, 0
0.027324, -13, 17, 0, 0
0.027524, -7, 15, 0, 0
0.027724, 19, -20, 0, 0
0.027924, -4, -10, 0, 0
0.028124, -4, -10, 0, 0
0.028324, -15, 30, 0, 0
0.028526, -9, 28, 0, 0
0.028724, 13, -17, 0, 0
0.028924, -13, 17, 0, 0
0.029124, -7, 15, 0, 0
0.029324, 6, -2, 0, 0
0.029524, 43, -30, 0, 0
0.029726, -1, 12, 0, 0
0.029926, 4, 10, 0, 0
0.030124, 43, -30, 0, 0
0.030326, -19, 20, 0, 0
0.030526, -6, 2, 0, 0
0.030724, 12, -4, 0, 0
0.030926, 4, 10, 0, 0
0.031124, 0, 0, 0, 0
0.031324, 1, -12, 0, 0
0.031524, 42, -17, 0, 0
0.031724, -7, 15, 0, 0
0.031924, -1, 12, 0, 0
0.032124, -4, -10, 0, 0
0.032324, -1, 12, 0, 0
0.032524, -4, -10, 0, 0
0.032724, -6, 2, 0, 0
0.032924, -18, 7, 0, 0
0.033126, -1, 12, 0, 0
0.033326, -6, 2, 0, 0
0.033526, 28, 0, 0, 0
0.033724, 0, 0, 0, 0
0.033926, 0, 0, 0, 0
0.034124, 0, 0, 0, 0
0.034324, -3, 25, 0, 0
0.034524, -6, 2, 0, 0
0.034724, -6, 2, 0, 0
0.034924, 38, 8, 0, 0
0.035126, -12, 4, 0, 0
0.035324, 6, -2, 0, 0
0.035524, 3, -75, 0, 0
0.035724, -26, 22, 0, 0
0.035924, -6, 2, 0, 0
0.036124, -54, 22, 0, 0
0.036326, -6, 2, 0, 0
0.036526, -9, 28, 0, 0
0.036724, 0, 0, 0, 0
0.036924, 4, 10, 0, 0
0.037124, 40, -4, 0, 0
0.037324, 90, -37, 0, 0
0.037524, -4, -10, 0, 0
0.037724, -3, 25, 0, 0
0.037924, -7, 15, 0, 0
0.038126, 10, 7, 0, 0
0.038324, 20, -20, 0, 0
0.038524, -6, 2, 0, 0
0.038724, -13, 54, 0, 0
0.038926, -6, 2, 0, 0
0.039124, 4, -75, 0, 0
0.039324, -6, 2, 0, 0
0.039524, 1, -12, 0, 0
0.039726, -6, 2, 0, 0
0.039924, 7, -15, 0, 0
0.040124, -1, 12, 0, 0
0.040326, 24, 26, 0, 0
0.040524, -12, 4, 0, 0
0.040724, 0, 0, 0, 0
0.040924, 0, 0, 0, 0
0.041124, 26, -22, 0, 0
0.041324, 1, -12, 0, 0
0.041524, 0, -36, 0, 0
0.041724, -1, 12, 0, 0
0.041924, 40, -4, 0, 0
0.042124, -7, 15, 0, 0
0.042326, 40, -4, 0, 0
0.042524, 6, -2, 0, 0
0.042724, -7, 15, 0, 0
0.042924, -6, 2, 0, 0
0.043126, -7, 15, 0, 0
0.043324, -19, 20, 0, 0
0.043524, 1, -12, 0, 0
0.043724, 13, -17, 0, 0
0.043924, -6, 2, 0, 0
0.044124, -4, -10, 0, 0
0.044324, -6, 2, 0, 0
0.044526, 42, -17, 0, 0
0.044724, 40, -4, 0, 0
0.044924, -54, 71, 0, 0
0.045126, 1, -12, 0, 0
0.045324, 18, -56, 0, 0
0.045526, -1, 12, 0, 0
0.045724, 0, 0, 0, 0
0.045926, -60, 73, 0, 0
0.046124, -6, 2, 0, 0
0.046324, 0, 0, 0, 0
0.046524, 1, -12, 0, 0
0.046724, -57, 83, 0, 0
0.046924, 3, -75, 0, 0
0.047124, 0, 0, 0, 0
0.047326, -3, 25, 0, 0
0.047524, -3, 25, 0, 0
0.047724, -7, 15, 0, 0
0.047924, -9, 28, 0, 0
0.048124, -50, 32, 0, 0
0.048326, 26, 13, 0, 0
0.048526, -3, 25, 0, 0
0.048726, 9, -28, 0, 0
0.048924, 13, -17, 0, 0
0.049124, -88, 60, 0, 0
0.049324, 1, -12, 0, 0
0.049526, -6, 2, 0, 0
0.049724, 28, -85, 0, 0
0.049924, 6, -2, 0, 0
0.050124, -17, 80, 0, 0
0.050324, -7, 15, 0, 0
0.050524, -3, 25, 0, 0
0.050724, -154, 138, 0, 0
0.050924, -6, 2, 0, 0
0.051126, -6, 2, 0, 0
0.051324, -7, 15, 0, 0
0.051524, -7, 15, 0, 0
0.051726, -47, 56, 0, 0
0.051924, 49, -69, 0, 0
0.052124, -3, 25, 0, 0
0.052324, -6, 2, 0, 0
0.052524, -3, 25, 0, 0
0.052724, -7, 15, 0, 0
0.052926, 12, -4, 0, 0
0.053124, -9, 28, 0, 0
0.053324, 0, 0, 0, 0
0.053524, 0, 0, 0, 0
0.053724, 0, 0, 0, 0
0.053924, -6, 2, 0, 0
0.054124, 22, 3, 0, 0
0.054324, -23, 46, 0, 0
0.054524, 1, -12, 0, 0
0.054724, -23, 46, 0, 0
0.054924, 1, -12, 0, 0
0.055124, 3, -25, 0, 0
0.055324, 8, -21, 0, 0
0.055524, 0, 0, 0, 0
0.055726, 38, 8, 0, 0
0.055926, -3, 25, 0, 0
0.056124, -4, -10, 0, 0
0.056324, 1, -12, 0, 0
0.056524, 0, 0, 0, 0
0.056724, -1, 12, 0, 0
0.056926, 42, -17, 0, 0
0.057124, 0, -36, 0, 0
0.057324, 12, -4, 0, 0
0.057524, -6, 2, 0, 0
0.057724, -70, 59, 0, 0
0.057924, 38, 8, 0, 0
0.058124, -20, 105, 0, 0
0.058324, -18, 7, 0, 0
0.058524, -18, 7, 0, 0
0.058724, -64, 99, 0, 0
0.058924, -1, 12, 0, 0
0.059124, -6, 2, 0, 0
0.059324, -1, 12, 0, 0
0.059526, 1, -12, 0, 0
0.059724, 0, 0, 0, 0
0.059924, 3, -25, 0, 0
0.060124, -7, 15, 0, 0
0.060324, -5, -4, 0, 0
0.060524, -7, 15, 0, 0
0.060724, -4, -10, 0, 0
0.060926, -6, 2, 0, 0
0.061124, 7, -15, 0, 0
0.061324, 18, -7, 0, 0
0.061524, -61, 73, 0, 0
0.061724, 44, -30, 0, 0
0.061924, 18, -7, 0, 0
0.062124, -7, 15, 0, 0
0.062324, -4, -10, 0, 0
0.062524, -1, 12, 0, 0
0.062724, 42, -17, 0, 0
0.062926, 0, 0, 0, 0
0.063124, -19, 20, 0, 0
0.063324, -19, 20, 0, 0
0.063526, 12, -4, 0, 0
0.063724, -21, 33, 0, 0
0.063924, -21, 33, 0, 0
0.064124, -6, 2, 0, 0
0.064324, 18, -7, 0, 0
0.064524, 7, -15, 0, 0
0.064724, 1, -12, 0, 0
0.064924, -6, 2, 0, 0
0.065124, -4, -10, 0, 0
0.065324, -9, 28, 0, 0
0.065524, 1, -12, 0, 0
0.065724, -6, 2, 0, 0
0.065924, 4, -160, 0, 0
0.066124, -7, 15, 0, 0
0.066324, -6, 2, 0, 0
0.066524, 0, 0, 0, 0
0.066724, -3, 25, 0, 0
0.066924, 1, -12, 0, 0
0.067124, -9, 28, 0, 0
0.067324, -6, 2, 0, 0
0.067524, -36, 14, 0, 0
0.067724, -13, 11, 0, 0
0.067924, -3, 25, 0, 0
0.068124, -9, 28, 0, 0
0.068326, 0, 0, 0, 0
0.068524, -6, 2, 0, 0
0.068724, 1, -12, 0, 0
0.068926, 0, 0, 0, 0
0.069124, 8, 20, 0, 0
0.069324, -6, 2, 0, 0
0.069524, 112, -34, 0, 0
0.069724, -6, 2, 0, 0
0.069924, 0, 0, 0, 0
0.070124, 6, -2, 0, 0
0.070324, 1, -12, 0, 0
0.070524, -6, 2, 0, 0
0.070724, 5, 4, 0, 0
0.070924, -4, -10, 0, 0
0.071122, 0, 0, 0, 0
0.071324, 1, -12, 0, 0
0.071524, -1, 12, 0, 0
0.071724, 0, 0, 0, 0
0.071926, 0, 0, 0, 0
0.072124, -1, 12, 0, 0
0.072326, 12, -4, 0, 0
0.072522, 10, 8, 0, 0
0.072724, -1, 12, 0, 0
0.072924, 42, -17, 0, 0
0.073126, -6, 2, 0, 0
0.073324, -4, -10, 0, 0
0.073524, -18, 7, 0, 0
0.073724, 9, -77, 0, 0
0.073924, 0, 0, 0, 0
0.074124, -16, 37, 0, 0
0.074324, 4, 10, 0, 0
0.074524, -2, -23, 0, 0
0.074724, -4, -10, 0, 0
0.074924, -7, 15, 0, 0
0.075124, 0, 0, 0, 0
0.075324, -3, 25, 0, 0
0.075526, -7, 15, 0, 0
0.075724, 0, 0, 0, 0
0.075926, -1, 12, 0, 0
0.076124, -1, 12, 0, 0
0.076324, 4, 10, 0, 0
0.076524, 42, -16, 0, 0
0.076726, -4, -10, 0, 0
0.076924, 0, 0, 0, 0
0.077124, -8, 100, 0, 0
0.077324, 1, -12, 0, 0
0.077524, 0, 0, 0, 0
0.077724, 43, -30, 0, 0
0.077924, 12, -4, 0, 0
0.078124, 1, -12, 0, 0
0.078324, 26, -22, 0, 0
0.078524, 46, -6, 0, 0
0.078726, 0, 0, 0, 0
0.078924, 43, -30, 0, 0
0.079124, -3, 25, 0, 0
0.079324, 38, 8, 0, 0
0.079524, -7, 15, 0, 0
0.079724, 6, -2, 0, 0
0.079924, -3, 25, 0, 0
0.080124, -51, -39, 0, 0
0.080324, -6, 2, 0, 0
0.080524, -4, -10, 0, 0
0.080724, 23, -3, 0, 0
0.080924, 0, 0, 0, 0
0.081126, -7, 15, 0, 0
0.081324, -6, 2, 0, 0
0.081524, -6, 2, 0, 0
0.081724, -21, 33, 0, 0
0.081924, -7, 15, 0, 0
0.082126, 1, -12, 0, 0
0.082324, 10, 7, 0, 0
0.082524, -1, 12, 0, 0
0.082724, -1, 12, 0, 0
0.082926, 9, -28, 0, 0
0.083124, 1, -12, 0, 0
0.083324, -1, 12, 0, 0
0.083524, 1, -12, 0, 0
0.083724, -1, 12, 0, 0
0.083924, 0, 0, 0, 0
0.084126, 40, -4, 0, 0
0.084324, 12, -4, 0, 0
0.084524, 10, 8, 0, 0
0.084724, -7, 15, 0, 0
0.084924, -1, 12, 0, 0
0.085126, -4, -10, 0, 0
0.085324, 1, -12, 0, 0
0.085524, 1, -12, 0, 0
0.085726, 16, -44, 0, 0
0.085924, -2, 19, 0, 0
0.086124, 0, 0, 0, 0
0.086324, -1, 12, 0, 0
0.086524, -7, 15, 0, 0
0.086724, 24, -9, 0, 0
0.086924, 7, -15, 0, 0
0.087124, 6, -2, 0, 0
0.087326, 0, 0, 0, 0
0.087524, 7, -15, 0, 0
0.087724, -6, 2, 0, 0
0.087924, -4, -10, 0, 0
0.088124, 44, -30, 0, 0
0.088324, 0, 0, 0, 0
0.088524, -6, 2, 0, 0
0.088726, -5, 88, 0, 0
0.088924, -28, 0, 0, 0
0.089124, -7, 15, 0, 0
0.089324, -1, 12, 0, 0
0.089524, 60, 18, 0, 0
0.089724, 42, -17, 0, 0
0.089926, -1, 12, 0, 0
0.090126, -6, 2, 0, 0
0.090326, -6, 2, 0, 0
0.090524, -6, 2, 0, 0
0.090726, 24, -181, 0, 0
0.090924, 1, -12, 0, 0
0.091124, 4, 10, 0, 0
0.091524, -4, -10, 0, 0
0.091724, -4, -10, 0, 0
0.091924, -21, 33, 0, 0
0.092124, 13, -17, 0, 0
0.092326, -6, 2, 0, 0
0.092524, -6, 2, 0, 0
0.092724, -7, 15, 0, 0
0.092926, -15, 31, 0, 0
0.093122, 3, -25, 0, 0
0.093324, 42, -17, 0, 0
0.093524, -9, 28, 0, 0
0.093724, 18, -7, 0, 0
0.093926, -9, 28, 0, 0
0.094124, 38, 8, 0, 0
0.094324, -1, 12, 0, 0
0.094524, -6, 2, 0, 0
0.094724, -15, 30, 0, 0
0.094924, -6, 2, 0, 0
0.095124, -1, 12, 0, 0
0.095324, 6, -2, 0, 0
0.095526, 1, -12, 0, 0
0.095724, -1, 12, 0, 0
0.095924, 128, -64, 0, 0
0.096124, 0, 0, 0, 0
0.096324, 12, -4, 0, 0
0.096524, -8, 21, 0, 0
0.096724, 1, -12, 0, 0
0.096924, 1, -12, 0, 0
0.097124, -4, -10, 0, 0
0.097324, -6, 2, 0, 0
0.097524, -100, 29, 0, 0
0.097724, 0, 0, 0, 0
0.097926, -6, 2, 0, 0
0.098124, -4, -10, 0, 0
0.098324, 1, -12, 0, 0
0.098524, -6, 2, 0, 0
0.098724, -6, 2, 0, 0
0.098926, 13, -17, 0, 0
0.099124, 43, -30, 0, 0
0.099324, -4, -10, 0, 0
0.099524, 22, 3, 0, 0
0.099724, 1, -12, 0, 0
0.099924, 40, -4, 0, 0
0.000124, 0, 0, 0, 0
0.000326, -1, 12, 0, 0
0.000526, 2, -19, 0, 0
0.000724, -4, -10, 0, 0
0.000924, -7, 15, 0, 0
0.001124, -7, 15, 0, 0
0.001324, -4, -10, 0, 0
0.001524, -7, 15, 0, 0
0.001724, 0, 0, 0, 0
0.001926, 40, -4, 0, 0
0.002124, -3, 25, 0, 0
0.002324, -4, -10, 0, 0
0.002524, -4, -10, 0, 0
0.002724, 44, -29, 0, 0
0.002924, 1, -12, 0, 0
0.003124, -9, 28, 0, 0
0.003324, 1, -12, 0, 0
0.003524, -15, 30, 0, 0
0.003724, -4, -10, 0, 0
0.003924, -3, 25, 0, 0
0.004124, 40, -4, 0, 0
0.004324, 0, 0, 0, 0
0.004526, -3, 25, 0, 0
0.004724, -18, 7, 0, 0
0.004924, -37, -57, 0, 0
0.005126, -12, 90, 0, 0
0.005324, 0, 0, 0, 0
0.005524, -3, 25, 0, 0
0.005724, -9, 28, 0, 0
0.005924, -25, 22, 0, 0
0.006124, 0, 0, 0, 0
0.006524, 1, -12, 0, 0
0.006724, -20, -15, 0, 0
0.006924, -3, 25, 0, 0
0.007124, 8, 20, 0, 0
0.007324, -17, 43, 0, 0
0.007526, 40, -4, 0, 0
0.007726, -6, 2, 0, 0
0.007924, -9, 28, 0, 0
0.008124, -6, 2, 0, 0
0.008324, -7, 15, 0, 0
0.008526, 0, 0, 0, 0
0.008724, -2, -23, 0, 0
0.008924, -1, 12, 0, 0
0.009124, -13, 17, 0, 0
0.009324, -6, 8, 0, 0
0.009524, -9, 28, 0, 0
0.009724, 0, 0, 0, 0
0.009924, -4, -10, 0, 0
0.010126, -7, 15, 0, 0
0.010324, 1, -12, 0, 0
0.010524, 3, -25, 0, 0
0.010724, 6, -2, 0, 0
0.010924, -6, 2, 0, 0
0.011124, 0, 0, 0, 0
0.011324, 3, -75, 0, 0
0.011524, 14, -103, 0, 0
0.011724, 4, 10, 0, 0
0.011924, 22, -82, 0, 0
0.012124, -1, 12, 0, 0
0.012324, -28, 0, 0, 0
0.012524, -7, 15, 0, 0
0.012728, -7, 15, 0, 0
0.012924, -4, -10, 0, 0
0.013124, -6, 2, 0, 0
0.013324, -7, 15, 0, 0
0.013524, -7, 15, 0, 0
0.013724, -3, 25, 0, 0
0.013924, 1, -12, 0, 0
0.014124, -4, -10, 0, 0
0.014324, 1, -12, 0, 0
0.014524, -4, -10, 0, 0
0.014724, -9, 28, 0, 0
0.014924, -6, 2, 0, 0
0.015126, -18, 7, 0, 0
0.015324, 42, -17, 0, 0
0.015524, 0, 0, 0, 0
0.015724, 43, -30, 0, 0
0.015924, -1, 12, 0, 0
0.016124, -3, 25, 0, 0
0.016324, -4, -10, 0, 0
0.016524, -7, 15, 0, 0
0.016724, 48, -20, 0, 0
0.016924, -6, 2, 0, 0
0.017124, 1, -12, 0, 0
0.017324, 0, 0, 0, 0
0.017524, -9, 28, 0, 0
0.017724, 0, 0, 0, 0
0.017924, 0, 0, 0, 0
0.018126, -6, 2, 0, 0
0.018324, 120, -85, 0, 0
0.018524, 10, 8, 0, 0
0.018724, -6, 2, 0, 0
0.018924, -6, 2, 0, 0
0.019124, 6, -2, 0, 0
0.019324, 12, -4, 0, 0
0.019526, -1, 12, 0, 0
0.019724, -7, 15, 0, 0
0.019924, 42, -17, 0, 0
0.020124, -6, 2, 0, 0
0.020326, 12, -4, 0, 0
0.020524, -13, 17, 0, 0
0.020724, -6, 2, 0, 0
0.020926, -3, 25, 0, 0
0.021124, -4, -10, 0, 0
0.021324, 16, 5, 0, 0
0.021524, -40, 40, 0, 0
0.021724, -7, 15, 0, 0
0.021924, -1, 12, 0, 0
0.022124, 2, -19, 0, 0
0.022324, -3, 25, 0, 0
0.022526, 40, -4, 0, 0
0.022724, -1, 12, 0, 0
0.022924, -7, 15, 0, 0
0.023124, 1, -12, 0, 0
0.023326, -1, 12, 0, 0
0.023524, 42, -17, 0, 0
0.023724, 3, -25, 0, 0
0.023924, -14, 24, 0, 0
0.024124, -17, -35, 0, 0
0.024324, 0, 0, 0, 0
0.024524, 4, 10, 0, 0
0.024724, -9, 28, 0, 0
0.024924, 3, -25, 0, 0
0.025124, -3, 25, 0, 0
0.025326, -4, -10, 0, 0
0.025524, -3, 25, 0, 0
0.025724, 38, 8, 0, 0
0.025924, -7, 15, 0, 0
0.026124, 5, -38, 0, 0
0.026324, 42, -17, 0, 0
0.026524, 0, 0, 0, 0
0.026724, -49, 33, 0, 0
0.026924, 4, 10, 0, 0
0.027124, 30, -12, 0, 0
0.027324, -3, 25, 0, 0
0.027524, 42, -17, 0, 0
0.027726, -6, 2, 0, 0
0.027924, 12, -4, 0, 0
0.028124, 38, 8, 0, 0
0.028324, -12, 4, 0, 0
0.028524, 40, -4, 0, 0
0.028724, -1, 12, 0, 0
0.028924, 13, -17, 0, 0
0.029126, 12, -5, 0, 0
0.029324, -6, 2, 0, 0
0.029524, 1, -12, 0, 0
0.029724, -48, 19, 0, 0
0.029924, 1, -12, 0, 0
0.030124, -7, 15, 0, 0
0.030324, -6, 2, 0, 0
0.030524, -21, 33, 0, 0
0.030724, -11, 41, 0, 0
0.030926, -7, 15, 0, 0
0.031126, -9, 28, 0, 0
0.031324, 6, -2, 0, 0
0.031524, -9, 28, 0, 0
0.031724, -4, -10, 0, 0
0.031924, -6, 2, 0, 0
0.032124, 6, -2, 0, 0
0.032324, -1, 12, 0, 0
0.032524, 42, -17, 0, 0
0.032726, 40, -4, 0, 0
0.032926, -6, 2, 0, 0
0.033124, 2, 23, 0, 0
0.033324, 0, 0, 0, 0
0.033524, -6, 2, 0, 0
0.033724, -9, 28, 0, 0
0.033924, 8, -21, 0, 0
0.034124, 17, -43, 0, 0
0.034324, -21, 33, 0, 0
0.034524, -3, 25, 0, 0
0.034724, 41, -53, 0, 0
0.034924, -13, 17, 0, 0
0.035124, 5, -38, 0, 0
0.035324, 0, 0, 0, 0
0.035526, -4, -10, 0, 0
0.035724, 10, 8, 0, 0
0.035924, 0, 0, 0, 0
0.036124, 12, -4, 0, 0
0.036324, -4, -10, 0, 0
0.036524, 0, 0, 0, 0
0.036724, 26, 13, 0, 0
0.036924, 68, -39, 0, 0
0.037124, -1, 12, 0, 0
0.037324, -9, 28, 0, 0
0.037524, -6, 2, 0, 0
0.037724, 1, -12, 0, 0
0.037924, -7, 15, 0, 0
0.038124, -3, 25, 0, 0
0.038324, 0, 0, 0, 0
0.038524, 0, 0, 0, 0
0.038724, -6, 2, 0, 0
0.038924, -7, 15, 0, 0
0.039124, -9, 28, 0, 0
0.039324, -29, 48, 0, 0
0.039524, -7, 15, 0, 0
0.039726, -1, 12, 0, 0
0.039924, -5, 38, 0, 0
0.040124, 42, -17, 0, 0
0.040324, -4, -10, 0, 0
0.040524, -4, -10, 0, 0
0.040724, 24, -9, 0, 0
0.040924, 0, 0, 0, 0
0.041124, 42, -17, 0, 0
0.041324, 0, 0, 0, 0
0.041524, -4, -10, 0, 0
0.041724, 1, -12, 0, 0
0.041926, -3, 25, 0, 0
0.042124, 0, 0, 0, 0
0.042324, 12, -4, 0, 0
0.042524, 42, -17, 0, 0
0.042724, -6, 2, 0, 0
0.042924, 0, 0, 0, 0
0.043124, 42, -17, 0, 0
0.043324, -13, 17, 0, 0
0.043524, 1, -12, 0, 0
0.043724, 1, -12, 0, 0
0.043924, 1, -12, 0, 0
0.044124, -12, 11, 0, 0
0.044324, -7, 15, 0, 0
0.044524, -3, 25, 0, 0
0.044724, 6, -2, 0, 0
0.044924, 42, -17, 0, 0
0.045124, 6, -2, 0, 0
0.045324, -6, 2, 0, 0
0.045524, -50, 32, 0, 0
0.045724, -7, 15, 0, 0
0.045924, 41, 105, 0, 0
0.046124, 7, -15, 0, 0
0.046324, -7, 15, 0, 0
0.046524, 44, -30, 0, 0
0.046724, -6, 2, 0, 0
0.046924, -6, 2, 0, 0
0.047124, -1, 12, 0, 0
0.047324, 1, -12, 0, 0
0.047524, -4, -10, 0, 0
0.047726, 42, -17, 0, 0
0.047924, 0, 0, 0, 0
0.048124, -44, 30, 0, 0
0.048324, -4, -10, 0, 0
0.048526, -6, 2, 0, 0
0.048724, -6, 2, 0, 0
0.048924, 0, 0, 0, 0
0.049124, 0, 0, 0, 0
0.049324, 1, -12, 0, 0
0.049524, -7, 15, 0, 0
0.049724, -1, 12, 0, 0
0.049924, -38, 27, 0, 0
0.050124, 38, 8, 0, 0
0.050324, 6, -2, 0, 0
0.050526, -3, 25, 0, 0
0.050724, 1, -12, 0, 0
0.050924, 0, 0, 0, 0
0.051124, 54, -64, 0, 0
0.051324, 18, -7, 0, 0
0.051524, 40, -4, 0, 0
0.051726, -1, 12, 0, 0
0.051924, 44, -29, 0, 0
0.052126, 0, 0, 0, 0
0.052324, -7, 15, 0, 0
0.052524, -1, 12, 0, 0
0.052724, 0, 0, 0, 0
0.052924, 0, 0, 0, 0
0.053124, -1, 12, 0, 0
0.053324, -6, 2, 0, 0
0.053524, -7, 15, 0, 0
0.053726, -7, 15, 0, 0
0.053924, -15, 30, 0, 0
0.054126, -6, 2, 0, 0
0.054324, -4, -10, 0, 0
0.054524, -7, 15, 0, 0
0.054724, 12, -4, 0, 0
0.054924, -9, 28, 0, 0
0.055126, 6, -2, 0, 0
0.055324, -3, 25, 0, 0
0.055524, -1, 12, 0, 0
0.055724, -7, 15, 0, 0
0.055924, -10, -7, 0, 0
0.056124, -2, -23, 0, 0
0.056324, -6, 2, 0, 0
0.056526, -1, 12, 0, 0
0.056724, 12, -5, 0, 0
0.056924, -1, 12, 0, 0
0.057124, 0, 0, 0, 0
0.057324, 42, -17, 0, 0
0.057524, 6, -2, 0, 0
0.057724, 1, -12, 0, 0
0.057924, -2, -23, 0, 0
0.058124, -6, 2, 0, 0
0.058324, 9, -114, 0, 0
0.058524, -6, 2, 0, 0
0.058726, -7, 15, 0, 0
0.058924, 2, 23, 0, 0
0.059124, -4, -10, 0, 0
0.059324, 0, 0, 0, 0
0.059524, -9, 28, 0, 0
0.059724, -7, 15, 0, 0
0.059924, -44, -55, 0, 0
0.060124, -9, 28, 0, 0
0.060324, 0, 0, 0, 0
0.060524, -4, -10, 0, 0
0.060724, -7, 15, 0, 0
0.060924, -18, 93, 0, 0
0.061124, -5, -4, 0, 0
0.061324, 42, -16, 0, 0
0.061524, -6, 2, 0, 0
0.061724, 0, 0, 0, 0
0.061924, -1, 12, 0, 0
0.062124, 18, -93, 0, 0
0.062324, -4, 32, 0, 0
0.062524, -19, 20, 0, 0
0.062724, -3, 25, 0, 0
0.062924, -6, 2, 0, 0
0.063124, -6, 2, 0, 0
0.063324, -4, -10, 0, 0
0.063524, -6, 2, 0, 0
0.063724, 53, -94, 0, 0
0.063924, -39, 40, 0, 0
0.064124, -6, 2, 0, 0
0.064324, 0, 0, 0, 0
0.064524, 10, 7, 0, 0
0.064722, -3, 25, 0, 0
0.064926, 0, 0, 0, 0
0.065124, -5, -4, 0, 0
0.065324, -1, 12, 0, 0
0.065524, -3, 25, 0, 0
0.065724, 0, 0, 0, 0
0.065924, -7, 15, 0, 0
0.066126, -7, 15, 0, 0
0.066524, -7, 15, 0, 0
0.066724, -3, 25, 0, 0
0.066924, 21, -33, 0, 0
0.067126, -42, 17, 0, 0
0.067324, 80, -130, 0, 0
0.067524, -13, 17, 0, 0
0.067724, 0, 0, 0, 0
0.067924, -9, 28, 0, 0
0.068124, -36, 14, 0, 0
0.068324, -6, 2, 0, 0
0.068524, -12, 4, 0, 0
0.068726, -6, 2, 0, 0
0.068924, 13, -17, 0, 0
0.069124, 0, 0, 0, 0
0.069324, 7, -15, 0, 0
0.069524, 0, 0, 0, 0
0.069724, 12, -4, 0, 0
0.069924, -7, 15, 0, 0
0.070124, 0, 0, 0, 0
0.070324, 0, 0, 0, 0
0.070524, -18, 7, 0, 0
0.070724, 1, -12, 0, 0
0.070926, 5, -88, 0, 0
0.071124, 0, 0, 0, 0
0.071324, -4, -10, 0, 0
0.071524, 1, -12, 0, 0
0.071724, -6, 2, 0, 0
0.071924, -6, 2, 0, 0
0.072124, 69, -53, 0, 0
0.072324, 12, -4, 0, 0
0.072524, -7, 15, 0, 0
0.072726, 8, -21, 0, 0
0.072924, 2, -19, 0, 0
0.073126, 45, -43, 0, 0
0.073324, 7, -15, 0, 0
0.073524, 7, -15, 0, 0
0.073724, -6, 2, 0, 0
0.073924, 7, -15, 0, 0
0.074124, -6, 2, 0, 0
0.074324, -4, -10, 0, 0
0.074524, -3, 25, 0, 0
0.074724, 0, 0, 0, 0
0.074924, -7, 15, 0, 0
0.075124, 33, -37, 0, 0
0.075324, 23, -82, 0, 0
0.075524, 3, -25, 0, 0
0.075724, 1, -12, 0, 0
0.075926, -1, 12, 0, 0
0.076124, 0, 0, 0, 0
0.076324, -35, 50, 0, 0
0.076524, -7, 15, 0, 0
0.076726, 3, -25, 0, 0
0.076924, -14, 17, 0, 0
0.077124, -6, 2, 0, 0
0.077324, -6, 2, 0, 0
0.077524, 42, -17, 0, 0
0.077724, 1, -12, 0, 0
0.077924, -6, 2, 0, 0
0.078124, -7, 15, 0, 0
0.078326, 13, -17, 0, 0
0.078524, -6, 2, 0, 0
0.078724, 42, -17, 0, 0
0.078924, 38, -27, 0, 0
0.079124, -21, 33, 0, 0
0.079324, 1, -12, 0, 0
0.079526, -1, 12, 0, 0
0.079724, -6, 2, 0, 0
0.079924, 1, -12, 0, 0
0.080124, -6, 2, 0, 0
0.080324, 38, 8, 0, 0
0.080524, 1, -12, 0, 0
0.080724, -24, 52, 0, 0
0.080924, -4, -10, 0, 0
0.081126, 0, 0, 0, 0
0.081324, 11, -41, 0, 0
0.081524, -1, 12, 0, 0
0.081724, -4, -10, 0, 0
0.081924, -3, -16, 0, 0
0.082126, -3, 25, 0, 0
0.082324, 42, -17, 0, 0
0.082524, -1, 12, 0, 0
0.082724, -7, 15, 0, 0
0.082924, 1, -12, 0, 0
0.083124, 12, -4, 0, 0
0.083324, -4, -10, 0, 0
0.083524, -7, 15, 0, 0
0.083724, -1, 12, 0, 0
0.083924, -4, -10, 0, 0
0.084126, 27, -36, 0, 0
0.084324, -4, -10, 0, 0
0.084524, 1, -12, 0, 0
0.084724, 0, 0, 0, 0
0.084926, -6, 2, 0, 0
0.085124, 14, -17, 0, 0
0.085324, 3, -25, 0, 0
0.085524, -23, 46, 0, 0
0.085724, 28, 0, 0, 0
0.085926, -18, 7, 0, 0
0.086124, 0, 0, 0, 0
0.086324, -6, 2, 0, 0
0.086524, 1, -12, 0, 0
0.086724, -9, 28, 0, 0
0.086926, -9, 28, 0, 0
0.087124, 38, 8, 0, 0
0.087324, -50, 32, 0, 0
0.087526, -6, 2, 0, 0
0.087726, -7, 15, 0, 0
0.087922, -8, 15, 0, 0
0.088124, -6, 2, 0, 0
0.088324, 1, -12, 0, 0
0.088524, 11, -77, 0, 0
0.088724, 3, -75, 0, 0
0.088926, -1, 12, 0, 0
0.089124, 0, 0, 0, 0
0.089324, -6, 2, 0, 0
0.089524, 12, -4, 0, 0
0.089724, 0, 0, 0, 0
0.089926, 28, 0, 0, 0
0.090124, -49, 75, 0, 0
0.090324, -19, 20, 0, 0
0.090524, -1, 12, 0, 0
0.090724, 19, -20, 0, 0
0.090926, -6, 2, 0, 0
0.091122, 1, -12, 0, 0
0.091324, -6, 2, 0, 0
0.091524, -9, 28, 0, 0
0.091724, -29, 48, 0, 0
0.091924, 1, -12, 0, 0
0.092124, 0, 0, 0, 0
0.092324, -21, 33, 0, 0
0.092524, -6, 2, 0, 0
0.092726, -6, 2, 0, 0
0.092924, -9, 28, 0, 0
0.093126, -4, -10, 0, 0
0.093324, 0, 0, 0, 0
0.093524, 13, -17, 0, 0
0.093724, -1, 12, 0, 0
0.093924, -7, 15, 0, 0
0.094126, 27, -35, 0, 0
0.094324, 43, -66, 0, 0
0.094524, -1, 12, 0, 0
0.094724, 0, 0, 0, 0
0.094924, -4, -10, 0, 0
0.095124, 12, -5, 0, 0
0.095326, 4, -75, 0, 0
0.095524, -6, 2, 0, 0
0.095724, -6, 2, 0, 0
0.095926, -1, 12, 0, 0
0.096124, -4, -10, 0, 0
0.096324, 21, -33, 0, 0
0.096526, -22, 46, 0, 0
0.096726, -4, -10, 0, 0
0.096926, -6, 2, 0, 0
0.097124, 0, 0, 0, 0
0.097324, 0, 0, 0, 0
0.097524, -9, 28, 0, 0
0.097726, -4, -10, 0, 0
0.097924, -6, 2, 0, 0
0.098124, 12, -4, 0, 0
0.098326, 19, -20, 0, 0
0.098524, 1, -12, 0, 0
0.098724, 44, 5, 0, 0
0.098924, -6, 2, 0, 0
0.099124, 0, 0, 0, 0
0.099324, 42, -17, 0, 0
0.099524, -6, 2, 0, 0
0.099726, -26, 29, 0, 0
0.099924, -4, -10, 0, 0
0.000166, -23, 46, 0, 187
0.000366, 59, 185, 0, 187
0.000570, -5, 310, 0, 187
0.000766, -51, 247, 0, 187
0.000970, 21, 151, 0, 187
0.001168, 28, 123, 0, 187
0.001372, -19, 340, 0, 187
0.001570, 8, 242, 0, 187
0.001770, 53, 76, 0, 187
0.001966, -30, 220, 0, 187
0.002172, 9, 255, 0, 187
0.002370, 13, 229, 0, 187
0.002572, 41, 179, 0, 187
0.002772, -53, 207, 0, 187
0.002972, -62, 285, 0, 187
0.003170, -7, 262, 0, 187
0.003370, 117, 122, 0, 187
0.003572, 21, 164, 0, 187
0.003772, -137, 320, 0, 187
0.004172, 165, 102, 0, 187
0.004376, 23, 163, 0, 187
0.004572, -155, 328, 0, 187
0.004776, -58, 299, 0, 187
0.004976, 139, 136, 0, 187
0.005176, 46, 152, 0, 187
0.005372, -132, 254, 0, 187
0.005576, -13, 291, 0, 187
0.005772, 184, 143, 0, 187
0.005970, -31, 224, 0, 187
0.006172, -142, 261, 0, 187
0.006370, 33, 257, 0, 187
0.006572, 103, 239, 0, 187
0.006772, -2, 174, 0, 187
0.006972, -116, 210, 0, 187
0.007170, -2, 273, 0, 187
0.007372, 127, 228, 0, 187
0.007572, -72, 179, 0, 187
0.007772, -52, 221, 0, 187
0.008172, 40, 179, 0, 187
0.008372, -9, 239, 0, 187
0.008570, -27, 171, 0, 187
0.008770, -10, 239, 0, 187
0.008972, 61, 221, 0, 187
0.009172, -61, 286, 0, 187
0.009370, -25, 227, 0, 187
0.009572, 79, 101, 0, 187
0.009770, 63, 195, 0, 187
0.009976, -109, 285, 0, 187
0.010170, -54, 277, 0, 187
0.010372, 141, 111, 0, 187
0.010572, 12, 229, 0, 187
0.010776, -31, 250, 0, 187
0.010972, -95, 239, 0, 187
0.011176, 73, 166, 0, 187
0.011372, 68, 205, 0, 187
0.011572, -94, 311, 0, 187
0.011772, -26, 185, 0, 187
0.011976, 82, 137, 0, 187
0.012172, -1, 296, 0, 187
0.012372, -61, 286, 0, 187
0.012572, 31, 122, 0, 187
0.012776, -51, 221, 0, 187
0.012972, -10, 288, 0, 187
0.013170, 42, 228, 0, 187
0.013376, 31, 135, 0, 187
0.013576, -51, 284, 0, 187
0.013770, -16, 291, 0, 187
0.013970, 68, 143, 0, 187
0.014172, -27, 197, 0, 187
0.014372, -5, 230, 0, 187
0.014572, 19, 239, 0, 187
0.014770, -10, 239, 0, 187
0.014972, -6, 200, 0, 187
0.015172, 23, 200, 0, 187
0.015370, 13, 229, 0, 187
0.015576, -58, 286, 0, 187
0.015776, 2, 191, 0, 187
0.015976, 68, 181, 0, 187
0.016172, -29, 247, 0, 187
0.016370, -58, 260, 0, 187
0.016572, 28, 161, 0, 187
0.016772, 63, 182, 0, 187
0.016970, -38, 289, 0, 187
0.017172, -53, 257, 0, 187
0.017372, 73, 104, 0, 187
0.017572, 62, 195, 0, 187
0.017776, -89, 326, 0, 187
0.017976, -25, 185, 0, 187
0.018170, 60, 171, 0, 187
0.018372, 33, 244, 0, 187
0.018572, -54, 234, 0, 187
0.018776, 24, 150, 0, 187
0.018972, -8, 262, 0, 187
0.019172, 19, 239, 0, 187
0.019372, -27, 247, 0, 187
0.019572, 0, 148, 0, 187
0.019776, 0, 224, 0, 187
0.019972, -11, 301, 0, 187
0.020172, -10, 239, 0, 187
0.020372, 0, 161, 0, 187
0.020572, 0, 197, 0, 187
0.020972, 25, 236, 0, 187
0.021176, -23, 221, 0, 187
0.021370, 0, 191, 0, 187
0.021572, 91, 194, 0, 187
0.021772, -28, 211, 0, 187
0.021972, -107, 280, 0, 187
0.022170, 61, 208, 0, 187
0.022372, 47, 177, 0, 187
0.022572, -52, 221, 0, 187
0.022772, -27, 247, 0, 187
0.022976, 63, 207, 0, 187
0.023170, 28, 155, 0, 187
0.023372, -77, 268, 0, 187
0.023572, -58, 309, 0, 187
0.023770, 90, 146, 0, 187
0.023976, 73, 116, 0, 187
0.024172, -151, 325, 0, 187
0.024372, -28, 260, 0, 187
0.024570, 137, 150, 0, 187
0.024772, 14, 229, 0, 187
0.024976, -99, 242, 0, 187
0.025172, -4, 200, 0, 187
0.025376, 80, 212, 0, 187
0.025576, 7, 257, 0, 187
0.025772, -66, 190, 0, 187
0.025972, -5, 187, 0, 187
0.026176, 61, 233, 0, 187
0.026376, -6, 288, 0, 187
0.026576, -89, 201, 0, 187
0.026776, 109, 50, 0, 187
0.026976, 27, 286, 0, 187
0.027176, -104, 344, 0, 187
0.027372, -5, 200, 0, 187
0.027576, 53, 137, 0, 187
0.027776, 38, 231, 0, 187
0.027976, -30, 250, 0, 187
0.028172, -31, 237, 0, 187
0.028372, 28, 161, 0, 187
0.028570, 61, 208, 0, 187
0.028776, -26, 247, 0, 187
0.028976, -51, 221, 0, 187
0.029172, 34, 195, 0, 187
0.029378, 72, 204, 0, 187
0.029572, -58, 260, 0, 187
0.029776, -51, 221, 0, 187
0.029972, -3, 236, 0, 187
0.030176, 113, 185, 0, 187
0.030376, -6, 177, 0, 187
0.030572, -101, 241, 0, 187
0.030776, -10, 278, 0, 187
0.030976, 139, 198, 0, 187
0.031172, -15, 143, 0, 187
0.031370, -143, 260, 0, 187
0.031572, 58, 247, 0, 187
0.031776, 117, 183, 0, 187
0.031976, -51, 221, 0, 187
0.032172, -104, 254, 0, 187
0.032376, 63, 207, 0, 187
0.032572, 22, 200, 0, 187
0.032772, -47, 225, 0, 187
0.032976, 23, 163, 0, 187
0.033172, 30, 247, 0, 187
0.033376, -21, 271, 0, 187
0.033572, -5, 200, 0, 187
0.033776, 2, 197, 0, 187
0.033976, 10, 231, 0, 187
0.034178, 21, 202, 0, 187
0.034376, 0, 236, 0, 187
0.034576, -31, 250, 0, 187
0.034776, 22, 163, 0, 187
0.034970, -8, 226, 0, 187
0.035176, -11, 242, 0, 187
0.035370, -6, 206, 0, 187
0.035572, -5, 200, 0, 187
0.035770, 21, 213, 0, 187
0.035972, 14, 229, 0, 187
0.036176, -5, 239, 0, 187
0.036376, -17, 182, 0, 187
0.036576, -2, 236, 0, 187
0.036772, 73, 104, 0, 187
0.036972, -47, 317, 0, 187
0.037370, 73, 104, 0, 187
0.037572, 31, 122, 0, 187
0.037772, -56, 309, 0, 187
0.037972, -16, 304, 0, 187
0.038170, 57, 148, 0, 187
0.038376, 2, 135, 0, 187
0.038576, -24, 261, 0, 187
0.038772, -17, 304, 0, 187
0.038976, 2, 191, 0, 187
0.039172, 28, 148, 0, 187
0.039376, -8, 239, 0, 187
0.039572, -52, 320, 0, 187
0.039776, 44, 178, 0, 187
0.039976, 32, 122, 0, 187
0.040170, -51, 251, 0, 187
0.040372, -11, 265, 0, 187
0.040576, 72, 179, 0, 187
0.040770, 4, 208, 0, 187
0.040972, -79, 245, 0, 187
0.041176, 24, 200, 0, 187
0.041376, 39, 230, 0, 187
0.041572, 21, 164, 0, 187
0.041776, -58, 299, 0, 187
0.041970, 16, 203, 0, 187
0.042172, 25, 187, 0, 187
0.042370, 13, 229, 0, 187
0.042576, -29, 224, 0, 187
0.042770, -14, 179, 0, 187
0.042972, 5, 264, 0, 187
0.043176, 34, 221, 0, 187
0.043370, -14, 179, 0, 187
0.043576, 29, 161, 0, 187
0.043772, -37, 288, 0, 187
0.043976, -22, 271, 0, 187
0.044172, 118, 121, 0, 187
0.044370, -50, 195, 0, 187
0.044572, -97, 315, 0, 187
0.044772, 68, 205, 0, 187
0.044976, 89, 134, 0, 187
0.045176, -72, 206, 0, 187
0.045376, -72, 305, 0, 187
0.045570, 34, 244, 0, 187
0.045776, 73, 116, 0, 187
0.045976, -99, 242, 0, 187
0.046176, -28, 273, 0, 187
0.046378, 91, 244, 0, 187
0.046576, 7, 158, 0, 187
0.046772, -68, 154, 0, 187
0.046970, 9, 268, 0, 187
0.047172, 30, 283, 0, 187
0.047378, -1, 200, 0, 187
0.047576, -124, 204, 0, 187
0.047772, 109, 200, 0, 187
0.047976, 74, 215, 0, 187
0.048176, -103, 219, 0, 187
0.048372, -52, 221, 0, 187
0.048570, 78, 262, 0, 187
0.048776, 70, 142, 0, 187
0.048976, -99, 242, 0, 187
0.049172, -57, 260, 0, 187
0.049372, 111, 174, 0, 187
0.049576, 67, 181, 0, 187
0.049770, -146, 230, 0, 187
0.049972, 12, 255, 0, 187
0.050170, 110, 187, 0, 187
0.050372, -35, 213, 0, 187
0.050570, -72, 179, 0, 187
0.050976, 64, 207, 0, 187
0.051172, -142, 260, 0, 187
0.051376, 24, 150, 0, 187
0.051572, 108, 213, 0, 187
0.051772, -9, 240, 0, 187
0.051978, -113, 253, 0, 187
0.052176, 26, 187, 0, 187
0.052376, 112, 185, 0, 187
0.052576, -28, 224, 0, 187
0.052776, -99, 242, 0, 187
0.052972, -4, 200, 0, 187
0.053176, 134, 188, 0, 187
0.053376, 66, 181, 0, 187
0.053576, -187, 283, 0, 187
0.053772, -27, 247, 0, 187
0.053976, 160, 164, 0, 187
0.054172, -51, 208, 0, 187
0.054376, -111, 213, 0, 187
0.054576, -6, 275, 0, 187
0.054772, 83, 223, 0, 187
0.054976, 73, 116, 0, 187
0.055176, -92, 240, 0, 187
0.055376, -89, 312, 0, 187
0.055570, 85, 197, 0, 187
0.055776, 46, 152, 0, 187
0.055972, -54, 220, 0, 187
0.056376, 45, 221, 0, 187
0.056572, -7, 206, 0, 187
0.056770, 21, 164, 0, 187
0.056976, 45, 215, 0, 187
0.057176, -29, 250, 0, 187
0.057376, -19, 196, 0, 187
0.057576, -2, 200, 0, 187
0.057776, -6, 275, 0, 187
0.057976, 27, 180, 0, 187
0.058176, 22, 163, 0, 187
0.058376, -23, 221, 0, 187
0.058576, -48, 301, 0, 187
0.058772, 38, 218, 0, 187
0.058976, 6, 158, 0, 187
0.059176, -27, 210, 0, 187
0.059372, -14, 291, 0, 187
0.059576, 8, 257, 0, 187
0.059776, 12, 93, 0, 187
0.059976, 34, 158, 0, 187
0.060170, -28, 346, 0, 187
0.060376, -24, 247, 0, 187
0.060576, 33, 121, 0, 187
0.060776, 29, 161, 0, 187
0.060976, -77, 259, 0, 187
0.061176, 35, 158, 0, 187
0.061376, 59, 246, 0, 187
0.061576, -33, 289, 0, 187
0.061776, -95, 203, 0, 187
0.061970, 69, 143, 0, 187
0.062172, 38, 218, 0, 187
0.062376, -10, 265, 0, 187
0.062576, -49, 257, 0, 187
0.062776, 23, 163, 0, 187
0.062976, 28, 174, 0, 187
0.063176, -42, 291, 0, 187
0.063376, 15, 229, 0, 187
0.063576, 22, 163, 0, 187
0.063776, -25, 185, 0, 187
0.063976, -36, 289, 0, 187
0.064176, -1, 286, 0, 187
0.064370, 49, 114, 0, 187
0.064576, -22, 172, 0, 187
0.064776, -34, 276, 0, 187
0.064976, 21, 226, 0, 187
0.065176, 41, 155, 0, 187
0.065376, -51, 228, 0, 187
0.065570, -44, 291, 0, 187
0.065772, 73, 153, 0, 187
0.065972, 40, 156, 0, 187
0.066176, -95, 322, 0, 187
0.066370, -43, 278, 0, 187
0.066576, 121, 94, 0, 187
0.066776, 29, 161, 0, 187
0.066976, -103, 296, 0, 187
0.067176, -16, 268, 0, 187
0.067372, 90, 158, 0, 187
0.067576, 22, 163, 0, 187
0.067778, -96, 244, 0, 187
0.067976, -47, 294, 0, 187
0.068172, 115, 147, 0, 187
0.068376, 23, 163, 0, 187
0.068570, -62, 299, 0, 187
0.068776, -24, 247, 0, 187
0.068972, 43, 179, 0, 187
0.069172, 43, 179, 0, 187
0.069378, -22, 185, 0, 187
0.069570, -62, 299, 0, 187
0.069776, 74, 178, 0, 187
0.069972, 27, 161, 0, 187
0.070176, -58, 238, 0, 187
0.070376, -55, 287, 0, 187
0.070576, 51, 175, 0, 187
0.070772, 71, 129, 0, 187
0.070976, 2, 135, 0, 187
0.071170, -92, 362, 0, 187
0.071376, -43, 304, 0, 187
0.071572, 92, 132, 0, 187
0.071776, 6, 158, 0, 187
0.071970, -53, 221, 0, 187
0.072172, 60, 234, 0, 187
0.072376, 20, 239, 0, 187
0.072576, -22, 159, 0, 187
0.072772, -26, 185, 0, 187
0.072976, 34, 282, 0, 187
0.073176, -51, 284, 0, 187
0.073376, -4, 151, 0, 187
0.073576, 46, 152, 0, 187
0.073776, -10, 265, 0, 187
0.073976, -3, 200, 0, 187
0.074176, 18, 203, 0, 187
0.074378, 0, 187, 0, 187
0.074570, -26, 234, 0, 187
0.074772, -7, 262, 0, 187
0.074976, 71, 142, 0, 187
0.075176, -27, 210, 0, 187
0.075372, -33, 250, 0, 187
0.075576, -9, 265, 0, 187
0.075772, 70, 142, 0, 187
0.075976, -44, 205, 0, 187
0.076176, -26, 247, 0, 187
0.076376, 51, 212, 0, 187
0.076576, 22, 163, 0, 187
0.076770, -23, 208, 0, 187
0.076972, -30, 273, 0, 187
0.077172, -11, 252, 0, 187
0.077376, 74, 103, 0, 187
0.077576, -51, 221, 0, 187
0.077770, -98, 308, 0, 187
0.077976, 72, 179, 0, 187
0.078176, 62, 170, 0, 187
0.078376, -25, 185, 0, 187
0.078576, -48, 258, 0, 187
0.078776, 22, 226, 0, 187
0.078972, 33, 158, 0, 187
0.079176, -10, 265, 0, 187
0.079372, -36, 213, 0, 187
0.079576, 22, 163, 0, 187
0.079772, -2, 260, 0, 187
0.079972, 22, 164, 0, 187
0.080178, -34, 253, 0, 187
0.080372, 17, 203, 0, 187
0.080576, 2, 197, 0, 187
0.080776, -9, 252, 0, 187
0.080972, -53, 257, 0, 187
0.081176, 58, 160, 0, 187
0.081370, 27, 161, 0, 187
0.081572, -19, 232, 0, 187
0.081776, -53, 310, 0, 187
0.081976, 66, 181, 0, 187
0.082176, 0, 161, 0, 187
0.082376, -27, 224, 0, 187
0.082570, 34, 244, 0, 187
0.082776, -29, 237, 0, 187
0.082976, -15, 156, 0, 187
0.083172, 23, 200, 0, 187
0.083372, 30, 270, 0, 187
0.083576, -50, 221, 0, 187
0.083776, -28, 174, 0, 187
0.083972, 41, 241, 0, 187
0.084176, 63, 207, 0, 187
0.084376, -22, 172, 0, 187
0.084572, -74, 206, 0, 187
0.084770, -15, 265, 0, 187
0.084976, 45, 240, 0, 187
0.085170, 27, 161, 0, 187
0.085376, -25, 185, 0, 187
0.085572, -27, 247, 0, 187
0.085772, 33, 257, 0, 187
0.085976, 3, 184, 0, 187
0.086170, -14, 179, 0, 187
0.086372, 13, 229, 0, 187
0.086576, -4, 262, 0, 187
0.086778, -1, 200, 0, 187
0.086976, 26, 124, 0, 187
0.087170, 10, 255, 0, 187
0.087378, 0, 250, 0, 187
0.087576, 16, 117, 0, 187
0.087776, -48, 244, 0, 187
0.087972, -16, 304, 0, 187
0.088176, 70, 142, 0, 187
0.088376, 25, 137, 0, 187
0.088576, -79, 271, 0, 187
0.088776, -47, 294, 0, 187
0.088976, 43, 178, 0, 187
0.089172, 72, 116, 0, 187
0.089376, -44, 206, 0, 187
0.089576, -59, 326, 0, 187
0.089776, 67, 181, 0, 187
0.089976, 28, 161, 0, 187
0.090172, -50, 195, 0, 187
0.090376, -105, 322, 0, 187
0.090576, 115, 147, 0, 187
0.090776, 118, 121, 0, 187
0.090976, -126, 280, 0, 187
0.091176, -59, 312, 0, 187
0.091372, 113, 161, 0, 187
0.091576, -7, 177, 0, 187
0.091772, -53, 221, 0, 187
0.091976, -29, 250, 0, 187
0.092172, 64, 231, 0, 187
0.092372, 50, 114, 0, 187
0.092576, -93, 240, 0, 187
0.092776, -10, 265, 0, 187
0.092972, 37, 231, 0, 187
0.093176, -1, 174, 0, 187
0.093372, -4, 187, 0, 187
0.093572, -13, 265, 0, 187
0.093776, 8, 194, 0, 187
0.093972, -4, 200, 0, 187
0.094176, 22, 170, 0, 187
0.094376, -2, 256, 0, 187
0.094570, -58, 260, 0, 187
0.094772, 40, 156, 0, 187
0.094970, 27, 161, 0, 187
0.095172, -30, 273, 0, 187
0.095376, 32, 345, 0, 187
0.095576, -22, 109, 0, 187
0.095776, -39, 104, 0, 187
0.095972, 36, 294, 0, 187
0.096176, 62, 246, 0, 187
0.096372, -24, 158, 0, 187
0.096576, -21, 159, 0, 187
0.096776, -14, 304, 0, 187
0.096972, 14, 265, 0, 187
0.097176, 32, 122, 0, 187
0.097376, -17, 169, 0, 187
0.097572, -62, 312, 0, 187
0.097776, 63, 207, 0, 187
0.097972, 30, 135, 0, 187
0.098170, -74, 205, 0, 187
0.098376, 11, 268, 0, 187
0.098576, 64, 207, 0, 187
0.098770, -42, 173, 0, 187
0.098976, -5, 226, 0, 187
0.099172, 8, 268, 0, 187
0.099376, 3, 197, 0, 187
0.099576, 25, 150, 0, 187
0.099776, -2, 188, 0, 187
0.099976, 65, 244, 0, 187
0.000176, -31, 250, 0, 500
0.000376, -83, 373, 0, 500
0.000576, 4, 670, 0, 500
0.000776, 105, 488, 0, 500
0.000972, -32, 293, 0, 500
0.001172, -53, 432, 0, 500
0.001372, -8, 647, 0, 500
0.001576, 89, 433, 0, 500
0.001776, 10, 307, 0, 500
0.001976, -102, 507, 0, 500
0.002178, 13, 569, 0, 500
0.002378, 66, 446, 0, 500
0.002576, 3, 359, 0, 500
0.002778, -42, 447, 0, 500
0.002978, -39, 617, 0, 500
0.003178, 17, 491, 0, 500
0.003378, 57, 337, 0, 500
0.003578, -38, 470, 0, 500
0.003778, -34, 591, 0, 500
0.003978, -1, 477, 0, 500
0.004178, 54, 376, 0, 500
0.004378, 7, 450, 0, 500
0.004578, -44, 539, 0, 500
0.004778, -27, 513, 0, 500
0.004978, 58, 399, 0, 500
0.005178, -10, 481, 0, 500
0.005378, -69, 536, 0, 500
0.005578, 46, 454, 0, 500
0.005778, 46, 454, 0, 500
0.005978, -58, 504, 0, 500
0.006178, 4, 464, 0, 500
0.006378, 45, 442, 0, 500
0.006578, 3, 477, 0, 500
0.006778, -59, 523, 0, 500
0.006978, -7, 486, 0, 500
0.007178, 53, 415, 0, 500
0.007376, -30, 473, 0, 500
0.007578, -3, 477, 0, 500
0.007778, 46, 480, 0, 500
0.007978, -24, 513, 0, 500
0.008178, 5, 424, 0, 500
0.008378, 8, 448, 0, 500
0.008578, -4, 542, 0, 500
0.008776, -4, 464, 0, 500
0.008978, 5, 424, 0, 500
0.009178, 6, 474, 0, 500
0.009378, -29, 513, 0, 500
0.009578, -6, 472, 0, 500
0.009778, 68, 420, 0, 500
0.009978, -22, 488, 0, 500
0.010178, -47, 486, 0, 500
0.010376, 19, 514, 0, 500
0.010578, 39, 426, 0, 500
0.010778, -33, 392, 0, 500
0.010978, -5, 503, 0, 500
0.011178, -2, 555, 0, 500
0.011378, -18, 461, 0, 500
0.011578, 28, 412, 0, 500
0.011778, 0, 489, 0, 500
0.011978, -1, 477, 0, 500
0.012178, 3, 461, 0, 500
0.012378, -1, 477, 0, 500
0.012578, -27, 513, 0, 500
0.012778, 26, 438, 0, 500
0.012978, 13, 419, 0, 500
0.013178, -16, 553, 0, 500
0.013378, 4, 474, 0, 500
0.013578, 10, 411, 0, 500
0.013778, -22, 487, 0, 500
0.013976, -34, 512, 0, 500
0.014178, 17, 491, 0, 500
0.014378, 79, 404, 0, 500
0.014578, 0, 464, 0, 500
0.014776, -79, 534, 0, 500
0.014978, -21, 510, 0, 500
0.015178, 94, 419, 0, 500
0.015378, 32, 442, 0, 500
0.015578, -111, 529, 0, 500
0.015778, 0, 477, 0, 500
0.015978, 121, 420, 0, 500
0.016178, -14, 478, 0, 500
0.016378, -121, 517, 0, 500
0.016578, 103, 403, 0, 500
0.016778, 62, 399, 0, 500
0.016978, -92, 528, 0, 500
0.017178, -81, 613, 0, 500
0.017378, 198, 339, 0, 500
0.017578, -5, 390, 0, 500
0.017778, -145, 556, 0, 500
0.017978, -27, 549, 0, 500
0.018178, 50, 454, 0, 500
0.018378, 102, 392, 0, 500
0.018578, -63, 493, 0, 500
0.018778, -72, 535, 0, 500
0.018976, 42, 455, 0, 500
0.019178, 29, 475, 0, 500
0.019578, -62, 503, 0, 500
0.019778, 45, 461, 0, 500
0.019978, 52, 452, 0, 500
0.020178, -42, 496, 0, 500
0.020378, -94, 561, 0, 500
0.020578, 33, 422, 0, 500
0.020778, 76, 402, 0, 500
0.020978, -27, 513, 0, 500
0.021178, -52, 511, 0, 500
0.021378, 22, 490, 0, 500
0.021578, 30, 438, 0, 500
0.021778, -28, 464, 0, 500
0.021978, -1, 477, 0, 500
0.022178, 40, 520, 0, 500
0.022378, -13, 482, 0, 500
0.022578, -59, 428, 0, 500
0.022778, 44, 455, 0, 500
0.022976, 35, 526, 0, 500
0.023178, -60, 503, 0, 500
0.023378, 9, 372, 0, 500
0.023578, 49, 460, 0, 500
0.023778, 3, 539, 0, 500
0.023978, -69, 536, 0, 500
0.024178, 0, 449, 0, 500
0.024378, 30, 386, 0, 500
0.024578, 38, 520, 0, 500
0.024778, -4, 483, 0, 500
0.024978, -45, 486, 0, 500
0.025178, -23, 474, 0, 500
0.025378, 93, 432, 0, 500
0.025578, -45, 496, 0, 500
0.025778, -40, 496, 0, 500
0.025978, -5, 478, 0, 500
0.026176, 25, 443, 0, 500
0.026378, 6, 448, 0, 500
0.026578, -19, 543, 0, 500
0.026778, 48, 428, 0, 500
0.026978, -55, 487, 0, 500
0.027178, -16, 504, 0, 500
0.027378, 26, 488, 0, 500
0.027578, 66, 456, 0, 500
0.027778, -43, 434, 0, 500
0.027978, -52, 501, 0, 500
0.028178, 41, 533, 0, 500
0.028378, 49, 441, 0, 500
0.028578, -30, 392, 0, 500
0.028778, -56, 527, 0, 500
0.028978, 94, 496, 0, 500
0.029178, -15, 471, 0, 500
0.029378, -41, 394, 0, 500
0.029578, 0, 490, 0, 500
0.029778, 16, 569, 0, 500
0.029978, 24, 464, 0, 500
0.030178, -32, 392, 0, 500
0.030378, -19, 422, 0, 500
0.030578, 13, 595, 0, 500
0.030778, -2, 526, 0, 500
0.030978, 26, 351, 0, 500
0.031178, -22, 461, 0, 500
0.031378, 15, 543, 0, 500
0.031578, -24, 513, 0, 500
0.031778, 15, 369, 0, 500
0.031978, 15, 458, 0, 500
0.032178, -31, 591, 0, 500
0.032378, -18, 510, 0, 500
0.032578, 55, 350, 0, 500
0.032778, 5, 450, 0, 500
0.032978, -78, 614, 0, 500
0.033178, 50, 454, 0, 500
0.033378, 82, 313, 0, 500
0.033578, -44, 499, 0, 500
0.033778, -82, 626, 0, 500
0.033978, 30, 477, 0, 500
0.034178, 61, 347, 0, 500
0.034378, 32, 388, 0, 500
0.034578, -96, 623, 0, 500
0.034778, -4, 516, 0, 500
0.034978, 36, 383, 0, 500
0.035178, -66, 506, 0, 500
0.035378, 31, 524, 0, 500
0.035578, 46, 454, 0, 500
0.035778, -19, 474, 0, 500
0.035978, -58, 468, 0, 500
0.036178, 20, 491, 0, 500
0.036378, 67, 433, 0, 500
0.036578, -18, 487, 0, 500
0.036778, -57, 530, 0, 500
0.036978, -27, 487, 0, 500
0.037178, 74, 416, 0, 500
0.037378, 51, 441, 0, 500
0.037578, -63, 523, 0, 500
0.037778, -74, 535, 0, 500
0.037978, 69, 432, 0, 500
0.038178, 74, 391, 0, 500
0.038378, -113, 528, 0, 500
0.038578, -65, 536, 0, 500
0.038778, 125, 436, 0, 500
0.038978, 97, 406, 0, 500
0.039178, -119, 531, 0, 500
0.039378, -110, 542, 0, 500
0.039578, 120, 432, 0, 500
0.039778, 93, 432, 0, 500
0.039978, -120, 544, 0, 500
0.040178, -42, 473, 0, 500
0.040378, 122, 381, 0, 500
0.040578, -8, 492, 0, 500
0.040778, -148, 569, 0, 500
0.040978, 50, 454, 0, 500
0.041178, 117, 421, 0, 500
0.041378, -42, 473, 0, 500
0.041578, -106, 539, 0, 500
0.041778, 28, 481, 0, 500
0.041978, 120, 407, 0, 500
0.042178, -64, 497, 0, 500
0.042378, -69, 497, 0, 500
0.042578, 23, 477, 0, 500
0.042778, 58, 476, 0, 500
0.042978, -143, 610, 0, 500
0.043178, 58, 349, 0, 500
0.043378, 124, 381, 0, 500
0.043578, -76, 627, 0, 500
0.043778, -118, 554, 0, 500
0.043978, 127, 316, 0, 500
0.044178, 97, 406, 0, 500
0.044378, -125, 663, 0, 500
0.044578, -98, 537, 0, 500
0.044778, 125, 341, 0, 500
0.044978, 69, 442, 0, 500
0.045178, -119, 558, 0, 500
0.045378, -35, 484, 0, 500
0.045578, 75, 441, 0, 500
0.045778, 49, 441, 0, 500
0.045978, -46, 499, 0, 500
0.046178, -71, 522, 0, 500
0.046378, 20, 491, 0, 500
0.046578, 74, 429, 0, 500
0.046778, -64, 506, 0, 500
0.046978, -53, 487, 0, 500
0.047178, 95, 432, 0, 500
0.047378, 26, 464, 0, 500
0.047578, -72, 509, 0, 500
0.047778, -55, 514, 0, 500
0.047978, 66, 446, 0, 500
0.048178, 23, 488, 0, 500
0.048378, -41, 459, 0, 500
0.048578, 3, 450, 0, 500
0.048778, 24, 490, 0, 500
0.048978, -22, 513, 0, 500
0.049178, 3, 450, 0, 500
0.049378, -18, 510, 0, 500
0.049578, 17, 491, 0, 500
0.049778, 26, 438, 0, 500
0.049978, 11, 441, 0, 500
0.050178, -29, 513, 0, 500
0.050378, -45, 511, 0, 500
0.050578, 27, 477, 0, 500
0.050778, 57, 438, 0, 500
0.050978, 4, 464, 0, 500
0.051178, -67, 509, 0, 500
0.062178, 2, 437, 0, 500
0.051978, 3, 477, 0, 500
0.052178, 45, 519, 0, 500
0.052378, -40, 496, 0, 500
0.052578, -20, 412, 0, 500
0.052778, 35, 481, 0, 500
0.052978, 46, 480, 0, 500
0.053178, -69, 536, 0, 500
0.053378, -21, 474, 0, 500
0.053578, 93, 414, 0, 500
0.053778, -21, 500, 0, 500
0.053978, -46, 473, 0, 500
0.054178, 12, 461, 0, 500
0.054378, 53, 458, 0, 500
0.054578, 11, 474, 0, 500
0.054778, -70, 509, 0, 500
0.054978, 0, 477, 0, 500
0.055176, 21, 488, 0, 500
0.055378, 0, 478, 0, 500
0.055578, -14, 409, 0, 500
0.055778, 7, 461, 0, 500
0.055978, -10, 544, 0, 500
0.056178, -7, 504, 0, 500
0.056378, 30, 438, 0, 500
0.056578, 14, 434, 0, 500
0.056778, -18, 479, 0, 500
0.056978, -30, 578, 0, 500
0.057178, -3, 465, 0, 500
0.057378, 32, 386, 0, 500
0.057578, -18, 504, 0, 500
0.057778, 4, 516, 0, 500
0.057978, -32, 578, 0, 500
0.058178, 132, 289, 0, 500
0.058378, -65, 431, 0, 500
0.058578, -148, 635, 0, 500
0.058778, 85, 522, 0, 500
0.058978, 109, 337, 0, 500
0.059178, -83, 466, 0, 500
0.059378, -80, 600, 0, 500
0.070178, 8, 411, 0, 500
0.070378, 24, 490, 0, 500
0.070578, 19, 556, 0, 500
0.070778, -16, 461, 0, 500
0.070978, 7, 398, 0, 500
0.071178, 0, 477, 0, 500
0.071378, -25, 591, 0, 500
0.071578, 54, 428, 0, 500
0.071778, -8, 399, 0, 500
0.071978, -38, 496, 0, 500
0.072178, 21, 569, 0, 500
0.072378, 12, 435, 0, 500
0.072578, 12, 372, 0, 500
0.072778, -60, 530, 0, 500
0.072978, 0, 578, 0, 500
0.073178, 32, 435, 0, 500
0.073378, 11, 372, 0, 500
0.073578, 0, 483, 0, 500
0.073778, -44, 567, 0, 500
0.073978, -14, 510, 0, 500
0.074178, 38, 383, 0, 500
0.074378, 54, 428, 0, 500
0.074578, -71, 591, 0, 500
0.074778, -56, 534, 0, 500
0.074978, 96, 375, 0, 500
0.075178, 50, 428, 0, 500
0.075378, -69, 601, 0, 500
0.075578, -30, 484, 0, 500
0.075778, 64, 372, 0, 500
0.075978, -3, 502, 0, 500
0.076178, 40, 520, 0, 500
0.076378, -31, 458, 0, 500
0.076578, -61, 507, 0, 500
0.076778, 30, 488, 0, 500
0.076978, 61, 412, 0, 500
0.077178, -22, 487, 0, 500
0.077378, -47, 539, 0, 500
0.077578, 22, 490, 0, 500
0.077778, 55, 389, 0, 500
0.077978, -45, 486, 0, 500
0.078178, -71, 598, 0, 500
0.078378, 25, 475, 0, 500
0.078578, 102, 328, 0, 500
0.078778, -2, 464, 0, 500
0.078978, -65, 588, 0, 500
0.079178, -40, 496, 0, 500
0.079378, 57, 407, 0, 500
0.079578, 25, 477, 0, 500
0.079778, -72, 535, 0, 500
0.079978, -20, 513, 0, 500
0.080178, 100, 417, 0, 500
0.080378, 7, 424, 0, 500
0.080578, -111, 555, 0, 500
0.080778, 52, 454, 0, 500
0.080978, 38, 485, 0, 500
0.081178, -69, 496, 0, 500
0.081378, -21, 474, 0, 500
0.081578, 30, 488, 0, 500
0.081778, 24, 490, 0, 500
0.081978, 5, 424, 0, 500
0.082178, -14, 461, 0, 500
0.082378, -4, 542, 0, 500
0.082578, -4, 504, 0, 500
0.082778, 13, 421, 0, 500
0.082978, 5, 450, 0, 500
0.083178, -52, 527, 0, 500
0.083378, 22, 555, 0, 500
0.083578, 50, 402, 0, 500
0.083778, 54, 395, 0, 500
0.083978, -88, 525, 0, 500
0.084178, -56, 589, 0, 500
0.084378, 171, 408, 0, 500
0.084578, 11, 372, 0, 500
0.084778, -164, 581, 0, 500
0.084978, 17, 556, 0, 500
0.085178, 121, 419, 0, 500
0.085378, -42, 423, 0, 500
0.085578, -71, 522, 0, 500
0.085778, 42, 520, 0, 500
0.085978, 25, 477, 0, 500
0.086178, -6, 380, 0, 500
0.086378, -22, 513, 0, 500
0.086578, -24, 575, 0, 500
0.086778, 29, 425, 0, 500
0.086978, 17, 369, 0, 500
0.087178, -39, 510, 0, 500
0.087378, 44, 558, 0, 500
0.087578, -48, 518, 0, 500
0.087778, 9, 372, 0, 500
0.087978, 51, 415, 0, 500
0.088178, -36, 656, 0, 500
0.088378, -10, 481, 0, 500
0.088578, -10, 356, 0, 500
0.088778, -14, 510, 0, 500
0.088978, 90, 497, 0, 500
0.089178, -31, 481, 0, 500
0.089378, -56, 484, 0, 500
0.089578, 48, 506, 0, 500
0.089778, 1, 464, 0, 500
0.089978, -40, 479, 0, 500
0.090178, -21, 510, 0, 500
0.090378, 50, 454, 0, 500
0.090578, 19, 429, 0, 500
0.090778, -71, 522, 0, 500
0.090978, 11, 474, 0, 500
0.091178, 101, 430, 0, 500
0.091378, -54, 527, 0, 500
0.091578, -85, 519, 0, 500
0.091778, 27, 451, 0, 500
0.091978, 30, 462, 0, 500
0.092178, -18, 510, 0, 500
0.092378, 23, 471, 0, 500
0.092578, -22, 487, 0, 500
0.092778, -19, 449, 0, 500
0.092978, 26, 497, 0, 500
0.093178, 1, 564, 0, 500
0.093378, -33, 438, 0, 500
0.093578, 13, 421, 0, 500
0.093778, 49, 460, 0, 500
0.093978, -2, 490, 0, 500
0.094178, -72, 535, 0, 500
0.094378, -17, 497, 0, 500
0.094578, 125, 393, 0, 500
0.094778, -22, 487, 0, 500
0.094978, -146, 572, 0, 500
0.095178, 21, 478, 0, 500
0.095378, 152, 380, 0, 500
0.095778, -92, 575, 0, 500
0.095978, -22, 513, 0, 500
0.096178, 38, 384, 0, 500
0.096378, 43, 481, 0, 500
0.096578, -19, 543, 0, 500
0.096778, -54, 517, 0, 500
0.096978, 28, 412, 0, 500
0.097178, 49, 441, 0, 500
0.097378, -42, 559, 0, 500
0.097578, -24, 513, 0, 500
0.097778, 58, 375, 0, 500
0.097978, -23, 500, 0, 500
0.098178, -40, 559, 0, 500
0.098378, 55, 414, 0, 500
0.098578, -9, 445, 0, 500
0.098778, -46, 499, 0, 500
0.098978, 21, 547, 0, 500
0.099178, 35, 472, 0, 500
0.099378, 6, 411, 0, 500
0.099578, -25, 478, 0, 500
0.099778, -32, 604, 0, 500
0.099978, 48, 428, 0, 500
0.000178, -12, 409, 0, 500
0.000378, -24, 491, 0, 500
0.000578, 12, 582, 0, 500
0.000778, 7, 467, 0, 500
0.000978, -10, 409, 0, 500
0.001178, 1, 464, 0, 500
0.001378, -6, 542, 0, 500
0.001578, 6, 474, 0, 500
0.001778, -15, 471, 0, 500
0.001978, -19, 500, 0, 500
0.002178, 31, 481, 0, 500
0.002378, 24, 403, 0, 500
0.002578, 1, 464, 0, 500
0.002778, -71, 598, 0, 500
0.002978, 3, 477, 0, 500
0.003178, 75, 416, 0, 500
0.003378, 13, 448, 0, 500
0.003578, -48, 499, 0, 500
0.003778, 0, 477, 0, 500
0.003978, 54, 514, 0, 500
0.004178, 7, 461, 0, 500
0.004378, -111, 502, 0, 500
0.004578, 18, 468, 0, 500
0.004778, 139, 449, 0, 500
0.004978, -93, 547, 0, 500
0.005178, -111, 534, 0, 500
0.005378, 76, 428, 0, 500
0.005578, 74, 416, 0, 500
0.005778, -46, 499, 0, 500
0.005978, -68, 559, 0, 500
0.006178, 64, 446, 0, 500
0.006378, 50, 402, 0, 500
0.006578, -74, 601, 0, 500
0.006778, -50, 550, 0, 500
0.006978, 74, 341, 0, 500
0.007178, 34, 459, 0, 500
0.007378, -73, 624, 0, 500
0.007578, 4, 464, 0, 500
0.007778, 26, 438, 0, 500
0.007978, 53, 415, 0, 500
0.008178, -59, 592, 0, 500
0.008378, -28, 526, 0, 500
0.008578, 70, 368, 0, 500
0.008778, 0, 450, 0, 500
0.008978, -43, 562, 0, 500
0.009178, -27, 513, 0, 500
0.009378, 48, 402, 0, 500
0.009578, 2, 457, 0, 500
0.009778, 20, 468, 0, 500
0.009978, -52, 574, 0, 500
0.010178, -16, 510, 0, 500
0.010378, 26, 438, 0, 500
0.010578, 41, 426, 0, 500
0.010778, -17, 447, 0, 500
0.010978, -31, 530, 0, 500
0.011178, 49, 493, 0, 500
0.011378, -2, 447, 0, 500
0.011578, -46, 488, 0, 500
0.011778, 21, 497, 0, 500
0.011978, 54, 402, 0, 500
0.012178, -164, 581, 0, 500
0.012378, 93, 432, 0, 500
0.012578, 95, 456, 0, 500
0.012778, -37, 490, 0, 500
0.012978, -104, 579, 0, 500
0.013178, 47, 441, 0, 500
0.013378, 67, 409, 0, 500
0.013578, -68, 532, 0, 500
0.013778, -70, 585, 0, 500
0.013978, 99, 404, 0, 500
0.014178, 51, 389, 0, 500
0.014378, -116, 558, 0, 500
0.014578, 40, 534, 0, 500
0.014778, 50, 428, 0, 500
0.014978, 4, 437, 0, 500
0.015178, -86, 531, 0, 500
0.015378, 14, 494, 0, 500
0.015578, 72, 455, 0, 500
0.015778, 1, 464, 0, 500
0.015978, -66, 523, 0, 500
0.016178, 16, 445, 0, 500
0.016378, 20, 517, 0, 500
0.016578, 22, 490, 0, 500
0.016778, -45, 460, 0, 500
0.016978, -16, 487, 0, 500
0.017178, 23, 488, 0, 500
0.017378, 20, 491, 0, 500
0.017578, -19, 474, 0, 500
0.017778, -20, 461, 0, 500
0.017978, -13, 507, 0, 500
0.018178, 38, 502, 0, 500
0.018378, -19, 448, 0, 500
0.018578, -39, 457, 0, 500
0.018778, 13, 543, 0, 500
0.018978, -6, 491, 0, 500
0.019178, 11, 422, 0, 500
0.019378, -3, 477, 0, 500
0.019578, 18, 468, 0, 500
0.019778, -4, 542, 0, 500
0.019978, 0, 477, 0, 500
0.020178, -2, 452, 0, 500
0.020376, -30, 499, 0, 500
0.020578, 19, 530, 0, 500
0.020778, 11, 457, 0, 500
0.020978, 0, 374, 0, 500
0.021178, -32, 578, 0, 500
0.021378, -33, 614, 0, 500
0.021578, 76, 364, 0, 500
0.021778, -14, 382, 0, 500
0.021978, -48, 535, 0, 500
0.022178, 0, 565, 0, 500
0.022378, 48, 454, 0, 500
0.022578, 0, 437, 0, 500
0.022778, -65, 529, 0, 500
0.022978, 42, 494, 0, 500
0.023178, 46, 428, 0, 500
0.023378, -47, 486, 0, 500
0.023578, -43, 449, 0, 500
0.023778, 56, 538, 0, 500
0.023978, 116, 485, 0, 500
0.024178, -115, 479, 0, 500
0.024378, -83, 440, 0, 500
0.024578, 113, 499, 0, 500
0.024778, 48, 491, 0, 500
0.024978, -86, 457, 0, 500
0.025178, -67, 519, 0, 500
0.025378, 86, 484, 0, 500
0.025578, 24, 464, 0, 500
0.025778, -36, 444, 0, 500
0.025978, -20, 504, 0, 500
0.026378, 12, 471, 0, 500
0.026578, -39, 460, 0, 500
0.026778, -27, 513, 0, 500
0.026976, -2, 499, 0, 500
0.027178, 47, 435, 0, 500
0.027378, 17, 455, 0, 500
0.027578, -63, 533, 0, 500
0.027778, 38, 520, 0, 500
0.027978, 51, 439, 0, 500
0.028178, 9, 372, 0, 500
0.028378, -64, 582, 0, 500
0.028578, -36, 617, 0, 500
0.028778, 105, 327, 0, 500
0.028978, -20, 408, 0, 500
0.029178, -31, 558, 0, 500
0.029376, -8, 565, 0, 500
0.029578, 24, 464, 0, 500
0.029778, 32, 386, 0, 500
0.029976, -5, 477, 0, 500
0.030178, -70, 614, 0, 500
0.030378, 16, 468, 0, 500
0.030578, 100, 354, 0, 500
0.030778, -45, 496, 0, 500
0.030978, -54, 591, 0, 500
0.031178, 4, 474, 0, 500
0.031378, 99, 367, 0, 500
0.031578, -68, 532, 0, 500
0.031778, -58, 579, 0, 500
0.031978, 51, 439, 0, 500
0.032178, 96, 380, 0, 500
0.032378, -72, 535, 0, 500
0.032578, -57, 564, 0, 500
0.032778, 3, 450, 0, 500
0.032978, 25, 475, 0, 500
0.033178, -9, 504, 0, 500
0.033378, -20, 471, 0, 500
0.033578, 20, 491, 0, 500
0.033778, 23, 477, 0, 500
0.033978, -46, 449, 0, 500
0.034178, -22, 513, 0, 500
0.034378, 20, 553, 0, 500
0.034578, 49, 415, 0, 500
0.034778, -17, 383, 0, 500
0.034978, -32, 578, 0, 500
0.035178, 8, 595, 0, 500
0.035378, 55, 350, 0, 500
0.035578, -32, 467, 0, 500
0.035778, -66, 532, 0, 500
0.035978, 46, 517, 0, 500
0.036178, 56, 425, 0, 500
0.036378, -35, 431, 0, 500
0.036578, -46, 499, 0, 500
0.036778, 9, 582, 0, 500
0.036978, 28, 462, 0, 500
0.037178, 0, 420, 0, 500
0.037376, -29, 486, 0, 500
0.037578, 2, 526, 0, 500
0.037778, 52, 445, 0, 500
0.037978, -32, 477, 0, 500
0.038178, 0, 477, 0, 500
0.038376, 38, 494, 0, 500
0.038578, 3, 477, 0, 500
0.038778, -66, 539, 0, 500
0.038978, 93, 432, 0, 500
0.039178, 18, 468, 0, 500
0.039376, -111, 485, 0, 500
0.039576, -34, 575, 0, 500
0.039778, 151, 405, 0, 500
0.039978, 6, 448, 0, 500
0.040178, -116, 558, 0, 500
0.040378, -29, 513, 0, 500
0.040578, 142, 397, 0, 500
0.040778, 14, 471, 0, 500
0.040978, -93, 522, 0, 500
0.041178, -22, 523, 0, 500
0.041378, 69, 468, 0, 500
0.041578, 21, 478, 0, 500
0.041778, -41, 460, 0, 500
0.041978, 8, 454, 0, 500
0.042178, 0, 569, 0, 500
0.042378, 1, 464, 0, 500
0.042578, 6, 386, 0, 500
0.042778, -1, 542, 0, 500
0.042978, -32, 604, 0, 500
0.043178, 53, 350, 0, 500
0.043378, -21, 422, 0, 500
0.043578, -7, 581, 0, 500
0.043778, 45, 519, 0, 500
0.043978, -20, 435, 0, 500
0.044178, -63, 467, 0, 500
0.044378, 14, 556, 0, 500
0.044578, 119, 438, 0, 500
0.044778, -67, 457, 0, 500
0.044978, -84, 516, 0, 500
0.045178, 59, 534, 0, 500
0.045378, 96, 419, 0, 500
0.045576, -45, 394, 0, 500
0.045778, -70, 542, 0, 500
0.045978, 49, 547, 0, 500
0.046178, 22, 439, 0, 500
0.046378, -64, 480, 0, 500
0.046578, 6, 474, 0, 500
0.046778, 44, 473, 0, 500
0.046978, 18, 468, 0, 500
0.047178, -46, 525, 0, 500
0.047376, -38, 578, 0, 500
0.047576, 53, 400, 0, 500
0.047778, 53, 389, 0, 500
0.047978, -118, 620, 0, 500
0.048176, -32, 575, 0, 500
0.048378, 148, 344, 0, 500
0.048578, 13, 369, 0, 500
0.048778, -167, 656, 0, 500
0.048978, 45, 556, 0, 500
0.049178, 105, 364, 0, 500
0.049378, -24, 460, 0, 500
0.049578, -40, 506, 0, 500
0.049778, -3, 529, 0, 500
0.049976, 9, 475, 0, 500
0.050178, -2, 464, 0, 500
0.050376, -30, 509, 0, 500
0.050578, 16, 468, 0, 500
0.050778, 52, 460, 0, 500
0.050976, -5, 477, 0, 500
0.051178, -86, 515, 0, 500
0.051378, 20, 491, 0, 500
0.051578, 30, 488, 0, 500
0.051778, -15, 497, 0, 500
0.051978, 2, 437, 0, 500
0.052178, 5, 461, 0, 500
0.052378, -29, 575, 0, 500
0.052578, 20, 491, 0, 500
0.052778, 53, 350, 0, 500
0.052978, -40, 496, 0, 500
0.053178, -67, 621, 0, 500
0.053376, 42, 455, 0, 500
0.053578, 53, 350, 0, 500
0.053778, -27, 513, 0, 500
0.053978, -42, 559, 0, 500
0.054178, 2, 474, 0, 500
0.054376, 44, 429, 0, 500
0.054578, -31, 491, 0, 500
0.054778, -36, 556, 0, 500
0.054978, 44, 473, 0, 500
0.055178, 46, 428, 0, 500
0.055378, -70, 509, 0, 500
0.055578, -1, 477, 0, 500
0.055776, 87, 433, 0, 500
0.055978, -29, 513, 0, 500
0.056178, -72, 535, 0, 500
0.056378, 60, 423, 0, 500
0.056578, 44, 455, 0, 500
0.056778, -48, 535, 0, 500
0.056976, -61, 526, 0, 500
0.057178, 37, 482, 0, 500
0.057378, 77, 404, 0, 500
0.057578, -44, 473, 0, 500
0.057778, -74, 601, 0, 500
0.057978, 29, 485, 0, 500
0.058178, 103, 379, 0, 500
0.058376, -54, 485, 0, 500
0.058578, -54, 538, 0, 500
0.058778, -1, 518, 0, 500
0.058978, 42, 456, 0, 500
0.059178, 28, 437, 0, 500
0.059378, -46, 499, 0, 500
0.059578, -27, 513, 0, 500
0.059778, 48, 454, 0, 500
0.059976, 8, 508, 0, 500
0.060178, -67, 519, 0, 500
0.060376, 22, 475, 0, 500
0.060578, 30, 436, 0, 500
0.060778, 0, 477, 0, 500
0.060978, -27, 513, 0, 500
0.061178, -3, 477, 0, 500
0.061376, 39, 455, 0, 500
0.061578, -31, 539, 0, 500
0.061776, -5, 477, 0, 500
0.061978, 46, 428, 0, 500
0.062176, -29, 486, 0, 500
0.062378, -59, 526, 0, 500
0.062578, 52, 452, 0, 500
0.062776, 21, 488, 0, 500
0.062978, -66, 532, 0, 500
0.063178, -11, 498, 0, 500
0.063378, 79, 427, 0, 500
0.063576, -31, 512, 0, 500
0.063778, -52, 527, 0, 500
0.063978, 22, 464, 0, 500
0.064178, 47, 441, 0, 500
0.064376, 0, 461, 0, 500
0.064578, -68, 562, 0, 500
0.064778, 14, 556, 0, 500
0.064978, 74, 364, 0, 500
0.065178, 2, 411, 0, 500
0.065378, -77, 600, 0, 500
0.065578, 110, 499, 0, 500
0.065778, 2, 411, 0, 500
0.065976, -96, 468, 0, 500
0.066178, -32, 578, 0, 500
0.066376, 66, 473, 0, 500
0.066576, 68, 417, 0, 500
0.066778, -74, 508, 0, 500
0.066978, -42, 532, 0, 500
0.067178, 28, 488, 0, 500
0.067378, 50, 402, 0, 500
0.067576, -7, 477, 0, 500
0.067778, -66, 605, 0, 500
0.067978, 14, 445, 0, 500
0.068176, 24, 436, 0, 500
0.068378, 49, 441, 0, 500
0.068578, -55, 551, 0, 500
0.068778, -35, 578, 0, 500
0.068978, 55, 350, 0, 500
0.069176, 19, 452, 0, 500
0.069376, -39, 591, 0, 500
0.069578, 2, 474, 0, 500
0.069776, 20, 439, 0, 500
0.069978, 3, 461, 0, 500
0.070178, 0, 539, 0, 500
0.070376, -31, 512, 0, 500
0.070578, 120, 369, 0, 500
0.070776, -49, 495, 0, 500
0.070978, -121, 620, 0, 500
0.071178, 43, 504, 0, 500
0.071378, 127, 341, 0, 500
0.071578, -42, 447, 0, 500
0.071776, -131, 657, 0, 500
0.071978, 21, 514, 0, 500
0.072178, 56, 350, 0, 500
0.072378, 57, 412, 0, 500
0.072578, -81, 613, 0, 500
0.072776, -82, 560, 0, 500
0.072978, 33, 384, 0, 500
0.073178, 90, 445, 0, 500
0.073378, -32, 578, 0, 500
0.073576, -53, 498, 0, 500
0.073778, -13, 439, 0, 500
0.073978, 91, 433, 0, 500
0.074178, -15, 570, 0, 500
0.074378, -73, 522, 0, 500
0.074576, -7, 474, 0, 500
0.074778, 69, 368, 0, 500
0.074976, 37, 455, 0, 500
0.075178, -57, 603, 0, 500
0.075376, -49, 522, 0, 500
0.075578, 70, 393, 0, 500
0.075778, 55, 438, 0, 500
0.075976, -85, 573, 0, 500
0.076178, -46, 535, 0, 500
0.076378, 121, 394, 0, 500
0.076578, -27, 513, 0, 500
0.076778, -89, 505, 0, 500
0.076976, 14, 478, 0, 500
0.077178, 111, 486, 0, 500
0.077376, -1, 437, 0, 500
0.077576, -124, 530, 0, 500
0.077778, -35, 578, 0, 500
0.077978, 115, 421, 0, 500
0.078178, 60, 373, 0, 500
0.078378, -4, 516, 0, 500
0.078578, -102, 560, 0, 500
0.078776, 0, 474, 0, 500
0.078978, 27, 475, 0, 500
0.079178, 46, 454, 0, 500
0.079376, -63, 520, 0, 500
0.079578, -77, 535, 0, 500
0.079778, 89, 458, 0, 500
0.079978, 94, 419, 0, 500
0.080176, -78, 496, 0, 500
0.080376, -184, 682, 0, 500
0.080578, 123, 417, 0, 500
0.080778, 194, 360, 0, 500
0.080978, -122, 530, 0, 500
0.081178, -172, 578, 0, 500
0.081376, 108, 448, 0, 500
0.081578, 112, 447, 0, 500
0.081778, -67, 513, 0, 500
0.081978, -43, 460, 0, 500
0.082178, 40, 494, 0, 500
0.082376, 42, 455, 0, 500
0.082578, -77, 535, 0, 500
0.082778, 8, 448, 0, 500
0.082976, 33, 483, 0, 500
0.083176, -29, 523, 0, 500
0.083376, -33, 499, 0, 500
0.083576, 64, 456, 0, 500
0.083778, 72, 392, 0, 500
0.083978, -24, 513, 0, 500
0.084178, -99, 560, 0, 500
0.084376, -6, 489, 0, 500
0.084576, 84, 446, 0, 500
0.084778, 46, 454, 0, 500
0.084978, -63, 500, 0, 500
0.085176, -73, 531, 0, 500
0.085378, 67, 468, 0, 500
0.085578, 35, 482, 0, 500
0.085778, -61, 510, 0, 500
0.085978, 3, 450, 0, 500
0.086178, 37, 559, 0, 500
0.086378, -26, 500, 0, 500
0.086576, -38, 404, 0, 500
0.086778, 45, 442, 0, 500
0.086978, 34, 559, 0, 500
0.087176, -55, 498, 0, 500
0.087378, -40, 444, 0, 500
0.087578, 52, 452, 0, 500
0.087776, 29, 559, 0, 500
0.087976, -47, 496, 0, 500
0.088178, -20, 408, 0, 500
0.088378, 19, 504, 0, 500
0.088576, 28, 546, 0, 500
0.088778, 0, 450, 0, 500
0.088976, -47, 469, 0, 500
0.089178, 40, 520, 0, 500
0.089376, 42, 455, 0, 500
0.089576, -65, 483, 0, 500
0.089776, 96, 424, 0, 500
0.089978, -36, 556, 0, 500
0.090176, -79, 534, 0, 500
0.090378, 50, 402, 0, 500
0.090578, 43, 461, 0, 500
0.090778, -22, 550, 0, 500
0.090978, -38, 480, 0, 500
0.091176, 14, 443, 0, 500
0.091378, 40, 494, 0, 500
0.091578, -24, 516, 0, 500
0.091776, -4, 464, 0, 500
0.091976, 111, 423, 0, 500
0.092178, -92, 518, 0, 500
0.092378, -52, 538, 0, 500
0.092578, 65, 469, 0, 500
0.092778, 20, 491, 0, 500
0.092978, -62, 480, 0, 500
0.093176, -28, 510, 0, 500
0.093378, 92, 471, 0, 500
0.093578, 4, 474, 0, 500
0.093778, -42, 473, 0, 500
0.093978, -26, 575, 0, 500
0.094178, 45, 442, 0, 500
0.094378, 20, 442, 0, 500
0.094578, -23, 474, 0, 500
0.094776, -29, 524, 0, 500
0.094978, 46, 454, 0, 500
0.095178, 8, 487, 0, 500
0.095378, -53, 524, 0, 500
0.095578, 0, 477, 0, 500
0.095778, 52, 426, 0, 500
0.095978, -4, 516, 0, 500
0.096178, -25, 556, 0, 500
0.096378, 10, 435, 0, 500
0.096576, 5, 422, 0, 500
0.096776, -13, 529, 0, 500
0.096978, -8, 554, 0, 500
0.097176, 16, 478, 0, 500
0.097378, 11, 369, 0, 500
0.097578, -4, 516, 0, 500
0.097778, -33, 614, 0, 500
0.097976, 19, 452, 0, 500
0.098176, -7, 439, 0, 500
0.098378, 5, 461, 0, 500
0.098578, 45, 519, 0, 500
0.098778, -1, 477, 0, 500
0.098978, -40, 470, 0, 500
0.099176, -2, 507, 0, 500
0.099378, 40, 494, 0, 500
0.099578, 0, 464, 0, 500
0.099778, -32, 477, 0, 500
0.099978, -10, 517, 0, 500
0.000176, 48, 452, 0, 500
0.000378, -3, 477, 0, 500
0.000578, -74, 510, 0, 500
0.000778, 8, 595, 0, 500
0.000978, 22, 439, 0, 500
0.001178, 53, 389, 0, 500
0.001376, -39, 529, 0, 500
0.001576, -39, 591, 0, 500
0.001778, 48, 428, 0, 500
0.001978, 27, 364, 0, 500
0.002176, -14, 542, 0, 500
0.002378, -62, 586, 0, 500
0.002578, 22, 490, 0, 500
0.002776, 59, 359, 0, 500
0.002978, -36, 556, 0, 500
0.003178, -6, 542, 0, 500
0.003378, -26, 474, 0, 500
0.003576, -21, 458, 0, 500
0.003778, 43, 479, 0, 500
0.003976, 42, 455, 0, 500
0.004178, -113, 555, 0, 500
0.004376, 0, 474, 0, 500
0.004578, 141, 410, 0, 500
0.004778, -46, 499, 0, 500
0.004978, -88, 519, 0, 500
0.005176, 36, 494, 0, 500
0.005378, 93, 432, 0, 500
0.005578, -46, 535, 0, 500
0.005776, -97, 517, 0, 500
0.005978, 25, 475, 0, 500
0.006178, 117, 421, 0, 500
0.006378, -68, 532, 0, 500
0.006576, -97, 517, 0, 500
0.006778, 65, 469, 0, 500
0.006978, 91, 433, 0, 500
0.007178, -51, 499, 0, 500
0.007378, -46, 499, 0, 500
0.007578, 0, 539, 0, 500
0.007778, 65, 469, 0, 500
0.007976, -4, 424, 0, 500
0.008178, -45, 496, 0, 500
0.008378, 40, 520, 0, 500
0.008578, 42, 468, 0, 500
0.008778, -73, 495, 0, 500
0.008978, -3, 477, 0, 500
0.009176, 39, 481, 0, 500
0.009376, 39, 462, 0, 500
0.009576, -79, 534, 0, 500
0.009778, -31, 491, 0, 500
0.009976, 87, 433, 0, 500
0.010178, 20, 491, 0, 500
0.010378, -24, 463, 0, 500
0.010578, -45, 496, 0, 500
0.010778, -18, 583, 0, 500
0.010976, 89, 433, 0, 500
0.011178, -22, 434, 0, 500
0.011378, -72, 535, 0, 500
0.011578, 37, 533, 0, 500
0.011778, 24, 464, 0, 500
0.011978, -28, 396, 0, 500
0.012178, 2, 516, 0, 500
0.012378, 12, 582, 0, 500
0.012576, -6, 428, 0, 500
0.012778, 3, 424, 0, 500
0.012978, -2, 552, 0, 500
0.013178, -5, 529, 0, 500
0.013378, 5, 424, 0, 500
0.013578, 4, 474, 0, 500
0.013776, -3, 513, 0, 500
0.013978, 16, 530, 0, 500
0.014176, -1, 437, 0, 500
0.014378, -64, 506, 0, 500
0.014578, 11, 494, 0, 500
0.014778, 66, 533, 0, 500
0.014976, 17, 397, 0, 500
0.015176, -96, 468, 0, 500
0.015388, -17, 568, 0, 500
0.015576, 91, 469, 0, 500
0.015778, 8, 435, 0, 500
0.015978, -110, 516, 0, 500
0.016178, 40, 520, 0, 500
0.016378, 89, 459, 0, 500
0.016578, -40, 470, 0, 500
0.016778, -92, 518, 0, 500
0.016976, 17, 527, 0, 500
0.017178, 145, 409, 0, 500
0.017378, -51, 499, 0, 500
0.017578, -98, 521, 0, 500
0.017778, 13, 465, 0, 500
0.017978, 165, 401, 0, 500
0.018176, -95, 517, 0, 500
0.018378, -48, 499, 0, 500
0.018578, 16, 530, 0, 500
0.018776, 42, 455, 0, 500
0.018978, -37, 431, 0, 500
0.019178, -40, 496, 0, 500
0.019378, 53, 538, 0, 500
0.019578, 48, 454, 0, 500
0.019778, -46, 446, 0, 500
0.019978, -29, 540, 0, 500
0.020178, 46, 454, 0, 500
0.020378, 5, 450, 0, 500
0.020578, -68, 532, 0, 500
0.020776, 6, 556, 0, 500
0.020978, 66, 420, 0, 500
0.021178, 5, 424, 0, 500
0.021376, -85, 573, 0, 500
0.021578, 40, 520, 0, 500
0.021778, 47, 415, 0, 500
0.021978, -36, 444, 0, 500
0.022176, -35, 553, 0, 500
0.022378, 38, 520, 0, 500
0.022578, 47, 422, 0, 500
0.022778, -30, 467, 0, 500
0.022978, -69, 572, 0, 500
0.023178, 44, 455, 0, 500
0.023378, 50, 452, 0, 500
0.023578, -29, 451, 0, 500
0.023778, -41, 519, 0, 500
0.023976, 34, 533, 0, 500
0.024178, 52, 452, 0, 500
0.024378, -37, 457, 0, 500
0.024578, -24, 513, 0, 500
0.024776, -35, 552, 0, 500
0.024978, 14, 530, 0, 500
0.025178, 151, 343, 0, 500
0.025378, -44, 447, 0, 500
0.025578, -145, 632, 0, 500
0.025778, 39, 507, 0, 500
0.025978, 97, 367, 0, 500
0.026178, -20, 386, 0, 500
0.026378, -122, 659, 0, 500
0.026576, 51, 538, 0, 500
0.026778, 97, 393, 0, 500
0.026976, -41, 391, 0, 500
0.027178, -118, 620, 0, 500
0.027378, 85, 498, 0, 500
0.027578, 82, 450, 0, 500
0.027778, -47, 458, 0, 500
0.027978, -75, 522, 0, 500
0.028178, 42, 530, 0, 500
0.028378, 19, 478, 0, 500
0.028578, -17, 471, 0, 500
0.028778, -18, 536, 0, 500
0.028978, 46, 454, 0, 500
0.029176, 44, 429, 0, 500
0.029378, -51, 505, 0, 500
0.029578, -32, 578, 0, 500
0.029776, 0, 496, 0, 500
0.029978, 55, 350, 0, 500
0.030178, -3, 477, 0, 500
0.030378, -83, 639, 0, 500
0.030578, 17, 491, 0, 500
0.030778, -209, 546, 0, 500
0.030976, 138, 335, 0, 500
0.031178, 173, 494, 0, 500
0.031378, -99, 587, 0, 500
0.031576, -140, 513, 0, 500
0.031776, 69, 372, 0, 500
0.031978, 114, 522, 0, 500
0.032178, -127, 622, 0, 500
0.032378, -37, 394, 0, 500
0.032576, 140, 360, 0, 500
0.032776, 5, 595, 0, 500
0.032976, -134, 634, 0, 500
0.033178, -20, 408, 0, 500
0.033378, 122, 342, 0, 500
0.033576, 12, 579, 0, 500
0.033778, -99, 596, 0, 500
0.033978, -19, 421, 0, 500
0.034178, 10, 409, 0, 500
0.034376, 67, 667, 0, 500
0.034578, -20, 471, 0, 500
0.034778, -35, 368, 0, 500
0.034978, -23, 510, 0, 500
0.035176, 79, 537, 0, 500
0.035378, -29, 513, 0, 500
0.035778, 47, 441, 0, 500
0.035976, 8, 569, 0, 500
0.036178, -21, 510, 0, 500
0.036378, -23, 447, 0, 500
0.036578, 67, 443, 0, 500
0.036778, 1, 513, 0, 500
0.036978, -65, 529, 0, 500
0.037176, 44, 429, 0, 500
0.037378, 17, 491, 0, 500
0.037578, -27, 513, 0, 500
0.037776, -22, 507, 0, 500
0.037978, 58, 311, 0, 500
0.038178, -2, 552, 0, 500
0.038378, -65, 655, 0, 500
0.038578, -16, 484, 0, 500
0.038778, 53, 349, 0, 500
0.038978, 59, 323, 0, 500
0.039178, -82, 705, 0, 500
0.039378, -56, 615, 0, 500
0.039578, 76, 364, 0, 500
0.039778, 62, 334, 0, 500
0.039978, -76, 623, 0, 500
0.040178, -36, 617, 0, 500
0.040378, 122, 369, 0, 500
0.040578, -36, 418, 0, 500
0.040778, -110, 552, 0, 500
0.040978, 58, 573, 0, 500
0.041178, 91, 457, 0, 500
0.041378, 56, 337, 0, 500
0.041576, -101, 520, 0, 500
0.041778, -54, 600, 0, 500
0.041978, 93, 432, 0, 500
0.042178, -7, 390, 0, 500
0.042378, -42, 516, 0, 500
0.042578, -34, 630, 0, 500
0.042778, 71, 430, 0, 500
0.042978, -12, 356, 0, 500
0.043176, -101, 583, 0, 500
0.043378, 19, 592, 0, 500
0.043578, 120, 407, 0, 500
0.043778, -61, 428, 0, 500
0.043978, -77, 535, 0, 500
0.044178, 51, 527, 0, 500
0.044378, 65, 469, 0, 500
0.044578, 1, 424, 0, 500
0.044778, -49, 538, 0, 500
0.044978, -22, 550, 0, 500
0.045178, 48, 428, 0, 500
0.045378, -2, 452, 0, 500
0.045578, -35, 578, 0, 500
0.045776, -26, 510, 0, 500
0.045978, 24, 438, 0, 500
0.046178, -2, 452, 0, 500
0.046378, -26, 575, 0, 500
0.046578, 44, 455, 0, 500
0.046778, 21, 429, 0, 500
0.046976, -50, 502, 0, 500
0.047176, -27, 554, 0, 500
0.047378, 46, 454, 0, 500
0.047578, 4, 448, 0, 500
0.047778, -9, 542, 0, 500
0.047978, -29, 513, 0, 500
0.048176, -6, 462, 0, 500
0.048378, 48, 454, 0, 500
0.048578, -27, 513, 0, 500
0.048776, -31, 512, 0, 500
0.048978, 20, 491, 0, 500
0.049178, 47, 441, 0, 500
0.049378, 0, 477, 0, 500
0.049578, -64, 612, 0, 500
0.049776, -2, 424, 0, 500
0.049976, 54, 387, 0, 500
0.050178, 0, 539, 0, 500
0.050376, -11, 542, 0, 500
0.050576, -6, 464, 0, 500
0.050776, -30, 473, 0, 500
0.050976, 10, 468, 0, 500
0.051178, 40, 494, 0, 500
0.051378, -3, 477, 0, 500
0.051578, -38, 470, 0, 500
0.051778, 135, 450, 0, 500
0.051978, -52, 538, 0, 500
0.052178, -137, 532, 0, 500
0.052378, 60, 397, 0, 500
0.052578, 83, 523, 0, 500
0.052778, -76, 561, 0, 500
0.052978, -58, 435, 0, 500
0.053178, 116, 409, 0, 500
0.053378, 14, 556, 0, 500
0.053578, -78, 574, 0, 500
0.053778, -63, 431, 0, 500
0.053978, 99, 367, 0, 500
0.054178, 40, 582, 0, 500
0.054378, -97, 576, 0, 500
0.054578, 3, 424, 0, 500
0.054778, 42, 456, 0, 500
0.054978, -18, 572, 0, 500
0.055178, -58, 484, 0, 500
0.055376, 44, 390, 0, 500
0.055578, 92, 497, 0, 500
0.055778, -137, 603, 0, 500
0.055978, -14, 484, 0, 500
0.056178, 119, 420, 0, 500
0.056378, 5, 461, 0, 500
0.056578, -116, 554, 0, 500
0.056778, -17, 507, 0, 500
0.056978, 112, 447, 0, 500
0.057176, -28, 510, 0, 500
0.057378, -117, 541, 0, 500
0.057578, 68, 455, 0, 500
0.057776, 94, 443, 0, 500
0.057978, -68, 559, 0, 500
0.058178, -75, 522, 0, 500
0.058376, 65, 443, 0, 500
0.058576, 111, 429, 0, 500
0.058778, -104, 549, 0, 500
0.058978, -48, 499, 0, 500
0.059178, 92, 420, 0, 500
0.059376, -10, 502, 0, 500
0.059576, -53, 498, 0, 500
0.059776, 10, 481, 0, 500
0.059978, 44, 455, 0, 500
0.060178, -22, 513, 0, 500
0.060378, -46, 524, 0, 500
0.060578, 45, 442, 0, 500
0.060778, -3, 477, 0, 500
0.060978, 3, 487, 0, 500
0.061176, -61, 526, 0, 500
0.061378, 48, 480, 0, 500
0.061578, 56, 451, 0, 500
0.061778, 4, 437, 0, 500
0.061978, -83, 520, 0, 500
0.062178, -26, 575, 0, 500
0.062378, 55, 612, 0, 500
0.062578, 46, 335, 0, 500
0.062778, -34, 369, 0, 500
0.062976, -38, 579, 0, 500
0.063178, 14, 592, 0, 500
0.063378, 28, 462, 0, 500
0.063578, -20, 408, 0, 500
0.063778, 2, 474, 0, 500
0.063978, 16, 595, 0, 500
0.064178, -40, 490, 0, 500
0.064378, -6, 403, 0, 500
0.064576, -16, 542, 0, 500
0.064778, 41, 533, 0, 500
0.064976, 15, 491, 0, 500
0.065178, -34, 405, 0, 500
0.065378, -3, 477, 0, 500
0.065578, 39, 559, 0, 500
0.065778, -2, 490, 0, 500
0.065976, 0, 411, 0, 500
0.066178, -24, 513, 0, 500
0.066376, -14, 567, 0, 500
0.066578, 45, 442, 0, 500
0.066776, 3, 379, 0, 500
0.066978, -65, 591, 0, 500
0.067176, -26, 572, 0, 500
0.067376, 68, 417, 0, 500
0.067578, 10, 409, 0, 500
0.067778, -48, 525, 0, 500
0.067978, 16, 569, 0, 500
0.068178, 44, 455, 0, 500
0.068378, -45, 433, 0, 500
0.068578, -27, 513, 0, 500
0.068778, 17, 553, 0, 500
0.068978, -41, 457, 0, 500
0.069178, 50, 428, 0, 500
0.069378, 22, 490, 0, 500
0.069578, -30, 578, 0, 500
0.069776, -30, 499, 0, 500
0.069978, 59, 386, 0, 500
0.070178, -16, 510, 0, 500
0.070378, -59, 592, 0, 500
0.070578, 22, 464, 0, 500
0.070778, 42, 413, 0, 500
0.070978, -1, 477, 0, 500
0.071178, -77, 597, 0, 500
0.071378, 23, 477, 0, 500
0.071578, 3, 461, 0, 500
0.071778, -29, 451, 0, 500
0.071978, 45, 493, 0, 500
0.072178, 39, 559, 0, 500
0.072378, -63, 527, 0, 500
0.072576, -53, 422, 0, 500
0.072778, 76, 433, 0, 500
0.072978, 16, 569, 0, 500
0.073178, -52, 538, 0, 500
0.073378, 5, 424, 0, 500
0.073576, 19, 452, 0, 500
0.073778, 20, 491, 0, 500
0.073978, 44, 532, 0, 500
0.074178, -47, 486, 0, 500
0.074376, -51, 459, 0, 500
0.074578, 17, 556, 0, 500
0.074778, 54, 451, 0, 500
0.074978, 2, 437, 0, 500
0.075178, -46, 499, 0, 500
0.075378, -20, 513, 0, 500
0.075576, 35, 520, 0, 500
0.075778, 22, 464, 0, 500
0.075978, 4, 437, 0, 500
0.076178, -40, 496, 0, 500
0.076376, -35, 552, 0, 500
0.076578, 67, 494, 0, 500
0.076778, 52, 402, 0, 500
0.076978, -119, 531, 0, 500
0.077178, -34, 530, 0, 500
0.077378, 115, 446, 0, 500
0.077778, -113, 555, 0, 500
0.077976, -6, 483, 0, 500
0.078178, 139, 411, 0, 500
0.078378, -40, 496, 0, 500
0.078578, -115, 541, 0, 500
0.078778, 56, 449, 0, 500
0.078978, 50, 452, 0, 500
0.079178, -6, 542, 0, 500
0.079378, -59, 526, 0, 500
0.079578, 22, 442, 0, 500
0.079776, 16, 478, 0, 500
0.079978, 46, 454, 0, 500
0.080178, -70, 575, 0, 500
0.080376, -31, 512, 0, 500
0.080578, 66, 394, 0, 500
0.080778, 20, 491, 0, 500
0.080978, -49, 538, 0, 500
0.081178, -34, 493, 0, 500
0.081378, 20, 491, 0, 500
0.081578, 61, 436, 0, 500
0.081778, -26, 501, 0, 500
0.081978, -47, 539, 0, 500
0.082178, 46, 454, 0, 500
0.082378, 48, 454, 0, 500
0.082578, -66, 523, 0, 500
0.082778, -27, 539, 0, 500
0.082978, 94, 419, 0, 500
0.083178, -27, 513, 0, 500
0.083378, -73, 522, 0, 500
0.083578, 7, 461, 0, 500
0.083778, 66, 446, 0, 500
0.083978, -97, 601, 0, 500
0.084178, 5, 461, 0, 500
0.084376, 114, 409, 0, 500
0.084576, -38, 578, 0, 500
0.084778, -74, 535, 0, 500
0.084978, 0, 400, 0, 500
0.085178, 54, 400, 0, 500
0.085378, 11, 595, 0, 500
0.085578, -48, 561, 0, 500
0.085778, -20, 461, 0, 500
0.085978, 52, 376, 0, 500
0.086178, 42, 520, 0, 500
0.086378, -73, 620, 0, 500
0.086578, 3, 424, 0, 500
0.086778, 68, 394, 0, 500
0.086978, -6, 542, 0, 500
0.087178, -75, 574, 0, 500
0.087378, 48, 428, 0, 500
0.087578, 46, 428, 0, 500
0.087778, 0, 477, 0, 500
0.087978, -45, 562, 0, 500
0.088178, -10, 481, 0, 500
0.088378, 33, 474, 0, 500
0.088578, -18, 510, 0, 500
0.088778, -26, 500, 0, 500
0.088978, -1, 491, 0, 500
0.089178, -69, 536, 0, 500
0.089378, 98, 393, 0, 500
0.089578, 50, 452, 0, 500
0.089778, -50, 551, 0, 500
0.089978, -48, 499, 0, 500
0.090178, 42, 368, 0, 500
0.090378, 89, 510, 0, 500
0.090578, -67, 618, 0, 500
0.090778, -40, 447, 0, 500
0.090978, 22, 439, 0, 500
0.091178, 20, 527, 0, 500
0.091378, 39, 489, 0, 500
0.091578, -70, 483, 0, 500
0.091778, 28, 463, 0, 500
0.091978, 92, 471, 0, 500
0.092178, -77, 600, 0, 500
0.092378, -68, 448, 0, 500
0.092578, 66, 394, 0, 500
0.092778, 38, 520, 0, 500
0.092976, -62, 590, 0, 500
0.093178, 0, 450, 0, 500
0.093378, -10, 458, 0, 500
0.093578, 20, 491, 0, 500
0.093778, -24, 549, 0, 500
0.093978, -24, 513, 0, 500
0.094178, 52, 402, 0, 500
0.094378, 3, 477, 0, 500
0.094576, -11, 542, 0, 500
0.094778, -55, 548, 0, 500
0.094978, 31, 449, 0, 500
0.095178, 45, 441, 0, 500
0.095378, -23, 510, 0, 500
0.095578, -71, 598, 0, 500
0.095776, 48, 390, 0, 500
0.095978, 14, 451, 0, 500
0.096176, -36, 538, 0, 500
0.096378, 8, 534, 0, 500
0.096578, 48, 454, 0, 500
0.096776, 0, 424, 0, 500
0.096978, -71, 598, 0, 500
0.097178, -1, 513, 0, 500
0.097378, 50, 453, 0, 500
0.097578, 52, 402, 0, 500
0.097778, -82, 516, 0, 500
0.097978, -36, 556, 0, 500
0.098178, 35, 508, 0, 500
0.098378, 46, 428, 0, 500
0.098578, -1, 450, 0, 500
0.098778, -72, 535, 0, 500
0.098978, 40, 520, 0, 500
0.099178, 32, 487, 0, 500
0.099378, -14, 433, 0, 500
0.099578, -68, 532, 0, 500
0.099778, 27, 512, 0, 500
0.099978, 53, 439, 0, 500
0.000178, -22, 487, 0, 500
0.000378, -43, 524, 0, 500
0.000576, 39, 481, 0, 500
0.000778, 16, 468, 0, 500
0.000978, -43, 508, 0, 500
0.001178, -24, 513, 0, 500
0.001378, 50, 452, 0, 500
0.001578, 10, 471, 0, 500
0.001778, -72, 571, 0, 500
0.001978, 1, 486, 0, 500
0.002176, 65, 443, 0, 500
0.002378, -28, 500, 0, 500
0.002578, -39, 493, 0, 500
0.002778, 42, 494, 0, 500
0.002978, 14, 468, 0, 500
0.003178, -40, 496, 0, 500
0.003378, 3, 513, 0, 500
0.003578, 20, 466, 0, 500
0.003778, -16, 484, 0, 500
0.003978, -26, 500, 0, 500
0.004178, 22, 492, 0, 500
0.004378, -1, 413, 0, 500
0.004578, -22, 549, 0, 500
0.004778, 45, 519, 0, 500
0.004978, -15, 471, 0, 500
0.005178, -44, 498, 0, 500
0.005378, 48, 454, 0, 500
0.005578, 28, 465, 0, 500
0.005778, -46, 535, 0, 500
0.005978, -31, 491, 0, 500
0.006178, 40, 450, 0, 500
0.006378, 14, 530, 0, 500
0.006578, 9, 468, 0, 500
0.006778, -21, 500, 0, 500
0.006978, 24, 440, 0, 500
0.007178, -18, 540, 0, 500
0.007378, 1, 513, 0, 500
0.007578, 25, 451, 0, 500
0.007778, 0, 450, 0, 500
0.007978, -57, 566, 0, 500
0.008178, -1, 502, 0, 500
0.008378, 65, 469, 0, 500
0.008578, 6, 448, 0, 500
0.008778, -44, 499, 0, 500
0.008978, 49, 543, 0, 500
0.009178, 0, 450, 0, 500
0.009378, -70, 483, 0, 500
0.009578, 15, 517, 0, 500
0.009778, 64, 533, 0, 500
0.009978, -20, 461, 0, 500
0.010178, -66, 470, 0, 500
0.010378, 20, 491, 0, 500
0.010578, 29, 548, 0, 500
0.010778, -20, 487, 0, 500
0.010978, -24, 438, 0, 500
0.011178, 52, 452, 0, 500
0.011378, 13, 534, 0, 500
0.011578, -60, 536, 0, 500
0.011778, 0, 464, 0, 500
0.011978, 97, 431, 0, 500
0.012178, -48, 525, 0, 500
0.012378, -48, 499, 0, 500
0.012578, 48, 454, 0, 500
0.012778, 0, 528, 0, 500
0.012976, -8, 503, 0, 500
0.013178, -25, 487, 0, 500
0.013378, 24, 464, 0, 500
0.013578, -21, 510, 0, 500
0.013778, -24, 513, 0, 500
0.013978, 50, 428, 0, 500
0.014178, 20, 491, 0, 500
0.014378, -45, 562, 0, 500
0.014578, -27, 513, 0, 500
0.014778, 26, 438, 0, 500
0.014978, 26, 439, 0, 500
0.015178, 0, 483, 0, 500
0.015378, -72, 611, 0, 500
0.015578, 6, 474, 0, 500
0.015778, 42, 381, 0, 500
0.015976, -1, 474, 0, 500
0.016178, -26, 608, 0, 500
0.016378, -9, 504, 0, 500
0.016578, 59, 386, 0, 500
0.016776, -31, 512, 0, 500
0.016978, -65, 589, 0, 500
0.017178, 26, 488, 0, 500
0.017378, 60, 399, 0, 500
0.017578, -15, 497, 0, 500
0.017778, -75, 574, 0, 500
0.017978, 21, 478, 0, 500
0.018178, 50, 428, 0, 500
0.018378, 6, 474, 0, 500
0.018578, -31, 565, 0, 500
0.018778, 6, 464, 0, 500
0.018978, -22, 461, 0, 500
0.019178, 42, 468, 0, 500
0.019378, -22, 549, 0, 500
0.019578, -24, 513, 0, 500
0.019778, 53, 415, 0, 500
0.019978, -1, 477, 0, 500
0.020178, -48, 552, 0, 500
0.020378, 56, 401, 0, 500
0.020578, 9, 510, 0, 500
0.020778, -71, 591, 0, 500
0.020978, 12, 461, 0, 500
0.021178, 51, 389, 0, 500
0.021378, -26, 575, 0, 500
0.021578, -28, 552, 0, 500
0.021778, 12, 445, 0, 500
0.021978, 24, 438, 0, 500
0.022178, 4, 474, 0, 500
0.022378, -30, 578, 0, 500
0.022578, -21, 510, 0, 500
0.022778, 38, 365, 0, 500
0.022978, -33, 617, 0, 500
0.023178, 17, 491, 0, 500
0.023378, 60, 349, 0, 500
0.023578, -67, 519, 0, 500
0.023778, -7, 581, 0, 500
0.023978, 48, 491, 0, 500
0.024178, 10, 409, 0, 500
0.024378, -43, 486, 0, 500
0.024578, -26, 575, 0, 500
0.024778, 43, 505, 0, 500
0.024978, 56, 399, 0, 500
0.025178, -44, 447, 0, 500
0.025378, -71, 598, 0, 500
0.025578, 40, 520, 0, 500
0.025778, 52, 376, 0, 500
0.026178, -83, 639, 0, 500
0.026378, -7, 544, 0, 500
0.026578, 176, 269, 0, 500
0.026778, -66, 532, 0, 500
0.026978, -101, 616, 0, 500
0.027178, 42, 456, 0, 500
0.027378, 93, 432, 0, 500
0.027578, -72, 535, 0, 500
0.027778, -44, 499, 0, 500
0.027978, 20, 527, 0, 500
0.028178, 95, 431, 0, 500
0.028378, -72, 535, 0, 500
0.028578, -92, 507, 0, 500
0.028778, 97, 431, 0, 500
0.028978, 41, 543, 0, 500
0.029178, -46, 499, 0, 500
0.029378, -67, 509, 0, 500
0.029578, 100, 392, 0, 500
0.029778, -21, 536, 0, 500
0.029978, -46, 535, 0, 500
0.030178, -4, 452, 0, 500
0.030378, 51, 441, 0, 500
0.030578, 45, 493, 0, 500
0.030778, -67, 556, 0, 500
0.030978, 2, 437, 0, 500
0.031178, -21, 510, 0, 500
0.031378, 72, 504, 0, 500
0.031578, 12, 445, 0, 500
0.031778, -82, 506, 0, 500
0.031978, 41, 533, 0, 500
0.032178, 20, 491, 0, 500
0.032378, -19, 448, 0, 500
0.032576, 0, 411, 0, 500
0.032778, -2, 590, 0, 500
0.032978, -26, 575, 0, 500
0.033178, 13, 369, 0, 500
0.033378, 48, 428, 0, 500
0.033578, -26, 575, 0, 500
0.033778, -44, 549, 0, 500
0.033978, 26, 438, 0, 500
0.034178, 52, 402, 0, 500
0.034378, -34, 556, 0, 500
0.034578, 17, 556, 0, 500
0.034778, 9, 422, 0, 500
0.034978, -20, 435, 0, 500
0.035178, 7, 510, 0, 500
0.035378, -26, 601, 0, 500
0.035578, -46, 473, 0, 500
0.035778, 73, 380, 0, 500
0.035978, 17, 556, 0, 500
0.036178, -44, 549, 0, 500
0.036378, -24, 389, 0, 500
0.036578, 55, 412, 0, 500
0.036778, 19, 595, 0, 500
0.036978, -61, 618, 0, 500
0.037178, 9, 372, 0, 500
0.037378, 30, 386, 0, 500
0.037578, 26, 542, 0, 500
0.037778, -74, 640, 0, 500
0.037978, -22, 461, 0, 500
0.038178, 61, 347, 0, 500
0.038378, 32, 547, 0, 500
0.038578, -70, 621, 0, 500
0.038778, -12, 412, 0, 500
0.038978, 13, 419, 0, 500
0.039178, 25, 553, 0, 500
0.039378, 14, 547, 0, 500
0.039578, 6, 372, 0, 500
0.039778, -40, 470, 0, 500
0.039978, 0, 578, 0, 500
0.040178, 17, 556, 0, 500
0.040378, 19, 363, 0, 500
0.040578, 2, 437, 0, 500
0.040778, -4, 581, 0, 500
0.040978, -23, 552, 0, 500
0.041178, -14, 458, 0, 500
0.041378, 44, 430, 0, 500
0.041578, 11, 465, 0, 500
0.041778, -33, 552, 0, 500
0.041978, 2, 516, 0, 500
0.042178, 50, 428, 0, 500
0.042378, -24, 465, 0, 500
0.042578, -27, 578, 0, 500
0.042778, -3, 477, 0, 500
0.042976, 13, 455, 0, 500
0.043178, 12, 521, 0, 500
0.043378, -20, 504, 0, 500
0.043578, -110, 516, 0, 500
0.043778, 74, 467, 0, 500
0.043978, 117, 446, 0, 500
0.044178, -41, 499, 0, 500
0.044378, -123, 536, 0, 500
0.044578, 25, 516, 0, 500
0.044778, 145, 409, 0, 500
0.044978, -64, 497, 0, 500
0.045178, -92, 544, 0, 500
0.045378, 27, 501, 0, 500
0.045578, 67, 468, 0, 500
0.045778, -18, 510, 0, 500
0.045978, -66, 506, 0, 500
0.046178, 54, 451, 0, 500
0.046378, 24, 490, 0, 500
0.046578, -74, 535, 0, 500
0.046778, 13, 464, 0, 500
0.046978, 20, 491, 0, 500
0.047178, -27, 513, 0, 500
0.047378, -15, 507, 0, 500
0.047578, 3, 476, 0, 500
0.047778, 29, 451, 0, 500
0.047978, -23, 536, 0, 500
0.048178, 3, 470, 0, 500
0.048378, 22, 490, 0, 500
0.048578, 11, 500, 0, 500
0.048778, -41, 483, 0, 500
0.048978, -27, 513, 0, 500
0.049178, 93, 439, 0, 500
0.049378, -23, 536, 0, 500
0.049578, -71, 497, 0, 500
0.049778, -21, 510, 0, 500
0.049976, 87, 458, 0, 500
0.050178, 23, 429, 0, 500
0.050378, -82, 516, 0, 500
0.050578, -33, 617, 0, 500
0.050778, 97, 406, 0, 500
0.050978, -12, 432, 0, 500
0.051178, -72, 575, 0, 500
0.051378, 19, 497, 0, 500
0.051578, 95, 432, 0, 500
0.051778, -52, 527, 0, 500
0.051978, -69, 536, 0, 500
0.052178, 48, 454, 0, 500
0.052378, 54, 451, 0, 500
0.052578, -40, 496, 0, 500
0.052778, -72, 535, 0, 500
0.052978, 64, 446, 0, 500
0.053178, 52, 452, 0, 500
0.053378, -54, 527, 0, 500
0.053578, -40, 496, 0, 500
0.053778, 44, 455, 0, 500
0.053978, 54, 451, 0, 500
0.054178, -76, 587, 0, 500
0.054378, -41, 483, 0, 500
0.054578, 58, 399, 0, 500
0.054778, 33, 518, 0, 500
0.054978, -44, 539, 0, 500
0.055178, -74, 508, 0, 500
0.055378, 97, 406, 0, 500
0.055578, 59, 488, 0, 500
0.055776, -102, 596, 0, 500
0.055978, -40, 470, 0, 500
0.056178, 94, 419, 0, 500
0.056378, 11, 556, 0, 500
0.056578, -43, 486, 0, 500
0.056778, 2, 437, 0, 500
0.056978, 23, 553, 0, 500
0.057178, 0, 477, 0, 500
0.057378, -35, 457, 0, 500
0.057578, 5, 461, 0, 500
0.057778, -15, 609, 0, 500
0.057978, 44, 455, 0, 500
0.058378, -33, 480, 0, 500
0.058578, 0, 539, 0, 500
0.058778, 27, 512, 0, 500
0.058978, 20, 491, 0, 500
0.059178, -6, 456, 0, 500
0.059378, 0, 464, 0, 500
0.059578, -6, 542, 0, 500
0.059778, -16, 586, 0, 500
0.059978, -39, 429, 0, 500
0.060178, 55, 350, 0, 500
0.060378, 14, 582, 0, 500
0.060578, -67, 621, 0, 500
0.060778, 5, 398, 0, 500
0.060978, 58, 399, 0, 500
0.061178, 2, 526, 0, 500
0.061378, -54, 564, 0, 500
0.061578, 0, 477, 0, 500
0.061778, 36, 417, 0, 500
0.061978, -4, 483, 0, 500
0.062178, -71, 598, 0, 500
0.062378, 20, 491, 0, 500
0.062578, 71, 404, 0, 500
0.062778, -26, 500, 0, 500
0.062978, -62, 529, 0, 500
0.063178, 40, 520, 0, 500
0.063378, 44, 455, 0, 500
0.063578, -27, 451, 0, 500
0.063778, 2, 516, 0, 500
0.063978, 1, 513, 0, 500
0.064178, 0, 477, 0, 500
0.064378, 5, 477, 0, 500
0.064578, 14, 471, 0, 500
0.064778, 0, 477, 0, 500
0.064978, -59, 592, 0, 500
0.065178, 22, 449, 0, 500
0.065378, 58, 399, 0, 500
0.065578, -63, 533, 0, 500
0.065778, -31, 530, 0, 500
0.065978, 63, 453, 0, 500
0.066178, 29, 450, 0, 500
0.066378, -49, 538, 0, 500
0.066578, -25, 552, 0, 500
0.066778, 27, 477, 0, 500
0.066978, 30, 439, 0, 500
0.067178, 1, 464, 0, 500
0.067378, -30, 578, 0, 500
0.067578, -19, 485, 0, 500
0.067778, 21, 416, 0, 500
0.067978, 6, 560, 0, 500
0.068178, -40, 496, 0, 500
0.068378, -10, 484, 0, 500
0.068578, 48, 454, 0, 500
0.068776, -4, 464, 0, 500
0.068978, -49, 538, 0, 500
0.069178, 14, 556, 0, 500
0.069378, 77, 420, 0, 500
0.069578, -50, 475, 0, 500
0.069778, -48, 499, 0, 500
0.069976, 40, 530, 0, 500
0.070178, 28, 488, 0, 500
0.070378, -62, 480, 0, 500
0.070578, 9, 465, 0, 500
0.070778, 65, 546, 0, 500
0.070978, -23, 500, 0, 500
0.071178, -80, 454, 0, 500
0.071378, 17, 491, 0, 500
0.071578, 69, 537, 0, 500
0.071778, -20, 504, 0, 500
0.071978, -66, 470, 0, 500
0.072178, 35, 472, 0, 500
0.072378, 66, 507, 0, 500
0.072578, -29, 477, 0, 500
0.072778, -40, 486, 0, 500
0.072976, 9, 495, 0, 500
0.073178, 36, 511, 0, 500
0.073378, -3, 477, 0, 500
0.073578, -62, 513, 0, 500
0.073778, 90, 410, 0, 500
0.073978, -27, 578, 0, 500
0.074178, 0, 477, 0, 500
0.074378, -23, 500, 0, 500
0.074578, 6, 474, 0, 500
0.074776, 16, 478, 0, 500
0.074978, -24, 578, 0, 500
0.075178, -25, 487, 0, 500
0.075378, 39, 416, 0, 500
0.075578, -2, 488, 0, 500
0.075778, -35, 578, 0, 500
0.075978, 9, 474, 0, 500
0.076178, 24, 464, 0, 500
0.076378, -26, 500, 0, 500
0.076578, -38, 496, 0, 500
0.076778, 48, 454, 0, 500
0.076978, 3, 513, 0, 500
0.077178, -40, 473, 0, 500
0.077378, 50, 454, 0, 500
0.077578, -21, 510, 0, 500
0.077778, -28, 552, 0, 500
0.077978, 25, 477, 0, 500
0.078178, -17, 448, 0, 500
0.078378, -2, 552, 0, 500
0.078578, 11, 474, 0, 500
0.078778, -18, 510, 0, 500
0.078978, 10, 461, 0, 500
0.079178, 0, 477, 0, 500
0.079378, -8, 540, 0, 500
0.079578, 28, 440, 0, 500
0.079778, 1, 464, 0, 500
0.079978, -118, 620, 0, 500
0.080178, 22, 490, 0, 500
0.080378, 95, 405, 0, 500
0.080578, -14, 475, 0, 500
0.080778, -18, 463, 0, 500
0.080978, 1, 503, 0, 500
0.081178, 42, 520, 0, 500
0.081378, 5, 477, 0, 500
0.081578, -88, 524, 0, 500
0.081778, 23, 477, 0, 500
0.081978, 74, 467, 0, 500
0.082178, -24, 513, 0, 500
0.082378, -43, 486, 0, 500
0.082578, -14, 458, 0, 500
0.082778, 86, 511, 0, 500
0.082978, 5, 477, 0, 500
0.083178, -92, 508, 0, 500
0.083378, 13, 465, 0, 500
0.083578, 23, 553, 0, 500
0.083778, 23, 477, 0, 500
0.083978, -69, 470, 0, 500
0.084178, 20, 468, 0, 500
0.084378, 22, 592, 0, 500
0.084578, -18, 510, 0, 500
0.084778, 9, 372, 0, 500
0.084978, -27, 513, 0, 500
0.085178, 34, 559, 0, 500
0.085378, 3, 477, 0, 500
0.085578, -36, 459, 0, 500
0.085778, 4, 474, 0, 500
0.085978, 22, 555, 0, 500
0.086178, -23, 500, 0, 500
0.086378, 6, 435, 0, 500
0.086578, 18, 468, 0, 500
0.086778, -5, 555, 0, 500
0.086978, -2, 490, 0, 500
0.087178, -20, 487, 0, 500
0.087378, -23, 449, 0, 500
0.087578, 23, 553, 0, 500
0.087778, 49, 493, 0, 500
0.087978, -24, 438, 0, 500
0.088178, -36, 444, 0, 500
0.088378, -22, 592, 0, 500
0.088578, 17, 556, 0, 500
0.088778, 54, 376, 0, 500
0.088978, -42, 447, 0, 500
0.089178, -59, 592, 0, 500
0.089378, 61, 534, 0, 500
0.089578, 54, 402, 0, 500
0.089778, -67, 409, 0, 500
0.089978, -72, 611, 0, 500
0.090178, 93, 534, 0, 500
0.090378, 76, 428, 0, 500
0.090578, -103, 451, 0, 500
0.090778, -74, 597, 0, 500
0.090978, 110, 524, 0, 500
0.091178, 50, 389, 0, 500
0.091378, -129, 463, 0, 500
0.091578, -23, 601, 0, 500
0.091778, 136, 513, 0, 500
0.091978, -20, 435, 0, 500
0.092178, -85, 442, 0, 500
0.092378, 8, 539, 0, 500
0.092578, 20, 553, 0, 500
0.092778, 23, 477, 0, 500
0.092978, -17, 448, 0, 500
0.093178, 10, 461, 0, 500
0.093378, -3, 529, 0, 500
0.093578, -1, 503, 0, 500
0.093778, -3, 477, 0, 500
0.093978, 2, 474, 0, 500
0.094178, 3, 513, 0, 500
0.094376, 15, 491, 0, 500
0.094578, 0, 477, 0, 500
0.094778, -35, 431, 0, 500
0.094978, 43, 521, 0, 500
0.095178, -3, 565, 0, 500
0.095378, -57, 491, 0, 500
0.095578, 54, 356, 0, 500
0.095778, 16, 530, 0, 500
0.095978, -65, 631, 0, 500
0.096178, 17, 455, 0, 500
0.096378, 77, 352, 0, 500
0.096576, -67, 529, 0, 500
0.096778, -33, 617, 0, 500
0.096978, 29, 475, 0, 500
0.097178, 59, 386, 0, 500
0.097378, -12, 500, 0, 500
0.097578, -69, 537, 0, 500
0.097778, -1, 477, 0, 500
0.097978, 73, 480, 0, 500
0.098178, -24, 513, 0, 500
0.098378, -67, 509, 0, 500
0.098578, 69, 468, 0, 500
0.098778, 53, 441, 0, 500
0.098978, -92, 518, 0, 500
0.099178, -40, 496, 0, 500
0.099378, 113, 473, 0, 500
0.099578, -21, 536, 0, 500
0.099778, -46, 473, 0, 500
0.099978, -21, 510, 0, 500
0.000178, 24, 490, 0, 500
0.000378, 51, 441, 0, 500
0.000578, 121, 420, 0, 500
0.000776, -155, 607, 0, 500
0.000978, -92, 508, 0, 500
0.001178, 103, 428, 0, 500
0.001378, 92, 471, 0, 500
0.001578, -82, 516, 0, 500
0.001776, -103, 545, 0, 500
0.001978, 44, 473, 0, 500
0.002178, 91, 439, 0, 500
0.002378, -41, 503, 0, 500
0.002578, -69, 536, 0, 500
0.002778, 44, 455, 0, 500
0.002978, 46, 480, 0, 500
0.003178, -67, 575, 0, 500
0.003378, -22, 487, 0, 500
0.003578, 119, 420, 0, 500
0.003778, -24, 513, 0, 500
0.003978, -114, 561, 0, 500
0.004178, 20, 491, 0, 500
0.004378, 146, 408, 0, 500
0.004578, -51, 499, 0, 500
0.004776, -127, 556, 0, 500
0.004978, 39, 547, 0, 500
0.005178, 149, 356, 0, 500
0.005378, -61, 459, 0, 500
0.005578, -140, 607, 0, 500
0.005778, 111, 512, 0, 500
0.005978, 71, 442, 0, 500
0.006178, -83, 417, 0, 500
0.006378, -71, 598, 0, 500
0.006578, 86, 511, 0, 500
0.006778, -34, 444, 0, 500
0.006978, -60, 497, 0, 500
0.007178, 87, 536, 0, 500
0.007378, 48, 454, 0, 500
0.007578, -115, 505, 0, 500
0.007778, -18, 510, 0, 500
0.007978, 94, 463, 0, 500
0.008178, 97, 431, 0, 500
0.008378, -160, 577, 0, 500
0.008578, -55, 508, 0, 500
0.008778, 148, 407, 0, 500
0.008978, 50, 454, 0, 500
0.009178, -141, 544, 0, 500
0.009378, -31, 530, 0, 500
0.009578, 139, 411, 0, 500
0.009778, -1, 477, 0, 500
0.009978, -124, 557, 0, 500
0.010178, 52, 454, 0, 500
0.010378, 97, 431, 0, 500
0.010578, -70, 549, 0, 500
0.010778, -48, 499, 0, 500
0.011178, 57, 490, 0, 500
0.011378, -34, 493, 0, 500
0.011578, -68, 526, 0, 500
0.011778, 53, 516, 0, 500
0.011978, 17, 556, 0, 500
0.012178, -34, 395, 0, 500
0.012378, 4, 437, 0, 500
0.012578, 42, 559, 0, 500
0.012778, 1, 539, 0, 500
0.012978, -41, 460, 0, 500
0.013178, 8, 448, 0, 500
0.013378, 19, 530, 0, 500
0.013578, -18, 510, 0, 500
0.013778, -18, 510, 0, 500
0.013978, 51, 441, 0, 500
0.014178, -17, 497, 0, 500
0.014378, -64, 546, 0, 500
0.014578, 22, 490, 0, 500
0.014778, 70, 419, 0, 500
0.014978, -24, 491, 0, 500
0.015178, -21, 528, 0, 500
0.015378, -30, 578, 0, 500
0.015578, 21, 478, 0, 500
0.015778, -1, 439, 0, 500
0.015978, 12, 435, 0, 500
0.016178, -22, 585, 0, 500
0.016378, 7, 510, 0, 500
0.016578, 50, 402, 0, 500
0.016778, -24, 513, 0, 500
0.016978, -39, 556, 0, 500
0.017178, 23, 477, 0, 500
0.017378, 32, 436, 0, 500
0.017578, -24, 513, 0, 500
0.017778, -35, 506, 0, 500
0.017978, 48, 480, 0, 500
0.018178, 4, 474, 0, 500
0.018378, 37, 482, 0, 500
0.018578, -40, 523, 0, 500
0.018778, 4, 474, 0, 500
0.018978, 121, 420, 0, 500
0.019178, -44, 499, 0, 500
0.019378, -121, 623, 0, 500
0.019578, 37, 449, 0, 500
0.019778, 99, 404, 0, 500
0.019978, -44, 506, 0, 500
0.020178, -72, 571, 0, 500
0.020378, 20, 527, 0, 500
0.020578, 77, 415, 0, 500
0.020778, 4, 464, 0, 500
0.020978, -66, 523, 0, 500
0.021178, -22, 578, 0, 500
0.021378, 74, 467, 0, 500
0.021578, -11, 419, 0, 500
0.021778, -71, 522, 0, 500
0.021978, 23, 579, 0, 500
0.022178, 95, 432, 0, 500
0.022378, -49, 419, 0, 500
0.022578, -49, 538, 0, 500
0.022778, -26, 601, 0, 500
0.022978, 100, 379, 0, 500
0.023178, -24, 460, 0, 500
0.023378, -66, 602, 0, 500
0.023578, 1, 502, 0, 500
0.023778, 100, 391, 0, 500
0.023978, -2, 490, 0, 500
0.024178, -92, 571, 0, 500
0.024378, 48, 454, 0, 500
0.024578, 30, 488, 0, 500
0.024778, -4, 542, 0, 500
0.024978, -38, 470, 0, 500
0.025178, 28, 464, 0, 500
0.025378, -10, 544, 0, 500
0.025578, -23, 500, 0, 500
0.025778, 14, 434, 0, 500
0.025978, 52, 454, 0, 500
0.026178, -51, 564, 0, 500
0.026378, -52, 578, 0, 500
0.026578, 41, 443, 0, 500
0.026778, 61, 360, 0, 500
0.026978, -72, 535, 0, 500
0.027178, -39, 656, 0, 500
0.027378, 57, 414, 0, 500
0.027578, 60, 310, 0, 500
0.027778, -47, 578, 0, 500
0.027978, -60, 669, 0, 500
0.028178, 50, 428, 0, 500
0.028378, 60, 349, 0, 500
0.028578, -44, 499, 0, 500
0.028778, -31, 630, 0, 500
0.028978, -23, 510, 0, 500
0.029178, 34, 386, 0, 500
0.029378, 23, 477, 0, 500
0.029578, -1, 477, 0, 500
0.029778, -4, 542, 0, 500
0.029978, -1, 503, 0, 500
0.030178, 43, 463, 0, 500
0.030378, -39, 483, 0, 500
0.030578, -122, 557, 0, 500
0.030778, 144, 433, 0, 500
0.030978, 55, 464, 0, 500
0.031178, -145, 527, 0, 500
0.031378, 5, 477, 0, 500
0.031578, 3, 539, 0, 500
0.031778, 55, 438, 0, 500
0.031978, 9, 474, 0, 500
0.032178, -72, 535, 0, 500
0.032378, -22, 487, 0, 500
0.032578, 117, 448, 0, 500
0.032778, -28, 491, 0, 500
0.032978, -119, 558, 0, 500
0.033178, 17, 556, 0, 500
0.033378, 121, 419, 0, 500
0.033578, -23, 425, 0, 500
0.033778, -86, 532, 0, 500
0.033978, 43, 546, 0, 500
0.034178, 30, 488, 0, 500
0.034378, -50, 475, 0, 500
0.034578, 3, 450, 0, 500
0.034778, 53, 527, 0, 500
0.034978, 6, 490, 0, 500
0.035178, -43, 460, 0, 500
0.035378, 5, 477, 0, 500
0.035578, 41, 533, 0, 500
0.035778, -22, 513, 0, 500
0.035978, -42, 462, 0, 500
0.036178, 27, 477, 0, 500
0.036378, 25, 553, 0, 500
0.036578, -72, 509, 0, 500
0.036778, 81, 378, 0, 500
0.036978, -15, 573, 0, 500
0.037178, -38, 496, 0, 500
0.037378, -18, 487, 0, 500
0.037578, 50, 454, 0, 500
0.037778, 54, 451, 0, 500
0.037978, -118, 580, 0, 500
0.038178, -23, 526, 0, 500
0.038378, 98, 418, 0, 500
0.038578, 52, 428, 0, 500
0.038778, -93, 584, 0, 500
0.038978, -25, 552, 0, 500
0.039178, 51, 415, 0, 500
0.039378, 7, 460, 0, 500
0.039578, 5, 477, 0, 500
0.039778, -34, 559, 0, 500
0.039978, 24, 490, 0, 500
0.040178, 6, 448, 0, 500
0.040378, 0, 464, 0, 500
0.040578, 1, 513, 0, 500
0.040778, -23, 572, 0, 500
0.040978, 58, 406, 0, 500
0.041178, 0, 450, 0, 500
0.041378, -48, 591, 0, 500
0.041578, -24, 513, 0, 500
0.041778, 37, 429, 0, 500
0.041978, 39, 449, 0, 500
0.042178, -41, 536, 0, 500
0.042378, -54, 538, 0, 500
0.042578, 54, 451, 0, 500
0.042778, 24, 490, 0, 500
0.042978, -109, 529, 0, 500
0.043178, 48, 454, 0, 500
0.043378, 88, 498, 0, 500
0.043578, -38, 536, 0, 500
0.043778, -39, 434, 0, 500
0.043978, 6, 474, 0, 500
0.044178, 42, 530, 0, 500
0.044378, 0, 516, 0, 500
0.044578, -12, 433, 0, 500
0.044778, -22, 513, 0, 500
0.044978, 27, 503, 0, 500
0.045178, 18, 458, 0, 500
0.045378, -42, 496, 0, 500
0.045578, -17, 517, 0, 500
0.045778, 19, 566, 0, 500
0.045978, 30, 442, 0, 500
0.046178, 5, 450, 0, 500
0.046378, -29, 539, 0, 500
0.046578, -30, 578, 0, 500
0.046778, 54, 402, 0, 500
0.046978, -27, 487, 0, 500
0.047178, -28, 552, 0, 500
0.047378, 18, 543, 0, 500
0.047578, 57, 388, 0, 500
0.047778, -60, 494, 0, 500
0.047978, -30, 578, 0, 500
0.048178, 42, 482, 0, 500
0.048378, 21, 412, 0, 500
0.048578, -74, 561, 0, 500
0.048778, 4, 526, 0, 500
0.048978, 28, 488, 0, 500
0.049178, 4, 437, 0, 500
0.049378, 3, 450, 0, 500
0.049578, -10, 533, 0, 500
0.049778, 1, 565, 0, 500
0.049978, -22, 487, 0, 500
0.050178, 103, 379, 0, 500
0.050378, -51, 499, 0, 500
0.050578, -77, 640, 0, 500
0.050778, 66, 446, 0, 500
0.050978, 53, 389, 0, 500
0.051178, -66, 532, 0, 500
0.051378, -49, 603, 0, 500
0.051578, 29, 577, 0, 500
0.051778, 43, 344, 0, 500
0.051978, -8, 399, 0, 500
0.052178, -7, 620, 0, 500
0.052378, -23, 601, 0, 500
0.052578, 29, 350, 0, 500
0.052778, 14, 376, 0, 500
0.052978, -22, 628, 0, 500
0.053178, -25, 588, 0, 500
0.053378, -6, 406, 0, 500
0.053578, 27, 425, 0, 500
0.053778, 17, 582, 0, 500
0.053978, -48, 561, 0, 500
0.054178, 15, 369, 0, 500
0.054378, 53, 441, 0, 500
0.054578, 0, 581, 0, 500
0.054778, -69, 562, 0, 500
0.054978, 9, 398, 0, 500
0.055178, 48, 480, 0, 500
0.055378, -78, 614, 0, 500
0.055578, 20, 468, 0, 500
0.055778, 16, 433, 0, 500
0.055978, 49, 441, 0, 500
0.056178, -70, 624, 0, 500
0.056378, -22, 513, 0, 500
0.056578, 53, 350, 0, 500
0.056778, 47, 493, 0, 500
0.056978, -45, 588, 0, 500
0.057178, -48, 472, 0, 500
0.057378, 41, 463, 0, 500
0.057578, 34, 462, 0, 500
0.057778, -47, 539, 0, 500
0.057978, 7, 477, 0, 500
0.058178, 74, 418, 0, 500
0.058378, -46, 565, 0, 500
0.058578, -71, 565, 0, 500
0.058778, 56, 399, 0, 500
0.058978, 49, 415, 0, 500
0.059178, -43, 562, 0, 500
0.059378, -25, 591, 0, 500
0.059578, -5, 478, 0, 500
0.059778, 42, 413, 0, 500
0.059978, 3, 477, 0, 500
0.060178, -31, 591, 0, 500
0.060378, -10, 507, 0, 500
0.060578, 55, 389, 0, 500
0.060778, -34, 493, 0, 500
0.060978, -37, 565, 0, 500
0.061178, 35, 487, 0, 500
0.061378, -16, 484, 0, 500
0.061578, -18, 487, 0, 500
0.061778, 34, 477, 0, 500
0.061978, 21, 569, 0, 500
0.062178, -64, 506, 0, 500
0.062378, -18, 461, 0, 500
0.062578, 69, 468, 0, 500
0.062778, 16, 530, 0, 500
0.062978, -52, 508, 0, 500
0.063178, -28, 464, 0, 500
0.063378, 26, 488, 0, 500
0.063578, 4, 483, 0, 500
0.063778, -25, 552, 0, 500
0.063978, 9, 474, 0, 500
0.064178, 22, 442, 0, 500
0.064378, -1, 477, 0, 500
0.064578, -4, 542, 0, 500
0.064778, 15, 465, 0, 500
0.064978, -22, 513, 0, 500
0.065178, 0, 477, 0, 500
0.065378, -16, 510, 0, 500
0.065578, 103, 404, 0, 500
0.065778, -57, 592, 0, 500
0.065978, -73, 548, 0, 500
0.066178, 62, 361, 0, 500
0.066378, 17, 556, 0, 500
0.066578, 0, 529, 0, 500
0.066778, -36, 444, 0, 500
0.066978, 4, 490, 0, 500
0.067176, 9, 556, 0, 500
0.067378, 6, 474, 0, 500
0.067578, 7, 450, 0, 500
0.067778, 7, 483, 0, 500
0.067978, -72, 575, 0, 500
0.068178, 47, 461, 0, 500
0.068378, 28, 464, 0, 500
0.068578, -63, 533, 0, 500
0.068778, 11, 539, 0, 500
0.068978, 63, 411, 0, 500
0.069178, 7, 450, 0, 500
0.069378, -66, 598, 0, 500
0.069578, 6, 539, 0, 500
0.069778, 54, 402, 0, 500
0.069978, -13, 465, 0, 500
0.070178, -27, 578, 0, 500
0.070378, 50, 454, 0, 500
0.070578, 12, 435, 0, 500
0.070778, -51, 564, 0, 500
0.070978, -24, 578, 0, 500
0.071178, 24, 438, 0, 500
0.071378, 32, 386, 0, 500
0.071578, -1, 542, 0, 500
0.071778, 37, 533, 0, 500
0.072178, -52, 501, 0, 500
0.072378, 68, 507, 0, 500
0.072578, 28, 488, 0, 500
0.072778, -35, 457, 0, 500
0.072978, -4, 457, 0, 500
0.073178, -32, 604, 0, 500
0.073378, 47, 493, 0, 500
0.073578, -13, 471, 0, 500
0.073778, -16, 461, 0, 500
0.073978, -27, 513, 0, 500
0.074178, -2, 589, 0, 500
0.074378, 70, 429, 0, 500
0.074578, -44, 374, 0, 500
0.074778, -71, 598, 0, 500
0.074978, 18, 579, 0, 500
0.075178, 146, 396, 0, 500
0.075378, -34, 395, 0, 500
0.075578, -158, 584, 0, 500
0.075778, 65, 550, 0, 500
0.075978, 151, 381, 0, 500
0.076178, -54, 431, 0, 500
0.076378, -161, 657, 0, 500
0.076578, 66, 533, 0, 500
0.076778, 105, 401, 0, 500
0.076978, -39, 434, 0, 500
0.077178, -95, 574, 0, 500
0.077378, 40, 551, 0, 500
0.077578, 150, 381, 0, 500
0.077778, -85, 466, 0, 500
0.077978, -95, 574, 0, 500
0.078178, 41, 570, 0, 500
0.078378, 120, 432, 0, 500
0.078578, -32, 421, 0, 500
0.078778, -121, 536, 0, 500
0.078978, 42, 559, 0, 500
0.079178, 69, 468, 0, 500
0.079378, -25, 425, 0, 500
0.079578, -31, 497, 0, 500
0.079778, -5, 529, 0, 500
0.079978, 45, 556, 0, 500
0.080178, 0, 450, 0, 500
0.080378, -36, 395, 0, 500
0.080578, -19, 575, 0, 500
0.080778, 49, 543, 0, 500
0.080978, -10, 484, 0, 500
0.081178, -18, 389, 0, 500
0.081378, -15, 520, 0, 500
0.081578, 16, 595, 0, 500
0.081778, -18, 510, 0, 500
0.081978, 14, 372, 0, 500
0.082178, 6, 480, 0, 500
0.082378, -29, 604, 0, 500
0.082578, -22, 513, 0, 500
0.082778, 30, 386, 0, 500
0.082978, 22, 490, 0, 500
0.083178, 18, 569, 0, 500
0.083378, -69, 536, 0, 500
0.083578, -14, 409, 0, 500
0.083778, 69, 442, 0, 500
0.083978, 16, 595, 0, 500
0.084178, -42, 513, 0, 500
0.084378, -16, 409, 0, 500
0.084578, 10, 513, 0, 500
0.084778, 21, 531, 0, 500
0.084978, -1, 477, 0, 500
0.085178, -43, 486, 0, 500
0.085378, -10, 507, 0, 500
0.085578, 57, 524, 0, 500
0.085778, 15, 441, 0, 500
0.085978, -45, 486, 0, 500
0.086178, -3, 529, 0, 500
0.086378, -24, 539, 0, 500
0.086578, 24, 438, 0, 500
0.086778, 49, 441, 0, 500
0.086978, -4, 542, 0, 500
0.087178, -69, 611, 0, 500
0.087378, -3, 465, 0, 500
0.087578, 62, 347, 0, 500
0.087778, 5, 520, 0, 500
0.087978, -52, 604, 0, 500
0.088178, 8, 487, 0, 500
0.088378, 28, 481, 0, 500
0.088578, 24, 442, 0, 500
0.088778, -40, 496, 0, 500
0.088978, -25, 552, 0, 500
0.089178, 56, 460, 0, 500
0.089378, 3, 477, 0, 500
0.089578, 37, 526, 0, 500
0.089778, -71, 522, 0, 500
0.089978, -13, 497, 0, 500
0.090178, 107, 326, 0, 500
0.090378, -27, 614, 0, 500
0.090578, -75, 614, 0, 500
0.090778, -42, 423, 0, 500
0.090978, 107, 364, 0, 500
0.091178, 38, 567, 0, 500
0.091378, -72, 601, 0, 500
0.091578, -29, 379, 0, 500
0.091778, 53, 441, 0, 500
0.091978, 40, 546, 0, 500
0.092178, -42, 496, 0, 500
0.092378, -62, 520, 0, 500
0.092578, 46, 430, 0, 500
0.092778, 25, 553, 0, 500
0.092978, -23, 519, 0, 500
0.093178, -13, 448, 0, 500
0.093378, 48, 454, 0, 500
0.093578, 0, 542, 0, 500
0.093778, -49, 531, 0, 500
0.093978, 0, 465, 0, 500
0.094178, 21, 504, 0, 500
0.094378, 26, 490, 0, 500
0.094578, -46, 499, 0, 500
0.094778, -68, 532, 0, 500
0.094978, 95, 457, 0, 500
0.095178, 30, 488, 0, 500
0.095378, -67, 511, 0, 500
0.095578, -22, 513, 0, 500
0.095778, 25, 527, 0, 500
0.095978, 7, 424, 0, 500
0.096178, 23, 477, 0, 500
0.096378, 42, 520, 0, 500
0.096578, -51, 548, 0, 500
0.096778, -71, 496, 0, 500
0.096978, 95, 432, 0, 500
0.097178, 24, 555, 0, 500
0.097378, -40, 486, 0, 500
0.097578, -61, 507, 0, 500
0.097778, 28, 488, 0, 500
0.097978, 71, 474, 0, 500
0.098178, -31, 491, 0, 500
0.098378, -63, 533, 0, 500
0.098578, 30, 488, 0, 500
0.098778, 52, 454, 0, 500
0.098978, -38, 496, 0, 500
0.099178, -80, 600, 0, 500
0.099378, 32, 487, 0, 500
0.099578, 156, 296, 0, 500
0.099778, -87, 584, 0, 500
0.099978, -101, 613, 0, 500
0.000178, 40, 476, 0, 500
0.000378, 123, 368, 0, 500
0.000578, -46, 499, 0, 500
0.000778, -102, 626, 0, 500
0.000978, 68, 507, 0, 500
0.001178, 54, 420, 0, 500
0.001378, 8, 411, 0, 500
0.001578, -68, 598, 0, 500
0.001778, -27, 578, 0, 500
0.001978, 79, 389, 0, 500
0.002178, 17, 412, 0, 500
0.002378, -78, 614, 0, 500
0.002578, 10, 513, 0, 500
0.002778, 50, 428, 0, 500
0.002978, -18, 478, 0, 500
0.003178, -54, 564, 0, 500
0.003378, -24, 549, 0, 500
0.003578, 58, 399, 0, 500
0.003778, 29, 451, 0, 500
0.003978, -42, 549, 0, 500
0.004178, -68, 598, 0, 500
0.004378, 54, 425, 0, 500
0.004578, -12, 468, 0, 500
0.004778, -8, 507, 0, 500
0.004978, 23, 553, 0, 500
0.005178, -18, 510, 0, 500
0.005378, 1, 400, 0, 500
0.005578, 22, 490, 0, 500
0.005778, -32, 604, 0, 500
0.005978, -3, 477, 0, 500
0.006178, 32, 386, 0, 500
0.006378, -67, 577, 0, 500
0.006578, 13, 595, 0, 500
0.006778, 34, 410, 0, 500
0.006978, 3, 400, 0, 500
0.007178, -54, 591, 0, 500
0.007378, 50, 545, 0, 500
0.007578, 34, 392, 0, 500
0.007778, -35, 434, 0, 500
0.007978, -18, 603, 0, 500
0.008178, -25, 588, 0, 500
0.008378, 82, 351, 0, 500
0.008578, -25, 425, 0, 500
0.008778, -38, 572, 0, 500
0.008978, 0, 565, 0, 500
0.009178, 24, 464, 0, 500
0.009378, -17, 448, 0, 500
0.009578, 43, 469, 0, 500
0.009778, 6, 539, 0, 500
0.009978, -100, 571, 0, 500
0.010178, 31, 455, 0, 500
0.010378, 31, 449, 0, 500
0.010578, -7, 504, 0, 500
0.010778, 0, 477, 0, 500
0.010978, 9, 536, 0, 500
0.011178, 18, 468, 0, 500
0.011378, -20, 513, 0, 500
0.011578, -16, 510, 0, 500
0.011778, 25, 477, 0, 500
0.011978, 12, 454, 0, 500
0.012178, -26, 491, 0, 500
0.012378, 0, 542, 0, 500
0.012578, 13, 474, 0, 500
0.012778, 119, 421, 0, 500
0.012978, -111, 555, 0, 500
0.013178, -102, 563, 0, 500
0.013378, 121, 393, 0, 500
0.013578, 41, 469, 0, 500
0.013778, -64, 537, 0, 500
0.013978, -40, 523, 0, 500
0.014178, 24, 490, 0, 500
0.014378, 35, 487, 0, 500
0.014578, 6, 437, 0, 500
0.014778, -67, 536, 0, 500
0.014978, 21, 569, 0, 500
0.015178, 57, 440, 0, 500
0.015378, 5, 424, 0, 500
0.015578, -64, 536, 0, 500
0.015778, 3, 539, 0, 500
0.015978, 28, 488, 0, 500
0.016178, 14, 461, 0, 500
0.016378, -38, 496, 0, 500
0.016578, -18, 536, 0, 500
0.016778, 48, 517, 0, 500
0.016978, -12, 484, 0, 500
0.017178, 9, 393, 0, 500
0.017378, -20, 556, 0, 500
0.017578, -21, 615, 0, 500
0.017778, 51, 415, 0, 500
0.017978, 18, 406, 0, 500
0.018178, -39, 549, 0, 500
0.018378, 0, 542, 0, 500
0.018578, 24, 497, 0, 500
0.018778, 4, 437, 0, 500
0.018978, -26, 491, 0, 500
0.019178, 1, 565, 0, 500
0.019378, 5, 477, 0, 500
0.019578, 4, 437, 0, 500
0.019776, -61, 526, 0, 500
0.019978, 32, 488, 0, 500
0.020178, 42, 520, 0, 500
0.020378, 9, 450, 0, 500
0.020578, -67, 509, 0, 500
0.020778, -6, 568, 0, 500
0.020978, 38, 474, 0, 500
0.021178, 16, 421, 0, 500
0.021378, -62, 520, 0, 500
0.021578, -1, 542, 0, 500
0.021778, 70, 495, 0, 500
0.021978, 11, 448, 0, 500
0.022178, -40, 496, 0, 500
0.022378, 3, 503, 0, 500
0.022578, -26, 575, 0, 500
0.022778, 30, 464, 0, 500
0.022978, 5, 424, 0, 500
0.023178, -16, 488, 0, 500
0.023378, 23, 554, 0, 500
0.023578, -10, 507, 0, 500
0.023778, 5, 424, 0, 500
0.023978, 14, 471, 0, 500
0.024178, -21, 605, 0, 500
0.024378, 12, 487, 0, 500
0.024578, 13, 421, 0, 500
0.024778, 4, 490, 0, 500
0.024978, -22, 578, 0, 500
0.025178, -13, 504, 0, 500
0.025378, 28, 438, 0, 500
0.025578, 7, 461, 0, 500
0.025778, 5, 477, 0, 500
0.025978, -31, 556, 0, 500
0.026178, 0, 516, 0, 500
0.026378, -14, 458, 0, 500
0.026578, 51, 441, 0, 500
0.026778, -16, 536, 0, 500
0.026978, -23, 552, 0, 500
0.027178, 56, 401, 0, 500
0.027378, 7, 450, 0, 500
0.027578, -51, 564, 0, 500
0.027778, -14, 549, 0, 500
0.027978, 52, 428, 0, 500
0.028178, 12, 435, 0, 500
0.028378, -62, 586, 0, 500
0.028578, -28, 556, 0, 500
0.028778, 37, 446, 0, 500
0.028978, 34, 438, 0, 500
0.029178, 0, 477, 0, 500
0.029378, -48, 561, 0, 500
0.029578, 44, 506, 0, 500
0.029778, 11, 448, 0, 500
0.029978, -20, 487, 0, 500
0.030178, 11, 500, 0, 500
0.030378, -1, 542, 0, 500
0.030578, 3, 477, 0, 500
0.030778, -3, 507, 0, 500
0.030978, 143, 409, 0, 500
0.031178, -113, 549, 0, 500
0.031378, -111, 595, 0, 500
0.031578, 99, 456, 0, 500
0.031778, 147, 382, 0, 500
0.031978, -166, 576, 0, 500
0.032178, -103, 557, 0, 500
0.032378, 149, 425, 0, 500
0.032578, 101, 430, 0, 500
0.032778, -175, 578, 0, 500
0.032978, -67, 536, 0, 500
0.033178, 146, 433, 0, 500
0.033378, 52, 454, 0, 500
0.033578, -63, 533, 0, 500
0.033778, -60, 512, 0, 500
0.033978, 50, 454, 0, 500
0.034178, 48, 517, 0, 500
0.034378, -63, 533, 0, 500
0.034578, -36, 497, 0, 500
0.034778, 72, 443, 0, 500
0.034978, 22, 466, 0, 500
0.035178, -45, 552, 0, 500
0.035378, -18, 569, 0, 500
0.035578, 18, 445, 0, 500
0.035778, 52, 428, 0, 500
0.035978, -41, 499, 0, 500
0.036178, -68, 624, 0, 500
0.036378, 62, 448, 0, 500
0.036578, 14, 421, 0, 500
0.036778, 3, 477, 0, 500
0.036978, -74, 637, 0, 500
0.037178, 53, 441, 0, 500
0.037378, 73, 337, 0, 500
0.037578, -49, 565, 0, 500
0.037778, -81, 692, 0, 500
0.037978, 52, 402, 0, 500
0.038178, 118, 333, 0, 500
0.038378, -101, 615, 0, 500
0.038578, -77, 600, 0, 500
0.038778, 53, 442, 0, 500
0.038978, 32, 386, 0, 500
0.039178, -20, 552, 0, 500
0.039378, -21, 565, 0, 500
0.039578, 2, 465, 0, 500
0.039778, 16, 434, 0, 500
0.039978, 22, 507, 0, 500
0.040178, -31, 591, 0, 500
0.040378, -13, 487, 0, 500
0.040578, 10, 411, 0, 500
0.040778, 55, 466, 0, 500
0.040978, -56, 553, 0, 500
0.041178, -74, 601, 0, 500
0.041378, 76, 428, 0, 500
0.041578, 63, 385, 0, 500
0.041778, -67, 542, 0, 500
0.041978, -67, 611, 0, 500
0.042178, 24, 490, 0, 500
0.042378, 82, 401, 0, 500
0.042578, 8, 463, 0, 500
0.042778, -71, 553, 0, 500
0.042978, -55, 566, 0, 500
0.043178, 126, 417, 0, 500
0.043378, -18, 461, 0, 500
0.043578, -72, 535, 0, 500
0.043778, -11, 510, 0, 500
0.043978, 72, 445, 0, 500
0.044178, -21, 500, 0, 500
0.044378, -40, 562, 0, 500
0.044578, 7, 477, 0, 500
0.044778, 43, 445, 0, 500
0.044978, -16, 500, 0, 500
0.045178, -36, 536, 0, 500
0.045378, 0, 477, 0, 500
0.045578, 24, 490, 0, 500
0.045778, 24, 497, 0, 500
0.046178, -21, 500, 0, 500
0.046378, -20, 513, 0, 500
0.046578, 46, 481, 0, 500
0.046778, 10, 486, 0, 500
0.046978, -68, 523, 0, 500
0.047178, -23, 500, 0, 500
0.047378, 72, 445, 0, 500
0.047578, 22, 490, 0, 500
0.047778, -18, 488, 0, 500
0.047978, -58, 533, 0, 500
0.048178, 34, 501, 0, 500
0.048378, 30, 477, 0, 500
0.048578, -70, 509, 0, 500
0.048778, -6, 491, 0, 500
0.048978, 62, 485, 0, 500
0.049178, 26, 490, 0, 500
0.049378, -38, 487, 0, 500
0.049578, -43, 460, 0, 500
0.049778, 94, 534, 0, 500
0.049978, 95, 432, 0, 500
0.050178, -83, 493, 0, 500
0.050378, -132, 542, 0, 500
0.050578, 113, 525, 0, 500
0.050778, 69, 468, 0, 500
0.050978, -81, 418, 0, 500
0.051178, -38, 496, 0, 500
0.051378, 50, 562, 0, 500
0.051578, 28, 505, 0, 500
0.051778, -28, 445, 0, 500
0.051978, -64, 536, 0, 500
0.052178, 41, 611, 0, 500
0.052378, 10, 422, 0, 500
0.052578, 11, 411, 0, 500
0.052778, -18, 520, 0, 500
0.052978, 0, 581, 0, 500
0.053178, 54, 453, 0, 500
0.053378, -64, 506, 0, 500
0.053578, -67, 536, 0, 500
0.053778, 97, 431, 0, 500
0.053978, 56, 451, 0, 500
0.054178, -119, 597, 0, 500
0.054378, 9, 477, 0, 500
0.054578, 100, 418, 0, 500
0.054778, 52, 454, 0, 500
0.054978, -138, 611, 0, 500
0.055178, -37, 490, 0, 500
0.055378, 149, 356, 0, 500
0.055578, 5, 542, 0, 500
0.055778, -122, 636, 0, 500
0.055978, 9, 450, 0, 500
0.056178, 102, 391, 0, 500
0.056378, 3, 477, 0, 500
0.056578, -115, 647, 0, 500
0.056778, 60, 490, 0, 500
0.056978, 102, 366, 0, 500
0.057178, -43, 486, 0, 500
0.057378, -96, 627, 0, 500
0.057578, 48, 454, 0, 500
0.057778, 59, 438, 0, 500
0.057978, -30, 484, 0, 500
0.058178, 46, 532, 0, 500
0.058378, -43, 524, 0, 500
0.058578, -70, 509, 0, 500
0.058778, 16, 477, 0, 500
0.058978, 72, 443, 0, 500
0.059180, 58, 516, 0, 500
0.059378, -98, 568, 0, 500
0.059578, -144, 546, 0, 500
0.059778, 167, 384, 0, 500
0.059978, 148, 446, 0, 500
0.060178, -180, 605, 0, 500
0.060378, -148, 554, 0, 500
0.060578, 147, 395, 0, 500
0.060778, 122, 483, 0, 500
0.060978, -114, 559, 0, 500
0.061178, -75, 464, 0, 500
0.061378, 74, 467, 0, 500
0.061578, 91, 510, 0, 500
0.061778, -99, 540, 0, 500
0.061978, -62, 497, 0, 500
0.062178, 75, 441, 0, 500
0.062378, 30, 488, 0, 500
0.062578, -69, 601, 0, 500
0.062778, -20, 461, 0, 500
0.062978, 51, 442, 0, 500
0.063178, 17, 471, 0, 500
0.063378, 0, 542, 0, 500
0.063578, -19, 491, 0, 500
0.063778, 10, 463, 0, 500
0.063978, -15, 523, 0, 500
0.064178, 14, 476, 0, 500
0.064378, 9, 474, 0, 500
0.064578, 0, 542, 0, 500
0.064778, -14, 500, 0, 500
0.064978, 6, 464, 0, 500
0.065178, -22, 513, 0, 500
0.065378, -19, 549, 0, 500
0.065578, 54, 453, 0, 500
0.065778, -12, 474, 0, 500
0.065978, -46, 505, 0, 500
0.066178, -17, 549, 0, 500
0.066378, 76, 467, 0, 500
0.066578, 3, 446, 0, 500
0.066778, -67, 536, 0, 500
0.066978, -16, 527, 0, 500
0.067178, 74, 467, 0, 500
0.067378, -6, 497, 0, 500
0.067578, -49, 505, 0, 500
0.067778, -11, 510, 0, 500
0.067978, 62, 450, 0, 500
0.068178, -24, 513, 0, 500
0.068378, -44, 499, 0, 500
0.068578, 52, 480, 0, 500
0.068778, 29, 502, 0, 500
0.068978, -60, 510, 0, 500
0.069378, 30, 464, 0, 500
0.069578, 18, 484, 0, 500
0.069778, -12, 550, 0, 500
0.069978, -20, 513, 0, 500
0.070178, 33, 465, 0, 500
0.070378, -6, 488, 0, 500
0.070578, -39, 500, 0, 500
0.070778, 2, 483, 0, 500
0.070978, 66, 441, 0, 500
0.071178, -25, 591, 0, 500
0.071378, -33, 497, 0, 500
0.071578, 33, 400, 0, 500
0.071778, 13, 474, 0, 500
0.071978, -17, 595, 0, 500
0.072178, -15, 513, 0, 500
0.072378, -13, 422, 0, 500
0.072578, 24, 490, 0, 500
0.072778, 104, 511, 0, 500
0.072978, -88, 519, 0, 500
0.073178, -92, 498, 0, 500
0.073378, 107, 452, 0, 500
0.073578, 56, 492, 0, 500
0.073778, -98, 558, 0, 500
0.073978, -34, 487, 0, 500
0.074178, 80, 466, 0, 500
0.074378, 51, 467, 0, 500
0.074578, -86, 523, 0, 500
0.074778, -69, 601, 0, 500
0.074978, 100, 417, 0, 500
0.075178, 30, 438, 0, 500
0.075378, -137, 561, 0, 500
0.075578, 23, 533, 0, 500
0.075778, 99, 448, 0, 500
0.075978, -18, 487, 0, 500
0.076178, -74, 517, 0, 500
0.076378, 41, 533, 0, 500
0.076578, 53, 441, 0, 500
0.076778, -43, 460, 0, 500
0.076978, 0, 483, 0, 500
0.077178, -1, 542, 0, 500
0.077378, 26, 490, 0, 500
0.077578, 4, 464, 0, 500
0.077778, -34, 510, 0, 500
0.077978, -9, 510, 0, 500
0.078178, 38, 524, 0, 500
0.078378, 58, 427, 0, 500
0.078578, -63, 485, 0, 500
0.078778, -73, 580, 0, 500
0.078978, 74, 532, 0, 500
0.079178, 34, 435, 0, 500
0.079378, -38, 447, 0, 500
0.079578, -68, 588, 0, 500
0.079778, 56, 516, 0, 500
0.079978, 62, 424, 0, 500
0.080178, -63, 510, 0, 500
0.080378, -89, 522, 0, 500
0.080578, 92, 599, 0, 500
0.080778, 42, 458, 0, 500
0.080978, -87, 446, 0, 500
0.081178, -13, 472, 0, 500
0.081378, 95, 522, 0, 500
0.081578, 13, 500, 0, 500
0.081778, -98, 518, 0, 500
0.081978, -21, 500, 0, 500
0.082178, 122, 407, 0, 500
0.082378, -19, 539, 0, 500
0.082578, -84, 523, 0, 500
0.082778, -9, 510, 0, 500
0.082978, 74, 459, 0, 500
0.083178, 19, 471, 0, 500
0.083378, -44, 499, 0, 500
0.083578, 8, 542, 0, 500
0.083778, -6, 507, 0, 500
0.083978, -9, 471, 0, 500
0.084178, -5, 484, 0, 500
0.084378, 54, 453, 0, 500
0.084578, 3, 477, 0, 500
0.084778, -57, 537, 0, 500
0.084978, -17, 513, 0, 500
0.085178, 31, 500, 0, 500
0.085378, 34, 413, 0, 500
0.085578, -18, 488, 0, 500
0.085778, 0, 555, 0, 500
0.085978, -17, 539, 0, 500
0.086178, -10, 461, 0, 500
0.086378, -11, 510, 0, 500
0.086578, 56, 427, 0, 500
0.086778, 4, 483, 0, 500
0.086978, -78, 614, 0, 500
0.087178, 16, 454, 0, 500
0.087378, 44, 408, 0, 500
0.087578, 5, 542, 0, 500
0.087778, -41, 499, 0, 500
0.087978, 5, 477, 0, 500
0.088178, -15, 569, 0, 500
0.088378, 9, 474, 0, 500
0.088578, 6, 464, 0, 500
0.088778, 13, 513, 0, 500
0.088978, -54, 507, 0, 500
0.089178, 50, 454, 0, 500
0.089378, 11, 474, 0, 500
0.089578, 0, 542, 0, 500
0.089778, -35, 500, 0, 500
0.089978, 9, 477, 0, 500
0.090178, -11, 510, 0, 500
0.090378, -13, 513, 0, 500
0.090578, 10, 487, 0, 500
0.090778, 16, 461, 0, 500
0.090978, -13, 513, 0, 500
0.091178, 5, 477, 0, 500
0.091378, -21, 526, 0, 500
0.091578, -8, 513, 0, 500
0.091778, 17, 447, 0, 500
0.091978, 19, 473, 0, 500
0.092178, -26, 556, 0, 500
0.092378, -22, 513, 0, 500
0.092578, 22, 434, 0, 500
0.092778, 16, 461, 0, 500
0.092978, -63, 599, 0, 500
0.093178, 6, 464, 0, 500
0.093378, 55, 414, 0, 500
0.093578, -81, 524, 0, 500
0.093778, 24, 555, 0, 500
0.093978, 50, 480, 0, 500
0.094178, -16, 487, 0, 500
0.094378, -37, 500, 0, 500
0.094578, 54, 453, 0, 500
0.094778, 9, 477, 0, 500
0.094978, -39, 539, 0, 500
0.095178, -40, 541, 0, 500
0.095378, -6, 507, 0, 500
0.095578, 30, 438, 0, 500
0.095778, 80, 417, 0, 500
0.095978, -72, 614, 0, 500
0.096178, -64, 536, 0, 500
0.096378, 36, 451, 0, 500
0.096578, 61, 437, 0, 500
0.096778, -35, 562, 0, 500
0.096978, -31, 497, 0, 500
0.097178, 52, 460, 0, 500
0.097378, 16, 461, 0, 500
0.097578, -38, 536, 0, 500
0.097778, -13, 513, 0, 500
0.097978, 14, 486, 0, 500
0.098178, 0, 483, 0, 500
0.098378, -6, 409, 0, 500
0.098578, 5, 552, 0, 500
0.098778, 6, 539, 0, 500
0.098978, -13, 513, 0, 500
0.099178, -41, 459, 0, 500
0.099378, 29, 451, 0, 500
0.099578, 23, 568, 0, 500
0.099778, 25, 470, 0, 500
0.099978, -53, 494, 0, 500
0.000178, -15, 513, 0, 500
0.000378, 32, 526, 0, 500
0.000578, 31, 490, 0, 500
0.000778, -52, 508, 0, 500
0.000978, -18, 465, 0, 500
0.001178, 39, 481, 0, 500
0.001378, 12, 536, 0, 500
0.001578, 7, 450, 0, 500
0.001778, -56, 534, 0, 500
0.001978, -20, 513, 0, 500
0.002178, 59, 464, 0, 500
0.002378, 20, 460, 0, 500
0.002578, -41, 499, 0, 500
0.002778, -1, 542, 0, 500
0.002978, 11, 474, 0, 500
0.003178, 1, 397, 0, 500
0.003378, 8, 539, 0, 500
0.003578, 48, 545, 0, 500
0.003778, -14, 500, 0, 500
0.003978, -58, 446, 0, 500
0.004178, 8, 487, 0, 500
0.004378, 33, 546, 0, 500
0.004578, -20, 513, 0, 500
0.004778, 12, 424, 0, 500
0.004978, -13, 513, 0, 500
0.005178, 0, 542, 0, 500
0.005378, -15, 513, 0, 500
0.005578, 20, 434, 0, 500
0.005778, 41, 462, 0, 500
0.005978, -61, 612, 0, 500
0.006178, -32, 509, 0, 500
0.006378, 64, 385, 0, 500
0.006578, -15, 552, 0, 500
0.006778, -16, 579, 0, 500
0.006978, 24, 418, 0, 500
0.007178, 12, 424, 0, 500
0.007378, -44, 565, 0, 500
0.007578, -19, 579, 0, 500
0.007778, 56, 427, 0, 500
0.007978, 14, 421, 0, 500
0.008178, -64, 576, 0, 500
0.008378, -20, 592, 0, 500
0.008578, 105, 428, 0, 500
0.008778, -11, 422, 0, 500
0.008978, -105, 556, 0, 500
0.009178, 8, 539, 0, 500
0.009378, 99, 456, 0, 500
0.009578, -20, 465, 0, 500
0.009778, -88, 483, 0, 500
0.009978, 12, 526, 0, 500
0.010178, 96, 509, 0, 500
0.010378, -10, 474, 0, 500
0.010578, -108, 507, 0, 500
0.010780, 32, 477, 0, 500
0.010978, 97, 496, 0, 500
0.011178, -44, 528, 0, 500
0.011378, -36, 447, 0, 500
0.011578, 17, 474, 0, 500
0.011778, 31, 568, 0, 500
0.011978, -56, 534, 0, 500
0.012178, -2, 394, 0, 500
0.012378, 66, 348, 0, 500
0.012578, -29, 683, 0, 500
0.012778, -41, 615, 0, 500
0.012978, 71, 332, 0, 500
0.013178, 8, 503, 0, 500
0.013378, -44, 539, 0, 500
0.013578, -14, 500, 0, 500
0.013778, 60, 451, 0, 500
0.013978, -33, 497, 0, 500
0.014178, -31, 497, 0, 500
0.014378, 54, 518, 0, 500
0.014578, -39, 539, 0, 500
0.014778, 9, 450, 0, 500
0.014978, 2, 505, 0, 500
0.015178, 9, 477, 0, 500
0.015378, 7, 450, 0, 500
0.015578, 13, 411, 0, 500
0.015778, -34, 599, 0, 500
0.015978, -38, 602, 0, 500
0.016180, 34, 438, 0, 500
0.016378, 33, 464, 0, 500
0.016580, -12, 462, 0, 500
0.016778, -11, 543, 0, 500
0.016978, 11, 476, 0, 500
0.017178, -20, 487, 0, 500
0.017378, -15, 513, 0, 500
0.017578, 58, 492, 0, 500
0.017778, -20, 513, 0, 500
0.017978, -9, 488, 0, 500
0.018178, -46, 514, 0, 500
0.018380, 55, 466, 0, 500
0.018578, 15, 480, 0, 500
0.018778, -33, 536, 0, 500
0.018978, 5, 477, 0, 500
0.019178, 41, 493, 0, 500
0.019378, 11, 474, 0, 500
0.019578, -64, 536, 0, 500
0.019778, 7, 477, 0, 500
0.019978, 99, 470, 0, 500
0.020178, -20, 513, 0, 500
0.020378, -115, 524, 0, 500
0.020578, -16, 510, 0, 500
0.020778, 142, 473, 0, 500
0.020978, -2, 510, 0, 500
0.021178, -106, 521, 0, 500
0.021378, 5, 477, 0, 500
0.021578, 103, 455, 0, 500
0.021778, -17, 513, 0, 500
0.021978, -71, 514, 0, 500
0.022178, -12, 553, 0, 500
0.022378, 149, 394, 0, 500
0.022578, -34, 487, 0, 500
0.022778, -107, 535, 0, 500
0.022978, -20, 592, 0, 500
0.023178, 176, 370, 0, 500
0.023378, -37, 473, 0, 500
0.023578, -89, 562, 0, 500
0.023778, 13, 513, 0, 500
0.023978, 62, 450, 0, 500
0.024178, -14, 500, 0, 500
0.024378, -67, 536, 0, 500
0.024578, 41, 487, 0, 500
0.024778, 45, 484, 0, 500
0.024978, -23, 494, 0, 500
0.025178, -33, 497, 0, 500
0.025378, -4, 521, 0, 500
0.025578, 27, 555, 0, 500
0.025778, 12, 437, 0, 500
0.025978, -31, 471, 0, 500
0.026178, 17, 536, 0, 500
0.026378, 13, 542, 0, 500
0.026578, -26, 481, 0, 500
0.026778, -11, 448, 0, 500
0.026978, -3, 507, 0, 500
0.027178, 58, 492, 0, 500
0.027378, -23, 591, 0, 500
0.027578, -69, 503, 0, 500
0.027778, 63, 348, 0, 500
0.027978, -12, 563, 0, 500
0.028178, -22, 578, 0, 500
0.028378, -7, 469, 0, 500
0.028578, 16, 421, 0, 500
0.028778, -15, 523, 0, 500
0.028978, 8, 539, 0, 500
0.029178, 3, 485, 0, 500
0.029378, 16, 421, 0, 500
0.029578, -17, 513, 0, 500
0.029778, 8, 552, 0, 500
0.029978, 30, 440, 0, 500
0.030178, -34, 444, 0, 500
0.030378, 4, 555, 0, 500
0.030578, -3, 557, 0, 500
0.030778, -8, 491, 0, 500
0.030978, 36, 387, 0, 500
0.031178, -35, 567, 0, 500
0.031378, 0, 495, 0, 500
0.031578, 58, 453, 0, 500
0.031778, 8, 463, 0, 500
0.031978, -83, 526, 0, 500
0.032178, 15, 513, 0, 500
0.032378, 96, 470, 0, 500
0.032578, -44, 528, 0, 500
0.032778, -94, 524, 0, 500
0.032978, 49, 481, 0, 500
0.033178, 80, 505, 0, 500
0.033378, -34, 461, 0, 500
0.033578, -81, 524, 0, 500
0.033778, 50, 519, 0, 500
0.033978, 62, 452, 0, 500
0.034178, -16, 463, 0, 500
0.034378, -53, 483, 0, 500
0.034580, 4, 555, 0, 500
0.034778, 27, 555, 0, 500
0.034978, 11, 424, 0, 500
0.035378, 3, 581, 0, 500
0.035578, 50, 558, 0, 500
0.035778, -14, 461, 0, 500
0.035978, -73, 415, 0, 500
0.036178, 54, 518, 0, 500
0.036378, 51, 571, 0, 500
0.036578, -37, 473, 0, 500
0.036778, -100, 505, 0, 500
0.036978, 101, 430, 0, 500
0.037178, 105, 486, 0, 500
0.037378, -143, 613, 0, 500
0.037578, -57, 498, 0, 500
0.037778, 41, 461, 0, 500
0.037978, 74, 454, 0, 500
0.038178, -38, 470, 0, 500
0.038378, -5, 447, 0, 500
0.038578, -17, 641, 0, 500
0.038778, 17, 480, 0, 500
0.038978, -7, 445, 0, 500
0.039178, 11, 450, 0, 500
0.039378, 8, 539, 0, 500
0.039578, -19, 579, 0, 500
0.039778, 14, 424, 0, 500
0.039978, -14, 461, 0, 500
0.040178, 14, 461, 0, 500
0.040378, 3, 581, 0, 500
0.040578, -12, 550, 0, 500
0.040778, -26, 418, 0, 500
0.040980, 15, 466, 0, 500
0.041178, 45, 623, 0, 500
0.041378, -35, 474, 0, 500
0.041578, -57, 432, 0, 500
0.041778, 24, 594, 0, 500
0.041978, 69, 494, 0, 500
0.042178, -52, 468, 0, 500
0.042378, -58, 494, 0, 500
0.042578, 74, 532, 0, 500
0.042778, 57, 440, 0, 500
0.042978, -34, 447, 0, 500
0.043178, -73, 580, 0, 500
0.043378, -16, 576, 0, 500
0.043578, 99, 405, 0, 500
0.043778, -9, 448, 0, 500
0.043978, -72, 517, 0, 500
0.044178, 16, 539, 0, 500
0.044378, 28, 542, 0, 500
0.044578, -84, 484, 0, 500
0.044778, 17, 440, 0, 500
0.044978, 103, 469, 0, 500
0.045178, -38, 561, 0, 500
0.045378, -105, 556, 0, 500
0.045578, 33, 451, 0, 500
0.045778, 100, 392, 0, 500
0.045978, -72, 614, 0, 500
0.046178, -19, 491, 0, 500
0.046378, 30, 464, 0, 500
0.046578, 19, 408, 0, 500
0.046778, -17, 552, 0, 500
0.046978, 12, 559, 0, 500
0.047178, 12, 437, 0, 500
0.047378, 2, 411, 0, 500
0.047578, 11, 568, 0, 500
0.047778, 0, 581, 0, 500
0.047978, -29, 496, 0, 500
0.048178, 11, 372, 0, 500
0.048378, 31, 529, 0, 500
0.048578, 3, 568, 0, 500
0.048778, -34, 487, 0, 500
0.048978, -5, 461, 0, 500
0.049178, 4, 504, 0, 500
0.049378, 0, 570, 0, 500
0.049578, -37, 489, 0, 500
0.049778, 11, 426, 0, 500
0.049978, 37, 487, 0, 500
0.050178, 5, 542, 0, 500
0.050378, -58, 527, 0, 500
0.050578, -31, 458, 0, 500
0.050778, 102, 443, 0, 500
0.050978, -9, 550, 0, 500
0.051178, -62, 536, 0, 500
0.051378, -16, 500, 0, 500
0.051578, 46, 481, 0, 500
0.051778, 37, 465, 0, 500
0.051978, -35, 500, 0, 500
0.052178, -43, 548, 0, 500
0.052378, 52, 454, 0, 500
0.052578, -47, 528, 0, 500
0.052778, -11, 510, 0, 500
0.052978, 74, 444, 0, 500
0.053178, 9, 477, 0, 500
0.053378, -93, 548, 0, 500
0.053578, -11, 510, 0, 500
0.053778, 106, 416, 0, 500
0.053978, 7, 477, 0, 500
0.054178, -113, 625, 0, 500
0.054378, -20, 513, 0, 500
0.054578, 150, 381, 0, 500
0.054778, 16, 437, 0, 500
0.054978, -133, 586, 0, 500
0.055178, 7, 555, 0, 500
0.055378, 84, 458, 0, 500
0.055578, 11, 450, 0, 500
0.055778, -148, 554, 0, 500
0.055978, 27, 555, 0, 500
0.056178, 145, 409, 0, 500
0.056378, 13, 450, 0, 500
0.056578, -103, 480, 0, 500
0.056778, -11, 586, 0, 500
0.056978, 96, 546, 0, 500
0.057178, -7, 445, 0, 500
0.057378, -56, 407, 0, 500
0.057578, -28, 591, 0, 500
0.057778, 71, 571, 0, 500
0.057978, 12, 397, 0, 500
0.058178, -73, 442, 0, 500
0.058378, -13, 615, 0, 500
0.058578, 38, 552, 0, 500
0.058778, 68, 348, 0, 500
0.058978, -59, 484, 0, 500
0.059178, -63, 635, 0, 500
0.059378, 80, 473, 0, 500
0.059578, 13, 421, 0, 500
0.059778, -35, 500, 0, 500
0.059978, -39, 575, 0, 500
0.060178, 54, 453, 0, 500
0.060378, -14, 461, 0, 500
0.060578, -24, 497, 0, 500
0.060778, 3, 539, 0, 500
0.060978, 33, 481, 0, 500
0.061178, 12, 437, 0, 500
0.061378, -17, 491, 0, 500
0.061578, 8, 529, 0, 500
0.061778, 4, 516, 0, 500
0.061978, -9, 422, 0, 500
0.062178, -53, 528, 0, 500
0.062378, 56, 453, 0, 500
0.062578, -30, 563, 0, 500
0.062778, -15, 513, 0, 500
0.062978, 58, 453, 0, 500
0.063178, -8, 459, 0, 500
0.063378, -102, 583, 0, 500
0.063578, 39, 549, 0, 500
0.063778, 66, 387, 0, 500
0.063978, -29, 448, 0, 500
0.064178, -42, 578, 0, 500
0.064378, 16, 549, 0, 500
0.064578, -5, 484, 0, 500
0.064778, 19, 411, 0, 500
0.064978, 14, 476, 0, 500
0.065178, 2, 555, 0, 500
0.065378, -31, 497, 0, 500
0.065578, -20, 513, 0, 500
0.065778, 26, 490, 0, 500
0.065978, 33, 441, 0, 500
0.066178, -37, 500, 0, 500
0.066378, 7, 555, 0, 500
0.066578, -14, 510, 0, 500
0.066778, -16, 484, 0, 500
0.066978, 58, 453, 0, 500
0.067178, -2, 521, 0, 500
0.067378, -14, 463, 0, 500
0.067580, -44, 528, 0, 500
0.067778, 30, 542, 0, 500
0.067978, 53, 441, 0, 500
0.068178, -146, 528, 0, 500
0.068378, 11, 474, 0, 500
0.068578, 125, 532, 0, 500
0.068778, -9, 472, 0, 500
0.068978, -104, 455, 0, 500
0.069178, 3, 539, 0, 500
0.069380, 97, 522, 0, 500
0.069578, 11, 450, 0, 500
0.069778, -85, 470, 0, 500
0.069978, -23, 557, 0, 500
0.070178, 75, 545, 0, 500
0.070378, 11, 411, 0, 500
0.070578, -37, 473, 0, 500
0.070778, -63, 599, 0, 500
0.070978, 29, 490, 0, 500
0.071178, 64, 424, 0, 500
0.071378, 5, 477, 0, 500
0.071578, -38, 565, 0, 500
0.071778, -23, 517, 0, 500
0.071978, 62, 426, 0, 500
0.072178, 5, 477, 0, 500
0.072378, -46, 565, 0, 500
0.072578, -44, 528, 0, 500
0.072778, 44, 458, 0, 500
0.072978, 54, 453, 0, 500
0.073178, -16, 488, 0, 500
0.073378, -41, 565, 0, 500
0.073580, 15, 474, 0, 500
0.073778, 26, 490, 0, 500
0.073978, 15, 474, 0, 500
0.074178, -33, 497, 0, 500
0.074378, 5, 477, 0, 500
0.074578, -11, 576, 0, 500
0.074778, 15, 474, 0, 500
0.074978, -47, 501, 0, 500
0.075178, 58, 427, 0, 500
0.075378, 50, 519, 0, 500
0.075578, -79, 530, 0, 500
0.075778, -57, 530, 0, 500
0.075978, 55, 503, 0, 500
0.076178, 66, 411, 0, 500
0.076378, -37, 500, 0, 500
0.076578, -50, 578, 0, 500
0.076778, 15, 474, 0, 500
0.076978, -18, 487, 0, 500
0.077178, 54, 453, 0, 500
0.077378, 50, 519, 0, 500
0.077578, -55, 483, 0, 500
0.077778, -105, 556, 0, 500
0.077978, 49, 481, 0, 500
0.078178, 121, 445, 0, 500
0.078378, -54, 509, 0, 500
0.078578, -109, 560, 0, 500
0.078778, 64, 450, 0, 500
0.078978, 77, 473, 0, 500
0.079178, -38, 565, 0, 500
0.079378, -59, 484, 0, 500
0.079578, 30, 464, 0, 500
0.079778, 41, 517, 0, 500
0.079978, -153, 592, 0, 500
0.080178, 46, 520, 0, 500
0.080378, 151, 368, 0, 500
0.080578, -77, 444, 0, 500
0.080778, -87, 615, 0, 500
0.080978, 28, 579, 0, 500
0.081178, 60, 451, 0, 500
0.081378, -14, 386, 0, 500
0.081578, -72, 535, 0, 500
0.081778, 22, 595, 0, 500
0.081978, 101, 430, 0, 500
0.082178, -36, 395, 0, 500
0.082378, -121, 623, 0, 500
0.082578, 50, 556, 0, 500
0.082778, 106, 416, 0, 500
0.082978, -37, 434, 0, 500
0.083178, -142, 640, 0, 500
0.083378, 56, 453, 0, 500
0.083578, 155, 379, 0, 500
0.083778, -77, 468, 0, 500
0.083978, -143, 653, 0, 500
0.084178, 73, 545, 0, 500
0.084378, 123, 349, 0, 500
0.084578, -39, 460, 0, 500
0.084778, -143, 653, 0, 500
0.084978, 32, 526, 0, 500
0.085178, 159, 351, 0, 500
0.085378, -37, 473, 0, 500
0.085578, -160, 601, 0, 500
0.085778, 54, 492, 0, 500
0.085978, 108, 414, 0, 500
0.086178, -28, 484, 0, 500
0.086378, -114, 559, 0, 500
0.086578, 65, 515, 0, 500
0.086778, 46, 481, 0, 500
0.086978, -30, 461, 0, 500
0.087178, -54, 495, 0, 500
0.087378, 21, 569, 0, 500
0.087578, 44, 472, 0, 500
0.087778, -13, 487, 0, 500
0.087978, -20, 513, 0, 500
0.088178, -20, 513, 0, 500
0.088378, 26, 490, 0, 500
0.088578, -9, 510, 0, 500
0.088778, 20, 460, 0, 500
0.088978, 0, 505, 0, 500
0.089178, 9, 477, 0, 500
0.089378, 4, 490, 0, 500
0.089578, -53, 570, 0, 500
0.089778, -26, 458, 0, 500
0.089978, 105, 429, 0, 500
0.090178, 5, 542, 0, 500
0.090380, -84, 523, 0, 500
0.090578, 10, 463, 0, 500
0.090778, 54, 453, 0, 500
0.090978, -63, 599, 0, 500
0.091178, -43, 515, 0, 500
0.091378, 82, 440, 0, 500
0.091578, 30, 464, 0, 500
0.091778, -64, 536, 0, 500
0.091980, -38, 519, 0, 500
0.092178, 54, 427, 0, 500
0.092378, 51, 493, 0, 500
0.092578, -67, 615, 0, 500
0.092778, -61, 484, 0, 500
0.092978, 105, 404, 0, 500
0.093178, -18, 565, 0, 500
0.093378, -36, 487, 0, 500
0.093580, -13, 487, 0, 500
0.093778, 37, 487, 0, 500
0.093978, 56, 453, 0, 500
0.094178, -37, 506, 0, 500
0.094378, -72, 647, 0, 500
0.094580, -1, 468, 0, 500
0.094778, 129, 353, 0, 500
0.094978, -59, 537, 0, 500
0.095178, -65, 592, 0, 500
0.095378, 32, 567, 0, 500
0.095578, 36, 386, 0, 500
0.095778, -13, 448, 0, 500
0.095978, 22, 557, 0, 500
0.096178, 2, 555, 0, 500
0.096378, -29, 431, 0, 500
0.096578, -8, 409, 0, 500
0.096778, 44, 558, 0, 500
0.096978, -21, 605, 0, 500
0.097178, -36, 447, 0, 500
0.097378, -4, 458, 0, 500
0.097578, 49, 493, 0, 500
0.097778, 51, 532, 0, 500
0.097978, -63, 485, 0, 500
0.098178, -59, 484, 0, 500
0.098378, 94, 496, 0, 500
0.098578, 54, 518, 0, 500
0.098778, -86, 483, 0, 500
0.098978, -31, 448, 0, 500
0.099178, 51, 532, 0, 500
0.099378, 19, 556, 0, 500
0.099578, -53, 481, 0, 500
0.099778, -33, 457, 0, 500
0.099978, 98, 483, 0, 500
0.000130, -1, 570, 0, 0
0.000330, 0, 0, 0, 0
0.000530, -5, 2, 0, 0
0.000730, 10, 20, 0, 0
0.000930, -1, 26, 0, 0
0.001130, 18, -21, 0, 0
0.001330, -4, -10, 0, 0
0.001530, 1, -13, 0, 0
0.001730, -66, 56, 0, 0
0.001930, -1, 19, 0, 0
0.002128, -7, 15, 0, 0
0.002328, -5, 2, 0, 0
0.002528, -5, 2, 0, 0
0.002728, -111, 86, 0, 0
0.002926, 1, -12, 0, 0
0.003126, -5, 2, 0, 0
0.003328, 0, 0, 0, 0
0.003528, 0, 0, 0, 0
0.003728, -132, 72, 0, 0
0.003928, -5, 2, 0, 0
0.004126, -9, 28, 0, 0
0.004326, -5, 2, 0, 0
0.004526, 8, -22, 0, 0
0.004726, 1, -12, 0, 0
0.004926, -2, 25, 0, 0
0.005124, -15, 30, 0, 0
0.005326, -1, 12, 0, 0
0.005526, -7, 15, 0, 0
0.005726, -1, 12, 0, 0
0.005926, -7, 15, 0, 0
0.006126, -6, 2, 0, 0
0.006326, -9, 28, 0, 0
0.006526, -2, 25, 0, 0
0.006728, 13, -18, 0, 0
0.006928, 40, -5, 0, 0
0.007128, -1, 12, 0, 0
0.007328, -1, 12, 0, 0
0.007526, 4, 10, 0, 0
0.007726, -5, 2, 0, 0
0.007928, -7, 15, 0, 0
0.008128, -5, 2, 0, 0
0.008328, -1, 12, 0, 0
0.008528, -1, 12, 0, 0
0.008726, 1, -12, 0, 0
0.008928, -5, 2, 0, 0
0.009128, -1, 12, 0, 0
0.009328, -1, 12, 0, 0
0.009528, -18, 132, 0, 0
0.009728, -8, 28, 0, 0
0.009928, -11, -1, 0, 0
0.010126, -2, 25, 0, 0
0.010326, -1, 12, 0, 0
0.010528, -1, 12, 0, 0
0.010728, -5, 2, 0, 0
0.010926, 38, 7, 0, 0
0.011128, 1, -12, 0, 0
0.011328, 40, -5, 0, 0
0.011528, -15, 37, 0, 0
0.011726, -15, 31, 0, 0
0.011926, 3, 23, 0, 0
0.012128, 5, -2, 0, 0
0.012328, -37, 28, 0, 0
0.012526, -1, 12, 0, 0
0.012726, 2, -25, 0, 0
0.012926, -4, -10, 0, 0
0.013126, 1, -12, 0, 0
0.013324, -3, 25, 0, 0
0.013526, -5, 2, 0, 0
0.013726, -6, 2, 0, 0
0.014126, 2, 23, 0, 0
0.014326, -5, 2, 0, 0
0.014526, -4, -10, 0, 0
0.014726, -14, 31, 0, 0
0.014928, -1, 12, 0, 0
0.015126, -14, 31, 0, 0
0.015326, -6, 2, 0, 0
0.015526, -52, 10, 0, 0
0.015726, -5, 2, 0, 0
0.015928, -7, 15, 0, 0
0.016128, 0, 0, 0, 0
0.016326, -7, 15, 0, 0
0.016526, -21, 33, 0, 0
0.016728, 41, -18, 0, 0
0.016926, 8, -77, 0, 0
0.017126, 41, -18, 0, 0
0.017326, -4, -10, 0, 0
0.017528, 16, 4, 0, 0
0.017726, 0, 0, 0, 0
0.017926, 1, 36, 0, 0
0.018128, 0, 0, 0, 0
0.018326, -7, 15, 0, 0
0.018526, -7, 15, 0, 0
0.018726, -4, -10, 0, 0
0.018926, -7, 15, 0, 0
0.019128, 0, 0, 0, 0
0.019326, 1, -12, 0, 0
0.019526, -8, 28, 0, 0
0.019726, -7, 15, 0, 0
0.019928, -1, 12, 0, 0
0.020126, -4, -10, 0, 0
0.020326, 1, -12, 0, 0
0.020526, -4, -10, 0, 0
0.020726, 42, -18, 0, 0
0.020926, -1, 12, 0, 0
0.021126, -5, 2, 0, 0
0.021328, -2, 25, 0, 0
0.021526, 1, -12, 0, 0
0.021726, 9, 20, 0, 0
0.021926, 7, -15, 0, 0
0.022126, -7, 15, 0, 0
0.022326, -11, 5, 0, 0
0.022526, 26, 13, 0, 0
0.022726, -5, 2, 0, 0
0.022926, -5, 2, 0, 0
0.023126, -1, 12, 0, 0
0.023328, -1, 12, 0, 0
0.023526, 9, 20, 0, 0
0.023726, 0, 0, 0, 0
0.023926, -1, 12, 0, 0
0.024126, -5, 2, 0, 0
0.024326, -1, 12, 0, 0
0.024524, 2, 23, 0, 0
0.024726, 42, -18, 0, 0
0.024928, -1, 12, 0, 0
0.025126, 0, 0, 0, 0
0.025326, 42, -18, 0, 0
0.025526, -7, 15, 0, 0
0.025726, 0, 0, 0, 0
0.025926, -6, 2, 0, 0
0.026126, 0, 0, 0, 0
0.026326, -1, 12, 0, 0
0.026526, -7, 15, 0, 0
0.026726, -22, 46, 0, 0
0.026926, 0, 0, 0, 0
0.027126, 38, 7, 0, 0
0.027326, -1, 12, 0, 0
0.027526, 10, 7, 0, 0
0.027726, -14, 31, 0, 0
0.027926, 10, 7, 0, 0
0.028128, 10, 7, 0, 0
0.028326, -2, 25, 0, 0
0.028526, -9, 28, 0, 0
0.028726, 0, 0, 0, 0
0.028926, -1, 12, 0, 0
0.029126, 8, 20, 0, 0
0.029326, 21, -181, 0, 0
0.029528, -5, 2, 0, 0
0.029726, -38, 41, 0, 0
0.029926, -7, 15, 0, 0
0.030126, 10, 7, 0, 0
0.030326, -7, 15, 0, 0
0.030526, -17, 1, 0, 0
0.030726, -5, 2, 0, 0
0.030926, -4, -10, 0, 0
0.031126, 43, -31, 0, 0
0.031326, 1, -12, 0, 0
0.031526, -17, 7, 0, 0
0.031728, 1, -12, 0, 0
0.031926, 3, 23, 0, 0
0.032126, -1, 12, 0, 0
0.032328, 11, -5, 0, 0
0.032526, -2, 25, 0, 0
0.032726, -25, 23, 0, 0
0.032926, 1, -12, 0, 0
0.033126, 38, 7, 0, 0
0.033326, 0, 0, 0, 0
0.033526, -1, 12, 0, 0
0.033726, -7, 15, 0, 0
0.033926, -7, 15, 0, 0
0.034126, -1, 12, 0, 0
0.034326, -19, 20, 0, 0
0.034526, -7, 15, 0, 0
0.034728, -1, 12, 0, 0
0.034926, -2, 25, 0, 0
0.035126, 11, -5, 0, 0
0.035328, -1, 12, 0, 0
0.035526, 4, 10, 0, 0
0.035726, 40, -5, 0, 0
0.035926, -7, 15, 0, 0
0.036126, -4, 88, 0, 0
0.036326, -2, 25, 0, 0
0.036526, -2, 25, 0, 0
0.036726, -7, 15, 0, 0
0.036926, -16, 44, 0, 0
0.037126, 38, 7, 0, 0
0.037326, -7, 15, 0, 0
0.037526, 0, 0, 0, 0
0.037726, -4, -10, 0, 0
0.037926, -5, 2, 0, 0
0.038126, -1, 12, 0, 0
0.038326, 0, 0, 0, 0
0.038526, -7, 15, 0, 0
0.038726, 38, 7, 0, 0
0.038926, -5, 2, 0, 0
0.039126, -3, 25, 0, 0
0.039326, -16, 44, 0, 0
0.039526, -6, 2, 0, 0
0.039726, -6, 2, 0, 0
0.039926, 40, -5, 0, 0
0.040126, -8, 28, 0, 0
0.040326, -1, 12, 0, 0
0.040526, -6, 2, 0, 0
0.040726, -1, 12, 0, 0
0.040926, 0, 0, 0, 0
0.041126, 1, -12, 0, 0
0.041326, -1, 12, 0, 0
0.041526, 40, -5, 0, 0
0.041726, -6, 2, 0, 0
0.041926, -8, 28, 0, 0
0.042126, 3, -75, 0, 0
0.042324, -6, 2, 0, 0
0.042526, -14, 31, 0, 0
0.042726, -8, 28, 0, 0
0.042926, -5, -3, 0, 0
0.043126, -1, 12, 0, 0
0.043326, -20, 33, 0, 0
0.043526, 0, 0, 0, 0
0.043726, -22, 46, 0, 0
0.043926, -7, 15, 0, 0
0.044126, 0, 0, 0, 0
0.044326, -6, 2, 0, 0
0.044526, 1, -12, 0, 0
0.044726, -9, 28, 0, 0
0.044926, -1, 12, 0, 0
0.045126, 21, 9, 0, 0
0.045326, -8, 28, 0, 0
0.045526, -1, 12, 0, 0
0.045726, 8, 20, 0, 0
0.045926, -7, 15, 0, 0
0.046126, -5, 2, 0, 0
0.046326, -6, 2, 0, 0
0.046526, 10, 7, 0, 0
0.046726, -1, 12, 0, 0
0.046926, 13, -18, 0, 0
0.047126, -3, 25, 0, 0
0.047326, 100, -30, 0, 0
0.047526, 0, 0, 0, 0
0.047726, 1, -12, 0, 0
0.047926, 25, 26, 0, 0
0.048126, -4, -10, 0, 0
0.048326, -4, -10, 0, 0
0.048526, 0, 0, 0, 0
0.048726, -80, 107, 0, 0
0.048926, 1, -12, 0, 0
0.049126, -7, 15, 0, 0
0.049326, -7, 15, 0, 0
0.049526, -95, 41, 0, 0
0.049726, 22, 2, 0, 0
0.049926, -1, 12, 0, 0
0.050126, -3, -23, 0, 0
0.050326, -7, 15, 0, 0
0.050526, -32, 38, 0, 0
0.050726, 0, 0, 0, 0
0.050926, -7, 15, 0, 0
0.051126, -18, 7, 0, 0
0.051326, -4, -10, 0, 0
0.051524, -54, 22, 0, 0
0.051726, -7, 15, 0, 0
0.051928, 0, 0, 0, 0
0.052126, -6, 2, 0, 0
0.052326, -1, 12, 0, 0
0.052526, -6, 2, 0, 0
0.052724, -1, -36, 0, 0
0.052926, -14, 31, 0, 0
0.053126, -6, 2, 0, 0
0.053326, -5, 2, 0, 0
0.053526, -58, 61, 0, 0
0.053726, -4, -10, 0, 0
0.053926, -11, 54, 0, 0
0.054126, -11, 5, 0, 0
0.054326, -19, 20, 0, 0
0.054526, -8, 28, 0, 0
0.054726, -6, 2, 0, 0
0.054928, 1, -12, 0, 0
0.055126, -5, 2, 0, 0
0.055328, -1, 12, 0, 0
0.055526, -52, 10, 0, 0
0.055726, 25, 26, 0, 0
0.055926, -53, 23, 0, 0
0.056126, -7, 15, 0, 0
0.056326, -9, 28, 0, 0
0.056526, -6, 2, 0, 0
0.056726, -8, 28, 0, 0
0.056924, -1, 12, 0, 0
0.057126, -9, 28, 0, 0
0.057326, 3, 16, 0, 0
0.057526, -7, 15, 0, 0
0.057728, -13, 18, 0, 0
0.057926, 1, -12, 0, 0
0.058126, -55, 84, 0, 0
0.058326, -6, 2, 0, 0
0.058528, 4, -38, 0, 0
0.058726, 0, 0, 0, 0
0.058926, 8, 20, 0, 0
0.059126, -1, 12, 0, 0
0.059326, 41, -18, 0, 0
0.059526, -2, 25, 0, 0
0.059724, -15, 30, 0, 0
0.059926, -3, 25, 0, 0
0.060126, 0, -6, 0, 0
0.060326, -5, 2, 0, 0
0.060526, 1, -12, 0, 0
0.060726, -27, 36, 0, 0
0.060926, -54, 23, 0, 0
0.061126, -10, 34, 0, 0
0.061326, -1, 12, 0, 0
0.061526, 1, -12, 0, 0
0.061724, -1, 12, 0, 0
0.061926, 9, 20, 0, 0
0.062126, 40, -5, 0, 0
0.062326, -3, 25, 0, 0
0.062526, -14, 31, 0, 0
0.062726, 15, 18, 0, 0
0.062926, -19, 20, 0, 0
0.063126, -9, 28, 0, 0
0.063326, -1, 12, 0, 0
0.063526, -4, -10, 0, 0
0.063726, -7, 15, 0, 0
0.063926, -6, 2, 0, 0
0.064126, -7, 15, 0, 0
0.064328, 0, 0, 0, 0
0.064526, -1, 12, 0, 0
0.064726, -6, 2, 0, 0
0.064926, 40, -4, 0, 0
0.065126, -9, 28, 0, 0
0.065326, -9, 28, 0, 0
0.065526, 1, -12, 0, 0
0.065726, -1, 12, 0, 0
0.065926, 0, 0, 0, 0
0.066126, -1, 12, 0, 0
0.066328, -1, 12, 0, 0
0.066526, 0, 0, 0, 0
0.066728, 40, -5, 0, 0
0.066926, -19, 20, 0, 0
0.067126, -17, 50, 0, 0
0.067326, 43, -30, 0, 0
0.067526, -6, 2, 0, 0
0.067726, -2, 25, 0, 0
0.067926, -5, 2, 0, 0
0.068126, -1, 12, 0, 0
0.068326, -99, 66, 0, 0
0.068526, -4, -10, 0, 0
0.068726, 43, -31, 0, 0
0.068926, -5, 2, 0, 0
0.069126, 2, -75, 0, 0
0.069326, -6, 2, 0, 0
0.069526, -1, 12, 0, 0
0.069726, -5, 2, 0, 0
0.069926, -25, 23, 0, 0
0.070126, 0, 0, 0, 0
0.070326, 43, -31, 0, 0
0.070724, -4, -10, 0, 0
0.070926, -2, 25, 0, 0
0.071126, -2, 25, 0, 0
0.071326, -1, 12, 0, 0
0.071526, -5, 2, 0, 0
0.071726, 4, -38, 0, 0
0.071926, 0, 0, 0, 0
0.072126, 112, -35, 0, 0
0.072326, -1, 12, 0, 0
0.072526, -57, 97, 0, 0
0.072726, -78, 33, 0, 0
0.072926, 40, -5, 0, 0
0.073126, -1, 12, 0, 0
0.073326, 42, -17, 0, 0
0.073526, -10, 41, 0, 0
0.073724, -54, 64, 0, 0
0.073926, 1, -12, 0, 0
0.074126, -1, 12, 0, 0
0.074326, 1, -12, 0, 0
0.074526, -1, 12, 0, 0
0.074726, 43, -31, 0, 0
0.074926, 9, 20, 0, 0
0.075126, -1, 12, 0, 0
0.075326, 10, 7, 0, 0
0.075526, 8, -77, 0, 0
0.075726, -17, 7, 0, 0
0.075926, 69, -54, 0, 0
0.076126, -1, 12, 0, 0
0.076326, -8, 28, 0, 0
0.076526, 26, 13, 0, 0
0.076726, -4, 38, 0, 0
0.076926, -13, 18, 0, 0
0.077126, 40, -5, 0, 0
0.077326, -2, 25, 0, 0
0.077526, -2, 25, 0, 0
0.077726, -1, 12, 0, 0
0.077926, -67, 41, 0, 0
0.078126, -5, 2, 0, 0
0.078326, 7, -15, 0, 0
0.078526, -6, 2, 0, 0
0.078728, 11, -5, 0, 0
0.078926, 11, -5, 0, 0
0.079126, -6, 2, 0, 0
0.079326, -4, -10, 0, 0
0.079526, -2, 25, 0, 0
0.079726, 18, -7, 0, 0
0.079924, -9, 28, 0, 0
0.080126, 22, 2, 0, 0
0.080326, 1, -12, 0, 0
0.080526, 21, -33, 0, 0
0.080726, -5, 2, 0, 0
0.080928, -5, 2, 0, 0
0.081126, -7, 15, 0, 0
0.081326, 2, 29, 0, 0
0.081526, -39, 41, 0, 0
0.081726, -7, 15, 0, 0
0.081926, 2, -19, 0, 0
0.082126, -1, 12, 0, 0
0.082326, -1, 12, 0, 0
0.082526, -16, 44, 0, 0
0.082726, 40, -5, 0, 0
0.082926, 5, -2, 0, 0
0.083126, -6, 2, 0, 0
0.083326, -6, 2, 0, 0
0.083526, 1, -12, 0, 0
0.083726, 40, -5, 0, 0
0.083926, -4, -10, 0, 0
0.084124, -56, 84, 0, 0
0.084326, 3, 23, 0, 0
0.084526, -2, 25, 0, 0
0.084726, -7, 15, 0, 0
0.084926, 71, -67, 0, 0
0.085126, 26, -36, 0, 0
0.085326, 22, -46, 0, 0
0.085526, -7, 15, 0, 0
0.085726, -5, 2, 0, 0
0.085928, 1, -12, 0, 0
0.086128, -2, 25, 0, 0
0.086326, -6, 2, 0, 0
0.086526, -7, 15, 0, 0
0.086726, -1, 12, 0, 0
0.086926, -8, 28, 0, 0
0.087128, -4, -10, 0, 0
0.087326, -8, 28, 0, 0
0.087526, -7, 15, 0, 0
0.087728, -2, 25, 0, 0
0.087924, -12, 90, 0, 0
0.088126, 1, -12, 0, 0
0.088326, -4, -10, 0, 0
0.088526, 0, 0, 0, 0
0.088726, -5, 2, 0, 0
0.088926, 12, -5, 0, 0
0.089128, -1, 12, 0, 0
0.089328, -37, 28, 0, 0
0.089526, 0, 0, 0, 0
0.089726, -8, 28, 0, 0
0.089926, 41, -18, 0, 0
0.090126, 4, 10, 0, 0
0.090326, 21, 9, 0, 0
0.090526, -6, 2, 0, 0
0.090726, -7, 15, 0, 0
0.090926, 1, -12, 0, 0
0.091126, -7, 15, 0, 0
0.091326, -8, 28, 0, 0
0.091526, 41, -18, 0, 0
0.091726, 37, -77, 0, 0
0.091928, -2, 25, 0, 0
0.092128, 0, 0, 0, 0
0.092328, -4, -10, 0, 0
0.092526, -8, 28, 0, 0
0.092728, 0, 0, 0, 0
0.092926, -5, 2, 0, 0
0.093126, -5, 2, 0, 0
0.093326, -1, 12, 0, 0
0.093526, -3, 25, 0, 0
0.093726, -1, 12, 0, 0
0.093926, 1, -12, 0, 0
0.094126, -6, 2, 0, 0
0.094326, 0, 0, 0, 0
0.094528, -4, -10, 0, 0
0.094726, -1, 12, 0, 0
0.094926, -1, 12, 0, 0
0.095126, 46, -7, 0, 0
0.095326, -6, 9, 0, 0
0.095528, -17, 7, 0, 0
0.095726, -17, 7, 0, 0
0.095926, -7, 15, 0, 0
0.096128, 13, -18, 0, 0
0.096326, -1, 12, 0, 0
0.096526, 13, -18, 0, 0
0.096726, 86, -13, 0, 0
0.096926, -34, 51, 0, 0
0.097126, 13, -18, 0, 0
0.097326, 0, 0, 0, 0
0.097526, -16, 44, 0, 0
0.097726, 1, -12, 0, 0
0.097926, -7, 15, 0, 0
0.098128, -5, 2, 0, 0
0.098326, -9, 28, 0, 0
0.098526, -4, -10, 0, 0
0.098726, 0, 0, 0, 0
0.098926, 0, 0, 0, 0
0.099128, -13, 18, 0, 0
0.099326, -31, 25, 0, 0
0.099526, -5, 2, 0, 0
0.099726, 17, -7, 0, 0
0.099926, -33, 38, 0, 0
0.000126, -2, 19, 0, 0
0.000326, 7, -15, 0, 0
0.000526, -1, 12, 0, 0
0.000726, 41, -18, 0, 0
0.000926, 4, 10, 0, 0
0.001126, 1, -12, 0, 0
0.001326, -1, 12, 0, 0
0.001526, -5, 2, 0, 0
0.001726, 0, 0, 0, 0
0.001926, -2, 25, 0, 0
0.002126, -4, 38, 0, 0
0.002326, -1, 12, 0, 0
0.002528, -7, 15, 0, 0
0.002726, 0, 0, 0, 0
0.002926, -53, 72, 0, 0
0.003126, -1, 12, 0, 0
0.003326, -1, 12, 0, 0
0.003526, -2, -23, 0, 0
0.003726, -4, -10, 0, 0
0.003926, -5, 2, 0, 0
0.004126, -4, -10, 0, 0
0.004328, -1, 12, 0, 0
0.004526, -7, 15, 0, 0
0.004728, -1, 12, 0, 0
0.004926, -8, 28, 0, 0
0.005126, -7, 15, 0, 0
0.005326, -5, 2, 0, 0
0.005526, -1, 12, 0, 0
0.005726, -7, 15, 0, 0
0.005928, -8, 28, 0, 0
0.006126, -7, 15, 0, 0
0.006326, -1, 12, 0, 0
0.006528, 10, 7, 0, 0
0.006726, -1, 12, 0, 0
0.006926, -3, 25, 0, 0
0.007126, -5, 2, 0, 0
0.007326, 10, 7, 0, 0
0.007526, 31, 72, 0, 0
0.007728, 39, 7, 0, 0
0.007928, -1, 12, 0, 0
0.008126, 42, -17, 0, 0
0.008326, -6, 2, 0, 0
0.008526, -11, 54, 0, 0
0.008726, -2, 25, 0, 0
0.008926, -38, 41, 0, 0
0.009126, -1, 12, 0, 0
0.009326, -14, 24, 0, 0
0.009526, -7, 15, 0, 0
0.009728, 10, 7, 0, 0
0.009926, -7, 15, 0, 0
0.010126, -7, 64, 0, 0
0.010328, -56, 50, 0, 0
0.010526, -4, -10, 0, 0
0.010726, -5, 2, 0, 0
0.010926, -1, 12, 0, 0
0.011126, -5, 2, 0, 0
0.011326, -1, 12, 0, 0
0.011528, -1, 12, 0, 0
0.011726, -13, 18, 0, 0
0.011926, -4, -10, 0, 0
0.012126, -7, 15, 0, 0
0.012326, -5, 2, 0, 0
0.012526, -3, 25, 0, 0
0.012726, -9, 28, 0, 0
0.012926, 9, 20, 0, 0
0.013126, 1, -12, 0, 0
0.013326, 38, 7, 0, 0
0.013526, 25, 25, 0, 0
0.013728, -29, 13, 0, 0
0.013926, 6, -2, 0, 0
0.014126, -53, 23, 0, 0
0.014326, -2, -23, 0, 0
0.014526, -7, 15, 0, 0
0.014726, 7, -15, 0, 0
0.014926, 14, 18, 0, 0
0.015128, 19, -20, 0, 0
0.015326, 51, -95, 0, 0
0.015526, -7, 15, 0, 0
0.015728, -7, 15, 0, 0
0.015928, -4, -10, 0, 0
0.016126, 1, -12, 0, 0
0.016326, 28, 0, 0, 0
0.016526, 1, -12, 0, 0
0.016726, -1, 12, 0, 0
0.016928, -2, 25, 0, 0
0.017126, -38, 41, 0, 0
0.017326, -22, 46, 0, 0
0.017526, 0, 0, 0, 0
0.017726, 0, 0, 0, 0
0.017928, 3, 23, 0, 0
0.018128, -5, 2, 0, 0
0.018326, -5, 2, 0, 0
0.018526, -5, 2, 0, 0
0.018728, 41, -18, 0, 0
0.018926, 0, 0, 0, 0
0.019128, -5, 2, 0, 0
0.019326, 9, 20, 0, 0
0.019526, 18, -7, 0, 0
0.019726, -54, 78, 0, 0
0.019926, -7, 15, 0, 0
0.020126, -1, 12, 0, 0
0.020326, -7, 15, 0, 0
0.020526, -7, 15, 0, 0
0.020726, 3, 16, 0, 0
0.020926, -7, 15, 0, 0
0.021126, -9, 28, 0, 0
0.021326, -4, -10, 0, 0
0.021526, 1, -12, 0, 0
0.021728, -2, 25, 0, 0
0.021926, -5, 2, 0, 0
0.022126, 7, -15, 0, 0
0.022326, -7, 15, 0, 0
0.022526, -8, 28, 0, 0
0.022728, 10, 7, 0, 0
0.022926, 0, 0, 0, 0
0.023126, 42, -18, 0, 0
0.023328, -8, 28, 0, 0
0.023526, -5, 2, 0, 0
0.023726, 22, 2, 0, 0
0.023926, -1, 12, 0, 0
0.024126, 0, 0, 0, 0
0.024326, 89, -39, 0, 0
0.024526, -1, 12, 0, 0
0.024726, 1, -12, 0, 0
0.024928, -20, 34, 0, 0
0.025128, -43, 31, 0, 0
0.025326, -1, 12, 0, 0
0.025526, -1, 12, 0, 0
0.025726, -1, 12, 0, 0
0.025926, -5, 2, 0, 0
0.026126, -1, 12, 0, 0
0.026328, -1, 12, 0, 0
0.026528, 0, 0, 0, 0
0.026726, -1, 12, 0, 0
0.026926, -1, 12, 0, 0
0.027126, -7, 15, 0, 0
0.027326, 11, -5, 0, 0
0.027526, 40, -5, 0, 0
0.027726, 2, -25, 0, 0
0.028126, -7, 15, 0, 0
0.028326, -7, 15, 0, 0
0.028526, -8, 28, 0, 0
0.028726, -13, 18, 0, 0
0.028926, -24, 10, 0, 0
0.029126, 0, 0, 0, 0
0.029326, -3, 25, 0, 0
0.029526, -4, -10, 0, 0
0.029726, 44, -44, 0, 0
0.029926, -1, 12, 0, 0
0.030128, -5, 2, 0, 0
0.030326, -7, 15, 0, 0
0.030526, -7, 15, 0, 0
0.030726, 0, 0, 0, 0
0.030926, -5, -53, 0, 0
0.031126, -5, 2, 0, 0
0.031328, 0, 0, 0, 0
0.031528, 40, -5, 0, 0
0.031726, -1, 12, 0, 0
0.031926, -6, 2, 0, 0
0.032128, 9, 20, 0, 0
0.032326, -5, 2, 0, 0
0.032526, -34, 51, 0, 0
0.032726, 13, -18, 0, 0
0.032926, 14, -24, 0, 0
0.033126, -8, 28, 0, 0
0.033326, 1, -12, 0, 0
0.033526, -22, 46, 0, 0
0.033726, -4, -10, 0, 0
0.033926, -7, 15, 0, 0
0.034126, -6, 2, 0, 0
0.034326, 0, 0, 0, 0
0.034526, 0, 0, 0, 0
0.034726, 40, -5, 0, 0
0.034926, 3, 23, 0, 0
0.035126, -5, 2, 0, 0
0.035326, 54, -23, 0, 0
0.035528, 0, 0, 0, 0
0.035728, 0, 0, 0, 0
0.035928, -7, 15, 0, 0
0.036126, 61, 9, 0, 0
0.036326, 86, -13, 0, 0
0.036526, -8, 28, 0, 0
0.036726, 11, -5, 0, 0
0.036926, 5, -2, 0, 0
0.037126, -3, 25, 0, 0
0.037326, 40, -5, 0, 0
0.037528, 0, 0, 0, 0
0.037726, -11, 103, 0, 0
0.037926, -5, 2, 0, 0
0.038126, 0, 0, 0, 0
0.038328, -7, 15, 0, 0
0.038526, 10, 7, 0, 0
0.038726, -2, 25, 0, 0
0.038926, -5, 2, 0, 0
0.039126, 0, 0, 0, 0
0.039326, -5, 2, 0, 0
0.039526, -7, 15, 0, 0
0.039726, -1, 12, 0, 0
0.039926, 10, 7, 0, 0
0.040126, 16, 54, 0, 0
0.040326, -1, 12, 0, 0
0.040528, 1, -12, 0, 0
0.040726, 0, 0, 0, 0
0.040926, -5, 2, 0, 0
0.041126, -9, 28, 0, 0
0.041328, 5, -2, 0, 0
0.041526, 0, 0, 0, 0
0.041728, -8, 28, 0, 0
0.041926, 2, 23, 0, 0
0.042126, -97, 54, 0, 0
0.042326, 46, -7, 0, 0
0.042526, 1, -12, 0, 0
0.042726, 5, -2, 0, 0
0.042926, -4, 38, 0, 0
0.043126, 94, -29, 0, 0
0.043326, 8, -77, 0, 0
0.043526, -13, 18, 0, 0
0.043726, -4, -10, 0, 0
0.043926, -7, 15, 0, 0
0.044126, 5, -2, 0, 0
0.044326, -1, 12, 0, 0
0.044526, -13, 18, 0, 0
0.044726, -1, 12, 0, 0
0.044926, 41, -18, 0, 0
0.045126, 3, 23, 0, 0
0.045326, -5, 2, 0, 0
0.045528, 16, 5, 0, 0
0.045726, -1, 12, 0, 0
0.045926, -19, 20, 0, 0
0.046126, 1, -12, 0, 0
0.046326, 0, 0, 0, 0
0.046528, -8, 28, 0, 0
0.046726, -7, 15, 0, 0
0.046926, -4, -10, 0, 0
0.047128, -5, 2, 0, 0
0.047326, 0, 0, 0, 0
0.047528, 11, -5, 0, 0
0.047726, -7, 15, 0, 0
0.047926, -7, 15, 0, 0
0.048126, -4, -10, 0, 0
0.048326, 4, 10, 0, 0
0.048526, -7, 15, 0, 0
0.048726, 0, 0, 0, 0
0.048928, 5, -2, 0, 0
0.049126, 0, 0, 0, 0
0.049328, -1, 12, 0, 0
0.049526, 3, 23, 0, 0
0.049726, -2, 25, 0, 0
0.049926, -6, 2, 0, 0
0.050126, -7, 15, 0, 0
0.050326, -7, 15, 0, 0
0.050526, 12, -103, 0, 0
0.050726, 28, -49, 0, 0
0.050928, -2, 25, 0, 0
0.051126, 38, 7, 0, 0
0.051328, -7, 15, 0, 0
0.051526, -10, 41, 0, 0
0.051728, -2, 25, 0, 0
0.051926, -16, 43, 0, 0
0.052126, 0, -6, 0, 0
0.052326, -82, 23, 0, 0
0.052526, -7, 15, 0, 0
0.052726, 40, -5, 0, 0
0.052928, -5, 2, 0, 0
0.053126, -14, 31, 0, 0
0.053326, 1, -12, 0, 0
0.053526, -4, -10, 0, 0
0.053726, 13, -18, 0, 0
0.053926, -19, 20, 0, 0
0.054126, -13, 18, 0, 0
0.054326, 4, 10, 0, 0
0.054526, -7, 15, 0, 0
0.054728, -2, 25, 0, 0
0.054928, 0, 0, 0, 0
0.055126, 0, 0, 0, 0
0.055326, -1, 12, 0, 0
0.055526, -5, 2, 0, 0
0.055726, -1, 12, 0, 0
0.055926, -36, 15, 0, 0
0.056126, -7, 15, 0, 0
0.056326, -11, 5, 0, 0
0.056526, -7, 15, 0, 0
0.056726, 1, -12, 0, 0
0.056928, 11, -5, 0, 0
0.057126, -1, 12, 0, 0
0.057326, -8, 28, 0, 0
0.057526, -97, 54, 0, 0
0.057726, -7, 15, 0, 0
0.057926, -8, 28, 0, 0
0.058126, -6, 2, 0, 0
0.058326, -5, 2, 0, 0
0.058528, 43, -31, 0, 0
0.058728, 1, -12, 0, 0
0.058928, 19, -21, 0, 0
0.059128, -8, 28, 0, 0
0.059326, -1, 12, 0, 0
0.059528, -2, 25, 0, 0
0.059726, 13, -18, 0, 0
0.059928, -27, -61, 0, 0
0.060126, -4, -10, 0, 0
0.060326, 0, 0, 0, 0
0.060526, 42, -18, 0, 0
0.060726, -1, 12, 0, 0
0.060926, -3, -23, 0, 0
0.061126, -7, 15, 0, 0
0.061326, -5, 2, 0, 0
0.061526, -4, -10, 0, 0
0.061726, 154, -54, 0, 0
0.061926, -8, 28, 0, 0
0.062126, 1, -12, 0, 0
0.062326, -8, 28, 0, 0
0.062526, -4, -10, 0, 0
0.062726, -3, 25, 0, 0
0.062926, -7, 15, 0, 0
0.063128, 0, 0, 0, 0
0.063326, -7, 15, 0, 0
0.063528, 41, -18, 0, 0
0.063726, -2, 25, 0, 0
0.063928, -6, 9, 0, 0
0.064128, 1, 36, 0, 0
0.064326, 67, -41, 0, 0
0.064528, -5, 2, 0, 0
0.064724, -21, 33, 0, 0
0.064926, -13, 18, 0, 0
0.065126, 1, -12, 0, 0
0.065328, -12, 116, 0, 0
0.065528, 0, 0, 0, 0
0.065728, 0, 0, 0, 0
0.065926, -2, 25, 0, 0
0.066126, -3, 25, 0, 0
0.066326, -7, 15, 0, 0
0.066526, 0, 0, 0, 0
0.066726, -7, 15, 0, 0
0.066926, 43, -31, 0, 0
0.067126, 40, -5, 0, 0
0.067326, -1, 111, 0, 0
0.067528, -5, 2, 0, 0
0.067726, 12, -5, 0, 0
0.067926, 0, 0, 0, 0
0.068128, 17, -1, 0, 0
0.068328, 21, 15, 0, 0
0.068526, 43, -30, 0, 0
0.068726, -19, 70, 0, 0
0.068926, 0, 0, 0, 0
0.069126, -16, 44, 0, 0
0.069328, -7, 15, 0, 0
0.069528, -5, 2, 0, 0
0.069726, 0, 0, 0, 0
0.069926, -6, 2, 0, 0
0.070126, 0, 0, 0, 0
0.070328, -1, 12, 0, 0
0.070526, -5, 2, 0, 0
0.070726, -7, 15, 0, 0
0.070926, -4, -10, 0, 0
0.071128, 10, 7, 0, 0
0.071326, -1, 12, 0, 0
0.071526, -7, 15, 0, 0
0.071726, -7, 15, 0, 0
0.071926, -7, 15, 0, 0
0.072126, 0, 0, 0, 0
0.072328, -5, 2, 0, 0
0.072528, -35, 15, 0, 0
0.072726, 1, -12, 0, 0
0.072928, -7, 15, 0, 0
0.073126, 35, -8, 0, 0
0.073326, 0, 0, 0, 0
0.073528, -7, 15, 0, 0
0.073726, 11, -5, 0, 0
0.073926, -1, 12, 0, 0
0.074126, -4, -10, 0, 0
0.074326, 49, 64, 0, 0
0.074528, 0, -62, 0, 0
0.074726, 44, 5, 0, 0
0.074926, -6, 2, 0, 0
0.075126, -5, 2, 0, 0
0.075326, -7, 15, 0, 0
0.075526, 38, 7, 0, 0
0.075726, -1, 12, 0, 0
0.075928, 0, 0, 0, 0
0.076126, -16, 44, 0, 0
0.076326, -1, 12, 0, 0
0.076526, -2, 25, 0, 0
0.076728, -5, 2, 0, 0
0.076928, -2, 25, 0, 0
0.077126, -2, 25, 0, 0
0.077326, 0, 0, 0, 0
0.077528, 10, 7, 0, 0
0.077726, 3, 23, 0, 0
0.077928, 41, -18, 0, 0
0.078128, 0, 0, 0, 0
0.078326, 1, -12, 0, 0
0.078528, 11, -5, 0, 0
0.078726, -5, 2, 0, 0
0.078928, 0, 0, 0, 0
0.079126, -14, -18, 0, 0
0.079326, -17, 7, 0, 0
0.079526, 25, -23, 0, 0
0.079726, 1, -12, 0, 0
0.079926, -2, 25, 0, 0
0.080126, -2, 25, 0, 0
0.080326, -8, 28, 0, 0
0.080526, 10, 7, 0, 0
0.080726, -6, 2, 0, 0
0.080928, -11, 5, 0, 0
0.081126, -1, 12, 0, 0
0.081326, -1, 12, 0, 0
0.081526, 59, -26, 0, 0
0.081726, 38, 7, 0, 0
0.081926, -4, -10, 0, 0
0.082128, -17, 8, 0, 0
0.082326, -5, 2, 0, 0
0.082526, 47, -70, 0, 0
0.082728, -7, 15, 0, 0
0.082926, -55, 36, 0, 0
0.083126, 45, -50, 0, 0
0.083326, -22, 46, 0, 0
0.083526, -7, 15, 0, 0
0.083726, 0, 0, 0, 0
0.083926, 16, 5, 0, 0
0.084126, -14, 24, 0, 0
0.084326, -7, 15, 0, 0
0.084526, 5, -2, 0, 0
0.084726, 26, 12, 0, 0
0.084926, -7, 15, 0, 0
0.085128, -7, 15, 0, 0
0.085326, -5, 2, 0, 0
0.085526, 40, -5, 0, 0
0.085726, -6, 2, 0, 0
0.085926, -2, 25, 0, 0
0.086126, -7, 15, 0, 0
0.086326, -8, 28, 0, 0
0.086526, -1, 12, 0, 0
0.086726, 0, 0, 0, 0
0.086926, -89, 136, 0, 0
0.087126, -1, 12, 0, 0
0.087326, -2, 25, 0, 0
0.087528, -2, 25, 0, 0
0.087726, -25, 23, 0, 0
0.087928, -8, 28, 0, 0
0.088126, -5, 2, 0, 0
0.088326, -8, 28, 0, 0
0.088526, -5, 2, 0, 0
0.088728, -5, 2, 0, 0
0.088926, -134, -15, 0, 0
0.089126, -2, 25, 0, 0
0.089326, -2, 25, 0, 0
0.089526, -9, 28, 0, 0
0.089726, -3, -121, 0, 0
0.089928, -5, 2, 0, 0
0.090126, -3, -16, 0, 0
0.090326, -7, 15, 0, 0
0.090526, -2, 25, 0, 0
0.090726, -1, 12, 0, 0
0.090926, -1, 12, 0, 0
0.091128, 40, -5, 0, 0
0.091326, -5, 2, 0, 0
0.091526, -5, 2, 0, 0
0.091726, 0, 0, 0, 0
0.091926, -5, 2, 0, 0
0.092126, -100, 31, 0, 0
0.092326, -5, 2, 0, 0
0.092526, 1, -12, 0, 0
0.092726, -22, 46, 0, 0
0.092926, 0, 0, 0, 0
0.093126, 4, 10, 0, 0
0.093324, -3, 25, 0, 0
0.093526, -7, 15, 0, 0
0.093726, -5, 2, 0, 0
0.093926, 1, -12, 0, 0
0.094126, -8, 28, 0, 0
0.094326, -1, 12, 0, 0
0.094526, -7, 15, 0, 0
0.094726, -7, 15, 0, 0
0.094928, -5, 2, 0, 0
0.095126, 5, -2, 0, 0
0.095326, -7, 15, 0, 0
0.095528, 27, -98, 0, 0
0.095726, -7, 15, 0, 0
0.095926, -5, 2, 0, 0
0.096126, 0, 0, 0, 0
0.096326, -1, 12, 0, 0
0.096526, -1, 12, 0, 0
0.096726, -4, -10, 0, 0
0.096926, 10, 7, 0, 0
0.097126, -9, 28, 0, 0
0.097328, -7, 15, 0, 0
0.097726, -9, 28, 0, 0
0.097926, -7, 15, 0, 0
0.098126, -7, 15, 0, 0
0.098328, -1, 12, 0, 0
0.098526, 40, -5, 0, 0
0.098726, -16, 44, 0, 0
0.098926, -18, 7, 0, 0
0.099126, -7, 15, 0, 0
0.099326, -3, 25, 0, 0
0.099526, -6, 2, 0, 0
0.099726, 67, -41, 0, 0
0.099926, -1, 12, 0, 0
0.000126, -3, 25, 0, 0
0.000326, -7, 15, 0, 0
0.000528, -7, 15, 0, 0
0.000726, -7, 15, 0, 0
0.000926, -5, 2, 0, 0
0.001126, 1, -12, 0, 0
0.001326, -5, 2, 0, 0
0.001528, 11, -5, 0, 0
0.001726, -13, 18, 0, 0
0.001926, -1, 12, 0, 0
0.002126, -7, 15, 0, 0
0.002328, -4, -10, 0, 0
0.002526, -1, 12, 0, 0
0.002726, 1, -12, 0, 0
0.002926, -1, 12, 0, 0
0.003126, -4, -10, 0, 0
0.003326, -7, 15, 0, 0
0.003526, -7, 15, 0, 0
0.003726, -5, 2, 0, 0
0.003926, -1, 12, 0, 0
0.004126, -6, 2, 0, 0
0.004328, 28, 0, 0, 0
0.004526, -5, 2, 0, 0
0.004726, -8, 28, 0, 0
0.004926, 5, -2, 0, 0
0.005126, -1, 12, 0, 0
0.005326, 10, -90, 0, 0
0.005526, -1, 12, 0, 0
0.005726, -4, -10, 0, 0
0.005926, 0, 0, 0, 0
0.006126, -6, 2, 0, 0
0.006326, -2, 25, 0, 0
0.006528, -20, 33, 0, 0
0.006726, -7, 15, 0, 0
0.006926, 0, 0, 0, 0
0.007126, -7, 15, 0, 0
0.007326, 38, 8, 0, 0
0.007526, -9, 28, 0, 0
0.007726, 1, -12, 0, 0
0.007926, -20, 33, 0, 0
0.008126, 25, 25, 0, 0
0.008328, -7, 15, 0, 0
0.008526, 3, 23, 0, 0
0.008726, -2, 25, 0, 0
0.008926, -70, 18, 0, 0
0.009126, -5, 2, 0, 0
0.009326, -5, 2, 0, 0
0.009526, -7, 15, 0, 0
0.009726, -7, 15, 0, 0
0.009926, -5, 2, 0, 0
0.010126, -151, 78, 0, 0
0.010326, 0, 0, 0, 0
0.010526, -6, 2, 0, 0
0.010726, -7, 15, 0, 0
0.010926, 40, -5, 0, 0
0.011126, -7, 15, 0, 0
0.011326, 13, -18, 0, 0
0.011526, -47, 20, 0, 0
0.011724, -15, 30, 0, 0
0.011926, -7, 15, 0, 0
0.012126, -3, 25, 0, 0
0.012326, 11, -5, 0, 0
0.012526, -2, 25, 0, 0
0.012726, -7, 15, 0, 0
0.012926, -7, 15, 0, 0
0.013126, -1, 12, 0, 0
0.013326, -4, -10, 0, 0
0.013526, -1, 12, 0, 0
0.013726, 1, -12, 0, 0
0.013926, -7, 15, 0, 0
0.014126, -14, 31, 0, 0
0.014328, -5, 2, 0, 0
0.014526, -49, 33, 0, 0
0.014726, 0, 0, 0, 0
0.014926, -2, 25, 0, 0
0.015126, 0, 0, 0, 0
0.015326, 1, -12, 0, 0
0.015526, -14, 31, 0, 0
0.015724, 0, 0, 0, 0
0.015928, -8, 28, 0, 0
0.016126, 0, 0, 0, 0
0.016326, 1, -12, 0, 0
0.016528, -7, 15, 0, 0
0.016726, 0, 0, 0, 0
0.016926, 4, 10, 0, 0
0.017126, -6, 2, 0, 0
0.017326, -10, 90, 0, 0
0.017526, 1, -12, 0, 0
0.017726, 10, 7, 0, 0
0.017926, -1, 12, 0, 0
0.018126, 0, 0, 0, 0
0.018326, -1, 12, 0, 0
0.018526, -8, 28, 0, 0
0.018726, -6, 2, 0, 0
0.018926, -3, 25, 0, 0
0.019126, -1, 12, 0, 0
0.019326, -1, 12, 0, 0
0.019526, -2, 25, 0, 0
0.019726, -7, 15, 0, 0
0.019926, -5, 2, 0, 0
0.020126, 4, 10, 0, 0
0.020326, -5, 2, 0, 0
0.020528, -101, 45, 0, 0
0.020726, 0, 0, 0, 0
0.020926, 1, -12, 0, 0
0.021126, -3, 25, 0, 0
0.021326, -7, 15, 0, 0
0.021526, -5, 45, 0, 0
0.021726, -1, 12, 0, 0
0.021926, -5, 2, 0, 0
0.022126, -9, 28, 0, 0
0.022326, -94, 28, 0, 0
0.022526, -6, 2, 0, 0
0.022726, 10, 7, 0, 0
0.022926, 40, -5, 0, 0
0.023126, 40, -5, 0, 0
0.023326, -6, 2, 0, 0
0.023524, -23, 46, 0, 0
0.023726, -5, 2, 0, 0
0.023926, -1, 12, 0, 0
0.024126, 38, 7, 0, 0
0.024326, 11, -5, 0, 0
0.024526, 1, -12, 0, 0
0.024726, -1, 12, 0, 0
0.024928, -7, 15, 0, 0
0.025126, -15, 31, 0, 0
0.025326, 0, 0, 0, 0
0.025526, -5, 2, 0, 0
0.025726, -2, 25, 0, 0
0.025926, -3, 25, 0, 0
0.026126, -7, 15, 0, 0
0.026326, -7, 15, 0, 0
0.026526, -5, 2, 0, 0
0.026726, 0, 0, 0, 0
0.026926, -7, 15, 0, 0
0.027126, -1, 12, 0, 0
0.027326, -6, 2, 0, 0
0.027526, 40, -5, 0, 0
0.027726, 48, -20, 0, 0
0.027926, -46, 7, 0, 0
0.028126, -6, 9, 0, 0
0.028326, -4, -10, 0, 0
0.028528, -96, 55, 0, 0
0.028726, -1, 12, 0, 0
0.028926, -7, 15, 0, 0
0.029126, -6, 2, 0, 0
0.029326, 0, 0, 0, 0
0.029526, -1, 12, 0, 0
0.029726, -1, 12, 0, 0
0.029926, -7, 15, 0, 0
0.030126, -1, 12, 0, 0
0.030326, 45, -43, 0, 0
0.030526, -1, 12, 0, 0
0.030726, -43, 31, 0, 0
0.030926, -7, 15, 0, 0
0.031126, 16, 5, 0, 0
0.031328, -8, 28, 0, 0
0.031526, 38, 7, 0, 0
0.031724, 2, 23, 0, 0
0.031926, 0, 0, 0, 0
0.032126, -7, 15, 0, 0
0.032326, -56, 91, 0, 0
0.032528, -5, 2, 0, 0
0.032726, -6, 2, 0, 0
0.032926, -16, 93, 0, 0
0.033128, 9, 20, 0, 0
0.033326, -4, -10, 0, 0
0.033526, -1, 12, 0, 0
0.033724, 43, -30, 0, 0
0.033926, 0, 0, 0, 0
0.034126, -4, -10, 0, 0
0.034326, -5, 2, 0, 0
0.034526, 51, -46, 0, 0
0.034724, -6, 2, 0, 0
0.034928, 0, 0, 0, 0
0.035126, -5, 2, 0, 0
0.035326, 44, 4, 0, 0
0.035526, -1, 12, 0, 0
0.035724, -6, 2, 0, 0
0.035926, -8, 28, 0, 0
0.036126, -1, 12, 0, 0
0.036326, 0, 0, 0, 0
0.036526, -10, 41, 0, 0
0.036726, 0, 0, 0, 0
0.036924, -7, 15, 0, 0
0.037126, 45, -43, 0, 0
0.037326, -15, 31, 0, 0
0.037526, 2, 23, 0, 0
0.037726, 3, -75, 0, 0
0.037926, -6, 2, 0, 0
0.038126, 1, -12, 0, 0
0.038326, -7, 15, 0, 0
0.038528, -7, 15, 0, 0
0.038726, -7, 15, 0, 0
0.038928, -5, 2, 0, 0
0.039126, -7, 15, 0, 0
0.039326, -1, 12, 0, 0
0.039526, -95, 42, 0, 0
0.039926, -2, 25, 0, 0
0.040126, 0, 0, 0, 0
0.040326, -8, 28, 0, 0
0.040526, -7, 15, 0, 0
0.040726, 0, 0, 0, 0
0.040924, 25, 26, 0, 0
0.041126, 17, -155, 0, 0
0.041326, -6, 2, 0, 0
0.041526, -7, 15, 0, 0
0.041726, -1, 12, 0, 0
0.041926, -13, 18, 0, 0
0.042128, 1, -12, 0, 0
0.042326, -6, 2, 0, 0
0.042526, 0, 0, 0, 0
0.042726, -7, 15, 0, 0
0.042926, -9, 28, 0, 0
0.043126, 38, 8, 0, 0
0.043326, 4, 10, 0, 0
0.043526, 40, -5, 0, 0
0.043728, -8, 28, 0, 0
0.043926, -4, -10, 0, 0
0.044126, 6, -2, 0, 0
0.044326, -3, 25, 0, 0
0.044526, -10, 41, 0, 0
0.044724, 21, -33, 0, 0
0.044926, -5, 2, 0, 0
0.045126, 0, 0, 0, 0
0.045326, 0, 0, 0, 0
0.045526, 1, -12, 0, 0
0.045726, -1, 12, 0, 0
0.045924, -7, 15, 0, 0
0.046126, -2, 25, 0, 0
0.046326, 41, -18, 0, 0
0.046526, -5, 2, 0, 0
0.046726, -11, 90, 0, 0
0.046926, -14, 31, 0, 0
0.047126, -3, 25, 0, 0
0.047326, -1, 12, 0, 0
0.047526, -5, 2, 0, 0
0.047726, -100, 30, 0, 0
0.047926, 5, -2, 0, 0
0.048124, 138, -57, 0, 0
0.048326, 4, 10, 0, 0
0.048526, -4, -10, 0, 0
0.048726, 1, -12, 0, 0
0.048926, 0, 0, 0, 0
0.049126, 0, 0, 0, 0
0.049326, -1, 12, 0, 0
0.049526, -2, 25, 0, 0
0.049726, -3, 25, 0, 0
0.049926, 42, -18, 0, 0
0.050126, 0, 0, 0, 0
0.050326, -20, 33, 0, 0
0.050526, 22, 2, 0, 0
0.050726, -9, 28, 0, 0
0.050926, -1, 12, 0, 0
0.051126, 2, -68, 0, 0
0.051326, 0, 0, 0, 0
0.051528, 4, 10, 0, 0
0.051726, 0, 0, 0, 0
0.051926, -8, 28, 0, 0
0.052128, 43, -31, 0, 0
0.052326, 8, 20, 0, 0
0.052526, -49, 33, 0, 0
0.052726, -17, 106, 0, 0
0.052926, 38, 8, 0, 0
0.053126, 24, -10, 0, 0
0.053326, 42, -18, 0, 0
0.053526, -6, 2, 0, 0
0.053726, -1, 12, 0, 0
0.053926, -9, 28, 0, 0
0.054124, -21, 33, 0, 0
0.054326, 0, 0, 0, 0
0.054526, 5, -2, 0, 0
0.054726, -7, 15, 0, 0
0.054926, -1, 12, 0, 0
0.055126, -1, 12, 0, 0
0.055326, -1, 12, 0, 0
0.055528, -53, 23, 0, 0
0.055726, -8, 28, 0, 0
0.055926, 41, -18, 0, 0
0.056126, -6, 2, 0, 0
0.056326, -7, 15, 0, 0
0.056526, -2, 25, 0, 0
0.056726, 3, 23, 0, 0
0.056926, 12, -5, 0, 0
0.057126, -5, 2, 0, 0
0.057326, -1, 12, 0, 0
0.057524, 0, 0, 0, 0
0.057726, -1, 12, 0, 0
0.057926, 10, 7, 0, 0
0.058126, -9, 28, 0, 0
0.058326, -3, 25, 0, 0
0.058526, -1, 12, 0, 0
0.058726, -9, 28, 0, 0
0.058926, -7, 15, 0, 0
0.059126, -7, 15, 0, 0
0.059326, 0, 0, 0, 0
0.059526, -8, 28, 0, 0
0.059726, -9, 28, 0, 0
0.059926, 38, 7, 0, 0
0.060126, 14, -179, 0, 0
0.060326, 13, -18, 0, 0
0.060526, 41, -18, 0, 0
0.060726, -55, 36, 0, 0
0.060926, 32, -38, 0, 0
0.061126, -3, 25, 0, 0
0.061326, -1, 12, 0, 0
0.061526, 0, 0, 0, 0
0.061726, -9, 28, 0, 0
0.061924, -11, 41, 0, 0
0.062126, -19, 20, 0, 0
0.062326, -1, 12, 0, 0
0.062526, 3, 23, 0, 0
0.062726, 3, 23, 0, 0
0.062926, -1, 12, 0, 0
0.063126, -6, 2, 0, 0
0.063326, -57, 49, 0, 0
0.063528, -8, 28, 0, 0
0.063726, -7, 15, 0, 0
0.063926, 2, -19, 0, 0
0.064126, -7, 15, 0, 0
0.064326, 6, -2, 0, 0
0.064528, -1, 12, 0, 0
0.064726, -5, 2, 0, 0
0.064924, -7, 15, 0, 0
0.065126, -1, 12, 0, 0
0.065326, 7, -15, 0, 0
0.065526, -8, 28, 0, 0
0.065726, -7, 15, 0, 0
0.065926, -6, 2, 0, 0
0.066126, 11, -5, 0, 0
0.066326, -7, 15, 0, 0
0.066526, 10, 7, 0, 0
0.066726, -1, 12, 0, 0
0.066926, -9, 28, 0, 0
0.067126, 4, 10, 0, 0
0.067326, -1, 12, 0, 0
0.067526, 11, -140, 0, 0
0.067726, -7, 15, 0, 0
0.067924, -4, -10, 0, 0
0.068126, -8, 28, 0, 0
0.068326, -7, 15, 0, 0
0.068526, 0, 0, 0, 0
0.068726, 4, 10, 0, 0
0.068926, 0, 0, 0, 0
0.069126, -12, 103, 0, 0
0.069326, -8, 28, 0, 0
0.069526, -9, 28, 0, 0
0.069726, 10, 7, 0, 0
0.069926, 0, 0, 0, 0
0.070126, -4, -10, 0, 0
0.070326, -25, 23, 0, 0
0.070526, 4, 10, 0, 0
0.070726, -9, 28, 0, 0
0.070926, -2, 25, 0, 0
0.071126, -6, 2, 0, 0
0.071328, -1, 12, 0, 0
0.071526, -1, 12, 0, 0
0.071726, -9, 28, 0, 0
0.071926, -52, 10, 0, 0
0.072126, -2, 25, 0, 0
0.072326, 38, 7, 0, 0
0.072526, 0, 0, 0, 0
0.072728, 41, -18, 0, 0
0.072926, 29, -55, 0, 0
0.073126, -1, 12, 0, 0
0.073326, -3, -23, 0, 0
0.073526, -5, 2, 0, 0
0.073726, 41, -18, 0, 0
0.073926, -7, 15, 0, 0
0.074126, -22, 46, 0, 0
0.074326, -4, -10, 0, 0
0.074528, -49, 34, 0, 0
0.074726, -35, 15, 0, 0
0.074926, -3, 25, 0, 0
0.075126, -5, 2, 0, 0
0.075326, -8, 28, 0, 0
0.075526, 0, 0, 0, 0
0.075726, -7, 15, 0, 0
0.075926, 38, 7, 0, 0
0.076126, -8, 28, 0, 0
0.076326, 0, -6, 0, 0
0.076526, -6, 2, 0, 0
0.076726, -1, 12, 0, 0
0.076926, -9, 28, 0, 0
0.077126, 9, 20, 0, 0
0.077326, -5, 2, 0, 0
0.077526, -1, 12, 0, 0
0.077728, -2, 25, 0, 0
0.077926, 0, 0, 0, 0
0.078126, -8, 28, 0, 0
0.078326, 0, 0, 0, 0
0.078526, -9, 35, 0, 0
0.078726, -65, 71, 0, 0
0.078926, 38, 7, 0, 0
0.079126, -1, 12, 0, 0
0.079326, -6, 2, 0, 0
0.079526, -6, 2, 0, 0
0.079724, 38, 8, 0, 0
0.079926, -1, 12, 0, 0
0.080126, -7, 15, 0, 0
0.080326, -46, 7, 0, 0
0.080526, -1, 12, 0, 0
0.080726, 18, -7, 0, 0
0.080926, -1, 12, 0, 0
0.081126, -7, 15, 0, 0
0.081326, 0, 6, 0, 0
0.081526, -1, 12, 0, 0
0.081726, -5, 2, 0, 0
0.081926, -105, 69, 0, 0
0.082126, -1, -36, 0, 0
0.082326, -9, 28, 0, 0
0.082526, 1, -12, 0, 0
0.082726, -3, 25, 0, 0
0.082926, -4, -10, 0, 0
0.083126, -1, 12, 0, 0
0.083326, -1, 12, 0, 0
0.083526, -3, 25, 0, 0
0.083724, -9, 28, 0, 0
0.083926, -9, 28, 0, 0
0.084124, -7, 15, 0, 0
0.084326, -7, 15, 0, 0
0.084526, -7, 15, 0, 0
0.084726, -7, 15, 0, 0
0.084926, -6, 2, 0, 0
0.085124, -13, 17, 0, 0
0.085326, -8, 28, 0, 0
0.085526, -5, 2, 0, 0
0.085726, 10, 7, 0, 0
0.085926, -9, 28, 0, 0
0.086126, -6, 2, 0, 0
0.086326, 0, 0, 0, 0
0.086526, 8, 20, 0, 0
0.086726, -1, 12, 0, 0
0.086926, 43, -30, 0, 0
0.087128, -7, 15, 0, 0
0.087326, -5, 2, 0, 0
0.087526, 1, -12, 0, 0
0.087726, 10, 7, 0, 0
0.087926, -5, 2, 0, 0
0.088124, -18, 7, 0, 0
0.088324, -9, 28, 0, 0
0.088526, -1, 12, 0, 0
0.088726, 21, -33, 0, 0
0.088926, 1, -12, 0, 0
0.089124, -50, 81, 0, 0
0.089326, -8, 28, 0, 0
0.089526, 5, -2, 0, 0
0.089726, -4, -10, 0, 0
0.089926, 38, 7, 0, 0
0.090126, -9, 34, 0, 0
0.090326, 8, 20, 0, 0
0.090526, -7, 15, 0, 0
0.090726, 0, 0, 0, 0
0.090926, -7, 15, 0, 0
0.091126, 3, 23, 0, 0
0.091326, -8, 28, 0, 0
0.091526, 0, 0, 0, 0
0.091726, -6, 2, 0, 0
0.091928, 2, -25, 0, 0
0.092126, 13, -18, 0, 0
0.092326, -8, 28, 0, 0
0.092526, -2, 25, 0, 0
0.092726, 0, 0, 0, 0
0.092926, 0, 0, 0, 0
0.093126, -1, 62, 0, 0
0.093326, 10, 7, 0, 0
0.093526, -4, -10, 0, 0
0.093726, -1, 12, 0, 0
0.093926, 0, 0, 0, 0
0.094124, -3, 25, 0, 0
0.094328, -5, 2, 0, 0
0.094526, -1, 12, 0, 0
0.094728, -13, 18, 0, 0
0.094926, 38, 8, 0, 0
0.095126, -8, 28, 0, 0
0.095326, -4, -10, 0, 0
0.095526, 10, 7, 0, 0
0.095726, -16, 44, 0, 0
0.095926, 5, -2, 0, 0
0.096126, -8, 22, 0, 0
0.096326, -2, 25, 0, 0
0.096526, -7, 15, 0, 0
0.096726, -5, -3, 0, 0
0.096926, -1, 12, 0, 0
0.097126, 0, 0, 0, 0
0.097326, -1, 12, 0, 0
0.097526, -7, 15, 0, 0
0.097726, -7, 15, 0, 0
0.097928, -1, 12, 0, 0
0.098126, 10, 7, 0, 0
0.098326, -17, 7, 0, 0
0.098528, 49, -96, 0, 0
0.098726, -7, 15, 0, 0
0.098926, -7, 15, 0, 0
0.099126, 3, -75, 0, 0
0.099326, 5, -2, 0, 0
0.099526, 38, 7, 0, 0
0.099724, -7, 15, 0, 0
0.099926, -5, 2, 0, 0
0.000128, 41, -18, 0, 0
0.000328, -7, 15, 0, 0
0.000526, -6, 2, 0, 0
0.000726, -14, 24, 0, 0
0.000926, -4, -10, 0, 0
0.001128, -1, 12, 0, 0
0.001326, 5, -2, 0, 0
0.001526, 5, -2, 0, 0
0.001728, -1, 12, 0, 0
0.002126, -1, 12, 0, 0
0.002326, -55, 36, 0, 0
0.002524, -7, 15, 0, 0
0.002726, 0, 0, 0, 0
0.002926, -1, 12, 0, 0
0.003126, -11, 5, 0, 0
0.003326, -13, 18, 0, 0
0.003524, -3, 25, 0, 0
0.003726, -17, 7, 0, 0
0.003924, -49, 33, 0, 0
0.004126, -2, 25, 0, 0
0.004326, 0, 0, 0, 0
0.004526, -7, 15, 0, 0
0.004726, 4, -38, 0, 0
0.004926, -7, 15, 0, 0
0.005126, -8, 28, 0, 0
0.005326, -2, 25, 0, 0
0.005526, 5, -2, 0, 0
0.005726, 10, 7, 0, 0
0.005926, 3, 23, 0, 0
0.006126, -3, 25, 0, 0
0.006326, -5, 2, 0, 0
0.006526, -13, 67, 0, 0
0.006726, -7, 15, 0, 0
0.006926, -1, 12, 0, 0
0.007126, -4, -10, 0, 0
0.007326, 0, 0, 0, 0
0.007526, 22, 2, 0, 0
0.007726, 15, 18, 0, 0
0.007926, 12, -5, 0, 0
0.008126, -2, 25, 0, 0
0.008326, -3, 25, 0, 0
0.008528, -11, 54, 0, 0
0.008726, -7, 15, 0, 0
0.008926, -9, 28, 0, 0
0.009126, 40, -5, 0, 0
0.009326, -4, -10, 0, 0
0.009526, 21, -33, 0, 0
0.009728, -5, 2, 0, 0
0.009926, -7, 15, 0, 0
0.010126, -7, 15, 0, 0
0.010328, 11, -5, 0, 0
0.010526, 40, -5, 0, 0
0.010726, -4, -10, 0, 0
0.010926, -7, 15, 0, 0
0.011126, -4, -10, 0, 0
0.011326, -7, 15, 0, 0
0.011526, -4, -10, 0, 0
0.011728, -11, -1, 0, 0
0.011926, -5, 2, 0, 0
0.012126, 14, -80, 0, 0
0.012328, -2, 25, 0, 0
0.012526, -7, 15, 0, 0
0.012726, 0, 0, 0, 0
0.012926, 5, -2, 0, 0
0.013128, -8, 28, 0, 0
0.013326, -5, 2, 0, 0
0.013526, 43, -31, 0, 0
0.013726, -7, 15, 0, 0
0.013926, -2, 25, 0, 0
0.014124, -2, -23, 0, 0
0.014328, -1, 12, 0, 0
0.014526, 10, 7, 0, 0
0.014726, 12, -5, 0, 0
0.014926, -12, 5, 0, 0
0.015126, -7, 15, 0, 0
0.015326, 8, -77, 0, 0
0.015526, 8, 20, 0, 0
0.015726, 12, -5, 0, 0
0.015926, -5, 2, 0, 0
0.016126, -20, 33, 0, 0
0.016326, -7, 15, 0, 0
0.016526, -18, 7, 0, 0
0.016728, 9, 20, 0, 0
0.016926, -5, 2, 0, 0
0.017126, -1, 12, 0, 0
0.017326, -8, 28, 0, 0
0.017526, -9, 28, 0, 0
0.017726, -7, 15, 0, 0
0.017926, 10, 7, 0, 0
0.018126, -5, 2, 0, 0
0.018326, 66, -28, 0, 0
0.018526, 8, 20, 0, 0
0.018730, -5, 2, 0, 0
0.018928, 43, -31, 0, 0
0.019126, 2, 23, 0, 0
0.019326, -19, 20, 0, 0
0.019526, 41, -18, 0, 0
0.019726, 10, 7, 0, 0
0.019926, -16, 142, 0, 0
0.020126, -8, 28, 0, 0
0.020326, -1, 12, 0, 0
0.020728, -7, 15, 0, 0
0.020926, -6, 2, 0, 0
0.021126, 1, -12, 0, 0
0.021328, -14, 31, 0, 0
0.021526, -1, 12, 0, 0
0.021728, -1, 12, 0, 0
0.021926, 40, -5, 0, 0
0.022126, -7, 15, 0, 0
0.022328, -5, 2, 0, 0
0.022526, 40, -4, 0, 0
0.022726, -8, 28, 0, 0
0.022926, -3, 25, 0, 0
0.023126, -13, 18, 0, 0
0.023326, 5, -2, 0, 0
0.023524, 6, -2, 0, 0
0.023726, 1, -12, 0, 0
0.023926, 5, -2, 0, 0
0.024126, -7, 15, 0, 0
0.024326, -7, 15, 0, 0
0.024526, 3, 16, 0, 0
0.024726, -4, -10, 0, 0
0.024928, -7, 15, 0, 0
0.025126, -7, 15, 0, 0
0.025328, -9, 90, 0, 0
0.025528, 28, 0, 0, 0
0.025726, 1, -12, 0, 0
0.025926, 5, -2, 0, 0
0.026126, 41, -18, 0, 0
0.026326, -55, 91, 0, 0
0.026526, 1, -12, 0, 0
0.026726, -2, 19, 0, 0
0.026926, 0, 0, 0, 0
0.027128, 89, -39, 0, 0
0.027326, -3, 25, 0, 0
0.027526, -1, 12, 0, 0
0.027726, -8, 28, 0, 0
0.027926, -7, 15, 0, 0
0.028126, -6, 2, 0, 0
0.028326, -16, 93, 0, 0
0.028526, -1, 12, 0, 0
0.028726, -1, 12, 0, 0
0.028926, 2, 23, 0, 0
0.029128, -1, 12, 0, 0
0.029326, -6, 2, 0, 0
0.029528, -7, 15, 0, 0
0.029726, 1, -12, 0, 0
0.029926, -7, 15, 0, 0
0.030126, -1, 12, 0, 0
0.030326, -7, 15, 0, 0
0.030526, -29, 13, 0, 0
0.030726, -20, 27, 0, 0
0.030926, -11, 5, 0, 0
0.031126, 4, 10, 0, 0
0.031326, 5, 3, 0, 0
0.031526, -8, 28, 0, 0
0.031726, 40, -5, 0, 0
0.031926, -1, 12, 0, 0
0.032126, 10, 7, 0, 0
0.032326, -7, 15, 0, 0
0.032526, -3, 25, 0, 0
0.032726, 5, -2, 0, 0
0.032926, 1, -12, 0, 0
0.033126, 11, -5, 0, 0
0.033326, -4, -10, 0, 0
0.033528, -4, -10, 0, 0
0.033728, -2, 25, 0, 0
0.033926, -54, 78, 0, 0
0.034126, -7, 15, 0, 0
0.034326, -7, 15, 0, 0
0.034526, -7, 15, 0, 0
0.034726, -7, 15, 0, 0
0.034926, 40, -4, 0, 0
0.035126, 25, 25, 0, 0
0.035326, 5, -2, 0, 0
0.035526, 9, 20, 0, 0
0.035726, -7, 15, 0, 0
0.035926, -2, 25, 0, 0
0.036128, -60, 88, 0, 0
0.036328, 1, -12, 0, 0
0.036526, -3, -23, 0, 0
0.036726, 0, 0, 0, 0
0.036926, 40, -5, 0, 0
0.037126, 10, 7, 0, 0
0.037326, 94, -29, 0, 0
0.037528, -2, 25, 0, 0
0.037726, 91, -52, 0, 0
0.037926, 11, -5, 0, 0
0.038126, -4, -10, 0, 0
0.038326, 20, 15, 0, 0
0.038526, -1, 12, 0, 0
0.038726, -5, 2, 0, 0
0.038926, -9, 28, 0, 0
0.039126, -5, 2, 0, 0
0.039326, 4, 10, 0, 0
0.039528, 3, 23, 0, 0
0.039726, 0, 0, 0, 0
0.039926, -1, 12, 0, 0
0.040126, -1, 12, 0, 0
0.040326, 1, -12, 0, 0
0.040526, -22, 46, 0, 0
0.040726, 4, 10, 0, 0
0.040926, -5, 2, 0, 0
0.041126, -1, 12, 0, 0
0.041326, 0, 0, 0, 0
0.041526, -6, 2, 0, 0
0.041726, -7, 15, 0, 0
0.041926, 0, 0, 0, 0
0.042124, -21, 33, 0, 0
0.042326, -2, 25, 0, 0
0.042526, -1, 12, 0, 0
0.042728, 0, 0, 0, 0
0.042926, 4, 10, 0, 0
0.043126, 0, 0, 0, 0
0.043326, -7, 15, 0, 0
0.043526, 40, -5, 0, 0
0.043726, -39, 54, 0, 0
0.043926, -7, 15, 0, 0
0.044126, -6, 2, 0, 0
0.044326, 12, -5, 0, 0
0.044528, -7, 15, 0, 0
0.044726, 0, 0, 0, 0
0.044926, -2, 25, 0, 0
0.045126, -1, 12, 0, 0
0.045326, 0, 0, 0, 0
0.045526, -5, 2, 0, 0
0.045726, 11, -5, 0, 0
0.045928, -1, 12, 0, 0
0.046126, -53, 72, 0, 0
0.046326, -21, 33, 0, 0
0.046526, -14, 31, 0, 0
0.046726, -15, 30, 0, 0
0.046926, 3, -25, 0, 0
0.047126, 1, -12, 0, 0
0.047326, 38, 7, 0, 0
0.047526, -4, -10, 0, 0
0.047726, -2, 25, 0, 0
0.047924, -9, 28, 0, 0
0.048126, -5, 2, 0, 0
0.048326, 12, -5, 0, 0
0.048526, 18, -7, 0, 0
0.048726, 26, 13, 0, 0
0.048926, -8, 28, 0, 0
0.049126, -5, 2, 0, 0
0.049328, 4, 10, 0, 0
0.049528, -7, 15, 0, 0
0.049728, -1, 12, 0, 0
0.049926, 9, 20, 0, 0
0.050128, -2, 25, 0, 0
0.050326, -5, 2, 0, 0
0.050528, -16, -4, 0, 0
0.050726, 11, -5, 0, 0
0.050926, -1, 12, 0, 0
0.051128, -10, 41, 0, 0
0.051326, 42, -18, 0, 0
0.051528, -8, 28, 0, 0
0.051726, 42, -18, 0, 0
0.051926, 5, -2, 0, 0
0.052126, 13, -18, 0, 0
0.052326, -1, 12, 0, 0
0.052528, -5, 2, 0, 0
0.052726, -1, 12, 0, 0
0.052926, -8, 28, 0, 0
0.053128, 43, -31, 0, 0
0.053326, -1, 12, 0, 0
0.053526, -7, 15, 0, 0
0.053728, 0, 0, 0, 0
0.053928, 41, -18, 0, 0
0.054126, 1, -12, 0, 0
0.054326, 51, -46, 0, 0
0.054526, -1, 12, 0, 0
0.054728, -4, -10, 0, 0
0.054926, -1, 12, 0, 0
0.055126, -6, 2, 0, 0
0.055526, 113, -49, 0, 0
0.055728, 0, 0, 0, 0
0.055926, -8, 28, 0, 0
0.056128, -4, -10, 0, 0
0.056326, -5, 2, 0, 0
0.056528, -5, 2, 0, 0
0.056726, -6, 2, 0, 0
0.056926, -8, 28, 0, 0
0.057128, 0, -6, 0, 0
0.057326, 1, -12, 0, 0
0.057526, -5, 2, 0, 0
0.057726, -7, 15, 0, 0
0.057928, 11, -5, 0, 0
0.058128, -1, 12, 0, 0
0.058326, -7, 15, 0, 0
0.058526, 28, -49, 0, 0
0.058726, 1, -12, 0, 0
0.058928, -17, 7, 0, 0
0.059126, 0, 0, 0, 0
0.059328, 10, 7, 0, 0
0.059526, -8, 28, 0, 0
0.059726, -1, 12, 0, 0
0.059928, -4, -10, 0, 0
0.060126, -8, 28, 0, 0
0.060326, -9, 28, 0, 0
0.060526, -95, 41, 0, 0
0.060726, -1, 12, 0, 0
0.060926, -7, 15, 0, 0
0.061128, -4, -10, 0, 0
0.061326, -2, 25, 0, 0
0.061526, -4, -10, 0, 0
0.061728, -7, 15, 0, 0
0.061928, 11, -5, 0, 0
0.062126, 4, 10, 0, 0
0.062326, 38, 7, 0, 0
0.062528, -5, 2, 0, 0
0.062726, -1, 12, 0, 0
0.062926, 2, -25, 0, 0
0.063128, -5, 2, 0, 0
0.063326, -7, 15, 0, 0
0.063526, -5, 2, 0, 0
0.063726, -9, 28, 0, 0
0.063928, -8, 28, 0, 0
0.064126, -4, -10, 0, 0
0.064328, -54, 85, 0, 0
0.064526, -4, -10, 0, 0
0.064726, -1, 12, 0, 0
0.064928, 0, 0, 0, 0
0.065126, -8, 28, 0, 0
0.065326, 40, -5, 0, 0
0.065526, -2, 25, 0, 0
0.065726, -7, 15, 0, 0
0.065926, -4, -10, 0, 0
0.066128, 40, -5, 0, 0
0.066326, 11, -5, 0, 0
0.066526, -4, -59, 0, 0
0.066728, -7, 15, 0, 0
0.066928, 8, -77, 0, 0
0.067128, 0, 0, 0, 0
0.067326, -2, 25, 0, 0
0.067526, -7, 15, 0, 0
0.067726, -5, 2, 0, 0
0.067926, -54, 23, 0, 0
0.068126, 4, 10, 0, 0
0.068328, -7, 15, 0, 0
0.068526, -5, 2, 0, 0
0.068728, -18, 132, 0, 0
0.068926, -2, 25, 0, 0
0.069126, -8, 28, 0, 0
0.069328, -5, 2, 0, 0
0.069528, -2, 25, 0, 0
0.069726, 0, 0, 0, 0
0.069926, -7, 15, 0, 0
0.070126, 0, 0, 0, 0
0.070328, -4, -10, 0, 0
0.070526, 2, 23, 0, 0
0.070726, -2, 25, 0, 0
0.070926, -16, 44, 0, 0
0.071128, -1, 12, 0, 0
0.071328, -8, 28, 0, 0
0.071528, -1, 12, 0, 0
0.071726, -3, 25, 0, 0
0.071926, -4, -10, 0, 0
0.072128, 39, 7, 0, 0
0.072326, 4, 10, 0, 0
0.072526, 0, 0, 0, 0
0.072726, 1, -12, 0, 0
0.072926, -8, 28, 0, 0
0.073128, -5, 2, 0, 0
0.073326, -7, 15, 0, 0
0.073528, -50, 47, 0, 0
0.073728, -5, 2, 0, 0
0.073926, -5, 2, 0, 0
0.074126, -6, 2, 0, 0
0.074326, -1, 12, 0, 0
0.074528, -8, 28, 0, 0
0.074726, 4, 10, 0, 0
0.074928, -5, 2, 0, 0
0.075126, 47, -20, 0, 0
0.075326, -8, 28, 0, 0
0.075526, -1, 12, 0, 0
0.075728, -5, 2, 0, 0
0.075926, -31, 25, 0, 0
0.076126, -1, 12, 0, 0
0.076326, 1, -12, 0, 0
0.076528, 0, -6, 0, 0
0.076726, -5, 2, 0, 0
0.076926, -1, 12, 0, 0
0.077126, -1, 12, 0, 0
0.077326, 0, 0, 0, 0
0.077528, -4, -10, 0, 0
0.077728, -1, 12, 0, 0
0.077926, -3, 25, 0, 0
0.078128, -5, 2, 0, 0
0.078328, -8, 28, 0, 0
0.078528, 0, 0, 0, 0
0.078726, 7, -64, 0, 0
0.078928, -19, 20, 0, 0
0.079128, -7, 15, 0, 0
0.079328, 1, -12, 0, 0
0.079526, -1, 12, 0, 0
0.079728, -21, 46, 0, 0
0.079928, 10, 7, 0, 0
0.080126, -2, 25, 0, 0
0.080328, 0, 0, 0, 0
0.080526, -5, 2, 0, 0
0.080728, -11, 5, 0, 0
0.080926, 16, 5, 0, 0
0.081128, -7, 15, 0, 0
0.081326, -7, 15, 0, 0
0.081528, -5, 2, 0, 0
0.081726, -5, 2, 0, 0
0.081926, 73, 4, 0, 0
0.082128, 0, 0, 0, 0
0.082326, -1, 12, 0, 0
0.082528, -8, 28, 0, 0
0.082728, 2, -75, 0, 0
0.082926, -7, 15, 0, 0
0.083126, -7, 15, 0, 0
0.083326, -7, 15, 0, 0
0.083528, -5, 2, 0, 0
0.083728, -1, 12, 0, 0
0.083926, -2, 25, 0, 0
0.084126, -4, -10, 0, 0
0.084328, 5, 3, 0, 0
0.084526, -43, -67, 0, 0
0.084728, -8, 28, 0, 0
0.084926, -5, 2, 0, 0
0.085126, -8, 28, 0, 0
0.085326, -7, 15, 0, 0
0.085528, -7, 15, 0, 0
0.085726, 0, 0, 0, 0
0.085928, 5, -2, 0, 0
0.086126, 0, 0, 0, 0
0.086328, -7, 15, 0, 0
0.086526, 0, 0, 0, 0
0.086728, -15, 44, 0, 0
0.086926, -1, 12, 0, 0
0.087128, -11, 5, 0, 0
0.087326, -4, -10, 0, 0
0.087528, 5, -51, 0, 0
0.087728, -5, 2, 0, 0
0.087928, -8, 28, 0, 0
0.088126, -7, 15, 0, 0
0.088328, -5, 2, 0, 0
0.088526, -7, 15, 0, 0
0.088728, -8, 28, 0, 0
0.088926, 0, 0, 0, 0
0.089126, -7, 15, 0, 0
0.089326, -7, 15, 0, 0
0.089526, -1, 12, 0, 0
0.089726, -1, 12, 0, 0
0.089928, 39, 7, 0, 0
0.090128, -7, 15, 0, 0
0.090328, 68, -55, 0, 0
0.090526, -19, 20, 0, 0
0.090728, -4, -10, 0, 0
0.090928, -2, 25, 0, 0
0.091126, -15, 93, 0, 0
0.091326, 0, 0, 0, 0
0.091528, -8, 28, 0, 0
0.091726, 1, -12, 0, 0
0.091928, -4, -10, 0, 0
0.092128, -5, 2, 0, 0
0.092326, 43, -31, 0, 0
0.092528, -7, 15, 0, 0
0.092728, 137, -61, 0, 0
0.092928, -7, 15, 0, 0
0.093126, -1, 12, 0, 0
0.093328, 0, 0, 0, 0
0.093528, 0, 0, 0, 0
0.093728, -9, 41, 0, 0
0.093928, -2, 25, 0, 0
0.094128, -5, 2, 0, 0
0.094328, -5, 2, 0, 0
0.094528, 89, -39, 0, 0
0.094728, -7, 15, 0, 0
0.094928, 71, -31, 0, 0
0.095128, 5, -2, 0, 0
0.095328, 10, 7, 0, 0
0.095728, 2, -19, 0, 0
0.095928, -1, 12, 0, 0
0.096128, -4, -10, 0, 0
0.096328, 0, 0, 0, 0
0.096528, -2, 25, 0, 0
0.096728, 39, 7, 0, 0
0.096928, -7, 15, 0, 0
0.097128, 0, 0, 0, 0
0.097326, -152, 91, 0, 0
0.097526, 11, -5, 0, 0
0.097728, -5, 2, 0, 0
0.097928, 5, -2, 0, 0
0.098126, -1, 12, 0, 0
0.098328, -7, 15, 0, 0
0.098528, -7, 15, 0, 0
0.098728, 0, 0, 0, 0
0.098928, 1, -12, 0, 0
0.099128, 10, 7, 0, 0
0.099330, 15, -106, 0, 0
0.099528, -7, 15, 0, 0
0.099730, -4, -10, 0, 0
0.099928, 52, -10, 0, 0
0.000126, -5, 2, 0, 0
0.000326, -1, 12, 0, 0
0.000528, -7, 15, 0, 0
0.000728, 51, -60, 0, 0
0.000928, 3, 23, 0, 0
0.001128, -1, 12, 0, 0
0.001326, -7, 15, 0, 0
0.001528, 33, 10, 0, 0
0.001728, -20, 34, 0, 0
0.001928, 0, 0, 0, 0
0.002126, 0, 0, 0, 0
0.002328, 11, -5, 0, 0
0.002528, -5, 2, 0, 0
0.002728, 11, -5, 0, 0
0.002930, 0, 0, 0, 0
0.003128, -55, 36, 0, 0
0.003328, -7, 15, 0, 0
0.003528, 9, -103, 0, 0
0.003728, -8, 28, 0, 0
0.003928, -2, 25, 0, 0
0.004128, -1, 12, 0, 0
0.004328, -1, 12, 0, 0
0.004528, 11, -5, 0, 0
0.004728, 7, 33, 0, 0
0.004926, -1, 12, 0, 0
0.005128, -5, 2, 0, 0
0.005326, -5, 2, 0, 0
0.005528, 3, 23, 0, 0
0.005728, 20, -34, 0, 0
0.005928, -7, 15, 0, 0
0.006128, 5, -2, 0, 0
0.006328, -8, 28, 0, 0
0.006528, -8, 28, 0, 0
0.006728, -5, 2, 0, 0
0.006928, 43, -31, 0, 0
0.007128, -8, 28, 0, 0
0.007328, 0, 0, 0, 0
0.007528, 10, 7, 0, 0
0.007730, -5, 2, 0, 0
0.007928, 0, 0, 0, 0
0.008128, -8, 28, 0, 0
0.008328, 0, 0, 0, 0
0.008528, -5, 2, 0, 0
0.008730, -7, 15, 0, 0
0.008928, 0, 0, 0, 0
0.009130, -1, 13, 0, 0
0.009328, 39, 7, 0, 0
0.009528, -5, 2, 0, 0
0.009728, 7, -15, 0, 0
0.009928, -1, 12, 0, 0
0.010130, -8, 28, 0, 0
0.010326, 7, -15, 0, 0
0.010528, 0, 0, 0, 0
0.010730, 0, 0, 0, 0
0.010928, 0, 0, 0, 0
0.011128, -1, 12, 0, 0
0.011328, 0, 0, 0, 0
0.011526, -1, 12, 0, 0
0.011728, -7, 15, 0, 0
0.011930, 0, 0, 0, 0
0.012128, 90, -52, 0, 0
0.012328, -15, 44, 0, 0
0.012528, -7, 15, 0, 0
0.012728, -34, 3, 0, 0
0.012928, -15, 93, 0, 0
0.013128, -1, 12, 0, 0
0.013328, -1, 12, 0, 0
0.013528, -8, 28, 0, 0
0.013728, -7, 15, 0, 0
0.013928, -7, 15, 0, 0
0.014128, -37, -82, 0, 0
0.014328, -2, 25, 0, 0
0.014530, -1, 13, 0, 0
0.014728, -95, 42, 0, 0
0.014926, 9, 20, 0, 0
0.015128, -4, -10, 0, 0
0.015330, -1, 13, 0, 0
0.015528, -7, 15, 0, 0
0.015728, -5, 2, 0, 0
0.015928, -5, 2, 0, 0
0.016128, -7, 15, 0, 0
0.016326, 43, -31, 0, 0
0.016526, -2, 25, 0, 0
0.016730, -2, 26, 0, 0
0.016928, 0, 6, 0, 0
0.017128, 40, -5, 0, 0
0.017328, -2, 25, 0, 0
0.017528, 0, 0, 0, 0
0.017728, -7, 15, 0, 0
0.017928, 42, -31, 0, 0
0.018128, 1, -13, 0, 0
0.018328, 3, -39, 0, 0
0.018530, 0, 0, 0, 0
0.018728, 1, -12, 0, 0
0.018930, -8, 28, 0, 0
0.019128, -19, 21, 0, 0
0.019328, 15, 17, 0, 0
0.019528, 11, -5, 0, 0
0.019728, 9, -103, 0, 0
0.019928, -4, -10, 0, 0
0.020128, 5, -2, 0, 0
0.020328, -4, -10, 0, 0
0.020530, 40, -6, 0, 0
0.020728, 0, 0, 0, 0
0.020928, -7, 15, 0, 0
0.021128, -5, 2, 0, 0
0.021328, -11, -1, 0, 0
0.021528, 95, -49, 0, 0
0.021728, -5, 2, 0, 0
0.021930, 39, 6, 0, 0
0.022128, -5, 2, 0, 0
0.022328, -2, 25, 0, 0
0.022528, -8, 28, 0, 0
0.022728, -18, 21, 0, 0
0.022928, 23, -10, 0, 0
0.023128, -2, 25, 0, 0
0.023330, -2, 26, 0, 0
0.023530, -7, 15, 0, 0
0.023728, -5, 2, 0, 0
0.024128, -5, 2, 0, 0
0.024328, -5, 2, 0, 0
0.024530, 42, -32, 0, 0
0.024728, -7, 15, 0, 0
0.024930, -1, 13, 0, 0
0.025130, -7, 15, 0, 0
0.025328, -1, 13, 0, 0
0.025530, 47, -21, 0, 0
0.025730, 39, 6, 0, 0
0.025930, -47, 83, 0, 0
0.026128, 11, -5, 0, 0
0.026330, 19, 40, 0, 0
0.026528, 40, -5, 0, 0
0.026728, -8, 28, 0, 0
0.026928, -7, 15, 0, 0
0.027128, -1, 12, 0, 0
0.027330, 41, -19, 0, 0
0.027528, 31, -33, 0, 0
0.027730, 0, 0, 0, 0
0.027928, -5, 2, 0, 0
0.028130, -1, 13, 0, 0
0.028330, 41, -19, 0, 0
0.028530, -4, -10, 0, 0
0.028730, 1, -13, 0, 0
0.028930, -5, 2, 0, 0
0.029130, 17, -8, 0, 0
0.029328, 5, -2, 0, 0
0.029528, -5, 2, 0, 0
0.029730, 39, 6, 0, 0
0.029930, -2, 26, 0, 0
0.030130, -7, 15, 0, 0
0.030328, -5, 2, 0, 0
0.030528, 40, -6, 0, 0
0.030730, 41, -19, 0, 0
0.030928, -4, -10, 0, 0
0.031130, -6, 15, 0, 0
0.031328, 0, 0, 0, 0
0.031528, -8, 28, 0, 0
0.031928, -5, 2, 0, 0
0.032130, 41, -19, 0, 0
0.032328, -6, 15, 0, 0
0.032528, -6, 15, 0, 0
0.032728, -4, -10, 0, 0
0.032930, -5, 2, 0, 0
0.033130, -7, 15, 0, 0
0.033330, -5, 2, 0, 0
0.033530, -1, 26, 0, 0
0.033730, -46, 9, 0, 0
0.033930, -8, 28, 0, 0
0.034128, 0, 0, 0, 0
0.034328, 0, 0, 0, 0
0.034530, 0, 0, 0, 0
0.034728, -55, 51, 0, 0
0.034930, 0, 0, 0, 0
0.035128, 6, -78, 0, 0
0.035330, -2, 26, 0, 0
0.035530, 59, -27, 0, 0
0.035730, -8, 28, 0, 0
0.035928, -14, 44, 0, 0
0.036130, 4, 85, 0, 0
0.036328, 88, -41, 0, 0
0.036528, -6, 15, 0, 0
0.036730, -8, 28, 0, 0
0.036930, -5, 2, 0, 0
0.037128, 39, 6, 0, 0
0.037330, 4, 10, 0, 0
0.037530, 41, -19, 0, 0
0.037730, -4, -10, 0, 0
0.037930, 16, 4, 0, 0
0.038130, -5, 2, 0, 0
0.038328, -8, 28, 0, 0
0.038530, -5, 2, 0, 0
0.038728, 40, -6, 0, 0
0.038930, -8, 28, 0, 0
0.039128, -4, -10, 0, 0
0.039330, -2, 26, 0, 0
0.039530, -5, 2, 0, 0
0.039730, 4, 16, 0, 0
0.039930, -4, -10, 0, 0
0.040128, -2, 26, 0, 0
0.040330, -5, 2, 0, 0
0.040530, -6, 15, 0, 0
0.040730, -4, -10, 0, 0
0.040930, -4, -10, 0, 0
0.041130, -4, -10, 0, 0
0.041330, 1, -13, 0, 0
0.041528, -5, 2, 0, 0
0.041730, -8, 41, 0, 0
0.041930, -5, 2, 0, 0
0.042130, -4, -10, 0, 0
0.042330, -7, 28, 0, 0
0.042530, -1, 13, 0, 0
0.042730, -5, 2, 0, 0
0.042930, 39, 6, 0, 0
0.043130, -6, 15, 0, 0
0.043330, 41, -19, 0, 0
0.043528, -1, 13, 0, 0
0.043730, -6, 15, 0, 0
0.043930, 27, 11, 0, 0
0.044130, -6, 15, 0, 0
0.044330, 0, 13, 0, 0
0.044528, -1, 13, 0, 0
0.044730, -1, 13, 0, 0
0.044930, 3, 23, 0, 0
0.045130, -6, 15, 0, 0
0.045330, -6, 15, 0, 0
0.045530, 0, 13, 0, 0
0.045728, -8, 28, 0, 0
0.045930, -5, 2, 0, 0
0.046130, -12, 94, 0, 0
0.046330, 1, -13, 0, 0
0.046530, -6, 15, 0, 0
0.046728, -2, 26, 0, 0
0.046930, -7, 28, 0, 0
0.047130, 9, 20, 0, 0
0.047330, 0, -13, 0, 0
0.047530, -6, 15, 0, 0
0.047730, -7, 28, 0, 0
0.047930, -19, 34, 0, 0
0.048130, 10, 7, 0, 0
0.048330, -6, 15, 0, 0
0.048530, 0, 0, 0, 0
0.048728, -6, 15, 0, 0
0.048930, 11, -5, 0, 0
0.049130, 7, -22, 0, 0
0.049330, 5, 10, 0, 0
0.049530, -6, 15, 0, 0
0.049730, -6, 15, 0, 0
0.049930, 4, 23, 0, 0
0.050130, -7, 28, 0, 0
0.050330, -5, 2, 0, 0
0.050530, -5, 2, 0, 0
0.050730, -10, 81, 0, 0
0.050930, 11, -5, 0, 0
0.051130, 0, 13, 0, 0
0.051330, 13, -31, 0, 0
0.051530, 0, 13, 0, 0
0.051730, 0, 0, 0, 0
0.051930, 0, 13, 0, 0
0.052130, -1, 26, 0, 0
0.052330, 39, 0, 0, 0
0.052530, -5, 2, 0, 0
0.052730, -8, 41, 0, 0
0.052928, -6, 15, 0, 0
0.053130, -52, 25, 0, 0
0.053330, 10, 7, 0, 0
0.053530, -5, 2, 0, 0
0.053730, -6, 15, 0, 0
0.053930, 41, -33, 0, 0
0.054130, -8, 41, 0, 0
0.054330, -7, 28, 0, 0
0.054530, 6, -15, 0, 0
0.054730, -37, 42, 0, 0
0.054930, -4, -10, 0, 0
0.055130, 5, -2, 0, 0
0.055330, 0, -13, 0, 0
0.055530, -7, 28, 0, 0
0.055730, 0, -68, 0, 0
0.055930, 11, -5, 0, 0
0.056130, 0, 0, 0, 0
0.056330, 26, 24, 0, 0
0.056530, 39, 5, 0, 0
0.056730, 0, 13, 0, 0
0.056928, -2, 26, 0, 0
0.057130, -53, 38, 0, 0
0.057330, -11, 5, 0, 0
0.057530, -7, 29, 0, 0
0.057730, -7, 28, 0, 0
0.057930, -12, 18, 0, 0
0.058130, -5, 2, 0, 0
0.058330, -1, 26, 0, 0
0.058530, 4, 10, 0, 0
0.058730, -7, 28, 0, 0
0.058930, -5, -10, 0, 0
0.059128, -96, 70, 0, 0
0.059330, 5, -2, 0, 0
0.059530, 0, 0, 0, 0
0.059730, -17, 8, 0, 0
0.059930, -25, 37, 0, 0
0.060130, 0, 0, 0, 0
0.060330, -4, -10, 0, 0
0.060530, 4, 23, 0, 0
0.060730, -7, 28, 0, 0
0.060930, -1, 26, 0, 0
0.061130, -6, 15, 0, 0
0.061330, 0, 13, 0, 0
0.061530, -6, 15, 0, 0
0.061730, -1, 26, 0, 0
0.061930, 26, 24, 0, 0
0.062130, -5, 2, 0, 0
0.062330, 6, -9, 0, 0
0.062530, -5, 2, 0, 0
0.062730, -5, 2, 0, 0
0.062930, 9, -143, 0, 0
0.063130, 0, 0, 0, 0
0.063328, -6, 15, 0, 0
0.063530, -5, 2, 0, 0
0.063730, 0, 0, 0, 0
0.063930, -4, -10, 0, 0
0.064130, -5, 2, 0, 0
0.064330, 0, 13, 0, 0
0.064530, 0, 13, 0, 0
0.064730, -5, 2, 0, 0
0.064930, -5, -10, 0, 0
0.065130, -6, 15, 0, 0
0.065330, 1, -13, 0, 0
0.065530, 0, 13, 0, 0
0.065730, -7, 28, 0, 0
0.065930, -5, 2, 0, 0
0.066130, 1, -19, 0, 0
0.066330, -5, 2, 0, 0
0.066530, -30, 27, 0, 0
0.066730, -5, 2, 0, 0
0.066930, -5, 2, 0, 0
0.067130, 16, 4, 0, 0
0.067330, -5, 2, 0, 0
0.067530, -5, 2, 0, 0
0.067730, 0, -13, 0, 0
0.067930, -35, 17, 0, 0
0.068130, 0, 13, 0, 0
0.068330, -17, -79, 0, 0
0.068530, 11, -5, 0, 0
0.068730, 0, 13, 0, 0
0.068930, -7, 28, 0, 0
0.069130, -7, 28, 0, 0
0.069330, -7, 28, 0, 0
0.069530, -1, 26, 0, 0
0.069730, 6, -15, 0, 0
0.069930, 0, 13, 0, 0
0.070130, -12, 18, 0, 0
0.070330, -6, 15, 0, 0
0.070530, 0, 0, 0, 0
0.070730, -5, 2, 0, 0
0.070930, 6, -9, 0, 0
0.071130, 18, -21, 0, 0
0.071330, 0, -75, 0, 0
0.071530, -5, -10, 0, 0
0.071730, -5, 2, 0, 0
0.071930, 9, 20, 0, 0
0.072130, 0, 0, 0, 0
0.072330, 0, -13, 0, 0
0.072530, 4, 23, 0, 0
0.072730, 5, -2, 0, 0
0.072930, -5, 2, 0, 0
0.073130, 0, -13, 0, 0
0.073330, -4, -10, 0, 0
0.073530, 0, -13, 0, 0
0.073730, 35, 70, 0, 0
0.073930, 0, 13, 0, 0
0.074130, 23, -11, 0, 0
0.074330, -6, 15, 0, 0
0.074530, -14, 44, 0, 0
0.074730, -18, 21, 0, 0
0.074930, -5, 2, 0, 0
0.075130, -6, 15, 0, 0
0.075330, 0, -13, 0, 0
0.075530, 0, 0, 0, 0
0.075728, -7, 29, 0, 0
0.075930, -7, 28, 0, 0
0.076130, -18, 21, 0, 0
0.076330, -5, 2, 0, 0
0.076530, -6, 15, 0, 0
0.076730, -7, 28, 0, 0
0.076930, -5, 2, 0, 0
0.077130, -6, 15, 0, 0
0.077330, 0, 13, 0, 0
0.077530, 0, 13, 0, 0
0.077730, -1, 26, 0, 0
0.077930, 0, 0, 0, 0
0.078130, -75, 38, 0, 0
0.078330, -7, 28, 0, 0
0.078530, 40, -6, 0, 0
0.078730, 9, 26, 0, 0
0.078930, -6, 15, 0, 0
0.079130, -1, 26, 0, 0
0.079328, -6, 15, 0, 0
0.079530, 40, -7, 0, 0
0.079730, -4, -10, 0, 0
0.079930, -7, 28, 0, 0
0.080130, 10, 7, 0, 0
0.080330, -6, 15, 0, 0
0.080530, -1, 26, 0, 0
0.080730, 10, 20, 0, 0
0.080930, 88, -42, 0, 0
0.081130, 5, -2, 0, 0
0.081330, -5, 2, 0, 0
0.081530, 87, -30, 0, 0
0.081730, -19, 34, 0, 0
0.081930, 0, -13, 0, 0
0.082130, 0, -13, 0, 0
0.082330, 0, -13, 0, 0
0.082530, 0, 0, 0, 0
0.082730, -5, -10, 0, 0
0.082930, 0, 0, 0, 0
0.083130, -5, 2, 0, 0
0.083330, 5, -2, 0, 0
0.083530, 40, -20, 0, 0
0.083730, -4, -10, 0, 0
0.083930, 0, 0, 0, 0
0.084130, 40, -20, 0, 0
0.084330, 40, -7, 0, 0
0.084530, -5, 2, 0, 0
0.084730, -36, 37, 0, 0
0.084930, 0, 13, 0, 0
0.085130, -12, 18, 0, 0
0.085330, 23, -11, 0, 0
0.085530, -6, 15, 0, 0
0.085730, 40, -7, 0, 0
0.085928, -5, -10, 0, 0
0.086130, -7, 28, 0, 0
0.086330, 0, 0, 0, 0
0.086530, 2, 62, 0, 0
0.086730, -12, 18, 0, 0
0.086930, 39, 5, 0, 0
0.087128, -5, 2, 0, 0
0.087330, 0, 0, 0, 0
0.087528, -5, 2, 0, 0
0.087730, -4, -10, 0, 0
0.087930, 0, 13, 0, 0
0.088130, 0, 0, 0, 0
0.088330, -6, 15, 0, 0
0.088530, 0, 13, 0, 0
0.088730, 0, 0, 0, 0
0.088928, 40, -7, 0, 0
0.089128, 40, -21, 0, 0
0.089330, 0, 0, 0, 0
0.089530, 10, -81, 0, 0
0.089730, -19, 34, 0, 0
0.089930, 0, 13, 0, 0
0.090130, -12, 32, 0, 0
0.090330, 0, 0, 0, 0
0.090530, 20, -47, 0, 0
0.090730, 0, 13, 0, 0
0.090928, 1, -26, 0, 0
0.091130, -6, 15, 0, 0
0.091330, -5, 2, 0, 0
0.091530, 5, -2, 0, 0
0.091728, 40, -7, 0, 0
0.091930, 10, 20, 0, 0
0.092130, 0, 13, 0, 0
0.092330, 0, 0, 0, 0
0.092530, -6, 15, 0, 0
0.092730, 5, 3, 0, 0
0.092930, -5, 2, 0, 0
0.093130, -17, 2, 0, 0
0.093330, 0, 13, 0, 0
0.093530, -6, 15, 0, 0
0.093730, 0, 0, 0, 0
0.093930, 39, 5, 0, 0
0.094130, 4, 23, 0, 0
0.094330, 0, 13, 0, 0
0.094530, 4, 23, 0, 0
0.094730, 0, 13, 0, 0
0.094930, -6, 15, 0, 0
0.095130, -4, -16, 0, 0
0.095328, -5, 2, 0, 0
0.095530, 0, 0, 0, 0
0.095730, 26, 24, 0, 0
0.095928, -1, 26, 0, 0
0.096130, 0, 13, 0, 0
0.096330, 4, 23, 0, 0
0.096530, 39, 5, 0, 0
0.096730, -5, 2, 0, 0
0.096928, -7, 29, 0, 0
0.097128, -7, 29, 0, 0
0.097330, 0, -13, 0, 0
0.097530, 12, -19, 0, 0
0.097730, 0, 13, 0, 0
0.097930, 0, 0, 0, 0
0.098130, 1, -19, 0, 0
0.098330, 9, 33, 0, 0
0.098530, 0, 13, 0, 0
0.098728, -5, -3, 0, 0
0.098928, -5, 2, 0, 0
0.099130, 0, -13, 0, 0
0.099330, 0, 13, 0, 0
0.099530, 0, 0, 0, 0
0.099728, -7, 29, 0, 0
0.099930, 0, -75, 0, 0
0.000130, -6, 15, 0, 0
0.000330, 0, -13, 0, 0
0.000530, 0, 13, 0, 0
0.000728, -6, 15, 0, 0
0.000930, -5, 2, 0, 0
0.001130, -7, 28, 0, 0
0.001330, 0, 0, 0, 0
0.001530, 41, -33, 0, 0
0.001728, 0, 0, 0, 0
0.001930, -5, 2, 0, 0
0.002130, 0, 0, 0, 0
0.002328, 40, -7, 0, 0
0.002530, 0, 0, 0, 0
0.002730, 7, 72, 0, 0
0.002928, -1, 26, 0, 0
0.003128, 0, 13, 0, 0
0.003328, -6, 15, 0, 0
0.003530, 40, -20, 0, 0
0.003728, -5, 2, 0, 0
0.003928, 0, 13, 0, 0
0.004130, 0, 13, 0, 0
0.004328, -6, 15, 0, 0
0.004530, 86, -30, 0, 0
0.004730, -18, 21, 0, 0
0.004930, 24, -38, 0, 0
0.005130, -6, 16, 0, 0
0.005328, 35, 83, 0, 0
0.005530, 40, -20, 0, 0
0.005730, -19, 34, 0, 0
0.005930, 0, -13, 0, 0
0.006130, -6, 16, 0, 0
0.006328, -5, -10, 0, 0
0.006530, 0, 13, 0, 0
0.006730, 0, -13, 0, 0
0.006928, -1, 26, 0, 0
0.007130, -6, 15, 0, 0
0.007330, -1, 26, 0, 0
0.007528, -6, 15, 0, 0
0.007730, 0, 13, 0, 0
0.007930, 0, 0, 0, 0
0.008128, -5, 2, 0, 0
0.008328, -6, 15, 0, 0
0.008530, 11, -5, 0, 0
0.008730, -5, 2, 0, 0
0.008930, -1, 26, 0, 0
0.009130, 41, -33, 0, 0
0.009330, 0, 0, 0, 0
0.009530, -5, 2, 0, 0
0.009730, -7, 28, 0, 0
0.009928, -5, 2, 0, 0
0.010128, -5, 2, 0, 0
0.010330, -1, 26, 0, 0
0.010530, 0, 0, 0, 0
0.010730, -6, 15, 0, 0
0.010930, 5, -2, 0, 0
0.011130, 0, -13, 0, 0
0.011330, 11, -5, 0, 0
0.011530, -5, 2, 0, 0
0.011730, -5, 2, 0, 0
0.011930, 0, 114, 0, 0
0.012130, 0, 13, 0, 0
0.012330, -7, 28, 0, 0
0.012530, -24, 24, 0, 0
0.012730, -5, -10, 0, 0
0.012928, -5, 2, 0, 0
0.013130, -5, -10, 0, 0
0.013328, -6, 29, 0, 0
0.013530, -1, 26, 0, 0
0.013730, -6, 15, 0, 0
0.013930, 0, 0, 0, 0
0.014130, 0, 13, 0, 0
0.014330, -5, 2, 0, 0
0.014530, 133, -68, 0, 0
0.014728, -5, -10, 0, 0
0.014930, 4, 16, 0, 0
0.015128, 12, -18, 0, 0
0.015330, -18, 21, 0, 0
0.015530, -5, 2, 0, 0
0.015730, -6, 16, 0, 0
0.015928, 6, -15, 0, 0
0.016130, -1, -75, 0, 0
0.016328, 0, -13, 0, 0
0.016530, -18, 21, 0, 0
0.016730, 57, -30, 0, 0
0.016928, 4, 23, 0, 0
0.017130, 0, 13, 0, 0
0.017330, -5, 2, 0, 0
0.017528, -18, 34, 0, 0
0.017728, -5, -9, 0, 0
0.017928, 16, 4, 0, 0
0.018130, -1, 26, 0, 0
0.018330, -6, 16, 0, 0
0.018530, -5, 2, 0, 0
0.018728, 10, 20, 0, 0
0.018930, 0, 13, 0, 0
0.019330, -1, 26, 0, 0
0.019530, -5, 2, 0, 0
0.019728, 0, -13, 0, 0
0.019930, -5, 2, 0, 0
0.020128, -6, 16, 0, 0
0.020328, -1, 26, 0, 0
0.020530, -5, 2, 0, 0
0.020728, -5, -10, 0, 0
0.020930, 0, 13, 0, 0
0.021128, -5, -10, 0, 0
0.021328, 0, 13, 0, 0
0.021530, -6, 22, 0, 0
0.021730, -7, 28, 0, 0
0.021928, -4, -23, 0, 0
0.022130, -6, 16, 0, 0
0.022330, -1, 26, 0, 0
0.022530, -5, -10, 0, 0
0.022730, -6, 16, 0, 0
0.022930, 40, -20, 0, 0
0.023328, -1, 26, 0, 0
0.023528, 0, 13, 0, 0
0.023730, -6, 16, 0, 0
0.023928, 0, 13, 0, 0
0.024130, 0, 13, 0, 0
0.024330, 18, -22, 0, 0
0.024530, -6, 16, 0, 0
0.024730, 40, -20, 0, 0
0.024928, 40, -21, 0, 0
0.025130, 85, -18, 0, 0
0.025328, 0, 13, 0, 0
0.025530, 40, -21, 0, 0
0.025728, -5, -10, 0, 0
0.025928, -5, 3, 0, 0
0.026128, 0, 0, 0, 0
0.026330, 0, -13, 0, 0
0.026530, 40, -7, 0, 0
0.026730, -5, 2, 0, 0
0.026930, 0, 13, 0, 0
0.027130, 39, -8, 0, 0
0.027328, 10, 20, 0, 0
0.027530, -12, 18, 0, 0
0.027730, -5, 2, 0, 0
0.027928, 0, 13, 0, 0
0.028130, 29, -14, 0, 0
0.028330, -7, 29, 0, 0
0.028530, -6, 16, 0, 0
0.028730, 10, 20, 0, 0
0.028928, 109, -43, 0, 0
0.029130, 40, -21, 0, 0
0.029330, -7, 29, 0, 0
0.029528, -5, -10, 0, 0
0.029730, 5, -2, 0, 0
0.029930, 43, -73, 0, 0
0.030128, 0, 13, 0, 0
0.030328, 0, 0, 0, 0
0.030528, -5, -10, 0, 0
0.030730, -1, 26, 0, 0
0.030930, -6, 16, 0, 0
0.031130, -5, 3, 0, 0
0.031328, 39, 11, 0, 0
0.031528, 40, -21, 0, 0
0.031730, -5, 2, 0, 0
0.031928, 39, -8, 0, 0
0.032130, 5, -2, 0, 0
0.032330, 0, 0, 0, 0
0.032528, 0, 26, 0, 0
0.032730, 39, 4, 0, 0
0.032928, 0, 13, 0, 0
0.033130, -5, 2, 0, 0
0.033330, -29, 28, 0, 0
0.033528, -4, -23, 0, 0
0.033728, 0, 0, 0, 0
0.033930, 9, 46, 0, 0
0.034128, -5, -10, 0, 0
0.034328, -6, 16, 0, 0
0.034530, 0, -13, 0, 0
0.034728, 0, 0, 0, 0
0.034930, 17, -9, 0, 0
0.035128, -6, 16, 0, 0
0.035330, -1, 26, 0, 0
0.035528, -6, 16, 0, 0
0.035730, -1, 26, 0, 0
0.035930, -18, 21, 0, 0
0.036128, -5, -10, 0, 0
0.036330, -13, 45, 0, 0
0.036528, 0, 13, 0, 0
0.036730, -6, 16, 0, 0
0.036930, -6, 16, 0, 0
0.037130, -5, -10, 0, 0
0.037330, 41, -33, 0, 0
0.037528, -1, 26, 0, 0
0.037728, 17, -9, 0, 0
0.037930, 0, 0, 0, 0
0.038130, 4, 23, 0, 0
0.038330, 0, 13, 0, 0
0.038530, 0, 13, 0, 0
0.038730, -5, 2, 0, 0
0.038930, 0, 0, 0, 0
0.039128, 5, -2, 0, 0
0.039328, -5, -9, 0, 0
0.039528, 5, -3, 0, 0
0.039730, 0, 13, 0, 0
0.039928, -6, 16, 0, 0
0.040130, -5, 2, 0, 0
0.040328, -7, 35, 0, 0
0.040530, -36, 43, 0, 0
0.040728, 0, -13, 0, 0
0.040930, 10, 20, 0, 0
0.041130, -52, 26, 0, 0
0.041328, -1, 26, 0, 0
0.041530, 4, 23, 0, 0
0.041728, -6, 16, 0, 0
0.041930, 0, -13, 0, 0
0.042128, 0, 0, 0, 0
0.042328, 0, 0, 0, 0
0.042528, 40, -21, 0, 0
0.042730, 0, 0, 0, 0
0.042928, 41, -33, 0, 0
0.043130, -5, 2, 0, 0
0.043330, -1, 26, 0, 0
0.043528, -6, 15, 0, 0
0.043728, -5, 3, 0, 0
0.043930, -6, 16, 0, 0
0.044128, -5, -10, 0, 0
0.044330, -5, 2, 0, 0
0.044528, -7, 29, 0, 0
0.044730, -6, 16, 0, 0
0.044928, -45, 11, 0, 0
0.045130, 12, -19, 0, 0
0.045328, -40, 20, 0, 0
0.045528, -10, -20, 0, 0
0.045730, -12, 32, 0, 0
0.045928, -5, 3, 0, 0
0.046130, -5, -10, 0, 0
0.046328, -6, 29, 0, 0
0.046530, -6, 16, 0, 0
0.046730, -6, 16, 0, 0
0.046930, -5, 3, 0, 0
0.047128, -6, 16, 0, 0
0.047330, 23, -24, 0, 0
0.047530, 10, 7, 0, 0
0.047730, -1, 26, 0, 0
0.047928, -34, 18, 0, 0
0.048330, 0, 0, 0, 0
0.048530, 0, 13, 0, 0
0.048728, -7, 29, 0, 0
0.048930, 0, 13, 0, 0
0.049128, 0, 13, 0, 0
0.049328, -1, 26, 0, 0
0.049530, -6, 16, 0, 0
0.049728, -1, 26, 0, 0
0.049928, 4, 23, 0, 0
0.050130, 5, 10, 0, 0
0.050330, -5, -10, 0, 0
0.050530, 0, -13, 0, 0
0.050730, 16, 4, 0, 0
0.050928, 0, 0, 0, 0
0.051130, 40, -20, 0, 0
0.051330, 0, 0, 0, 0
0.051530, -1, 26, 0, 0
0.051730, -5, -10, 0, 0
0.051930, 0, 0, 0, 0
0.052330, -10, 107, 0, 0
0.052530, 0, -13, 0, 0
0.052728, -5, -10, 0, 0
0.052930, 0, 0, 0, 0
0.053130, -6, 29, 0, 0
0.053330, 17, -8, 0, 0
0.053530, -5, -10, 0, 0
0.053730, -7, 29, 0, 0
0.053930, 0, -13, 0, 0
0.054130, 0, 13, 0, 0
0.054330, -1, 26, 0, 0
0.054530, 5, 10, 0, 0
0.054730, 141, -90, 0, 0
0.054928, -98, 51, 0, 0
0.055130, -5, 2, 0, 0
0.055330, 5, 10, 0, 0
0.055530, -7, 29, 0, 0
0.055728, 5, -3, 0, 0
0.055928, -6, 22, 0, 0
0.056130, 0, -26, 0, 0
0.056330, 132, -55, 0, 0
0.056530, 4, 23, 0, 0
0.056730, 40, -20, 0, 0
0.056930, -6, 29, 0, 0
0.057130, -12, 18, 0, 0
0.057328, 18, -21, 0, 0
0.057530, -17, 9, 0, 0
0.057728, 0, 13, 0, 0
0.057930, 39, -8, 0, 0
0.058130, -12, 32, 0, 0
0.058330, 4, 23, 0, 0
0.058530, 0, 0, 0, 0
0.058730, -49, 102, 0, 0
0.058930, -5, -10, 0, 0
0.059128, -5, 3, 0, 0
0.059330, -7, 29, 0, 0
0.059528, -6, 29, 0, 0
0.059730, -7, 29, 0, 0
0.059928, -1, 26, 0, 0
0.060130, -5, 2, 0, 0
0.060328, -1, 26, 0, 0
0.060530, 4, 23, 0, 0
0.060728, -6, 16, 0, 0
0.060928, 0, -13, 0, 0
0.061130, -13, 44, 0, 0
0.061330, -43, 85, 0, 0
0.061530, -5, 3, 0, 0
0.061730, 5, -2, 0, 0
0.061930, 12, -18, 0, 0
0.062128, 0, -13, 0, 0
0.062330, -6, 16, 0, 0
0.062528, 0, 0, 0, 0
0.062730, 0, 13, 0, 0
0.062928, 39, 5, 0, 0
0.063130, 0, 0, 0, 0
0.063330, -6, 16, 0, 0
0.063528, 0, 13, 0, 0
0.063730, 33, 1, 0, 0
0.063928, -5, 3, 0, 0
0.064130, -53, 53, 0, 0
0.064330, -5, 2, 0, 0
0.064530, -1, 26, 0, 0
0.064728, 6, -16, 0, 0
0.064928, 5, -3, 0, 0
0.065130, 5, 10, 0, 0
0.065330, -5, 2, 0, 0
0.065530, 38, 31, 0, 0
0.065730, -17, 8, 0, 0
0.065928, 0, -13, 0, 0
0.066128, -1, 26, 0, 0
0.066328, 6, -16, 0, 0
0.066528, 0, 13, 0, 0
0.066730, -6, 16, 0, 0
0.066930, -6, 15, 0, 0
0.067130, -6, 16, 0, 0
0.067330, 0, 0, 0, 0
0.067530, -5, 2, 0, 0
0.067730, 21, 14, 0, 0
0.067930, 7, -29, 0, 0
0.068130, 0, 13, 0, 0
0.068328, 0, -13, 0, 0
0.068528, 0, 0, 0, 0
0.068730, -29, 27, 0, 0
0.068928, -6, 16, 0, 0
0.069128, 5, -3, 0, 0
0.069328, 0, 13, 0, 0
0.069530, -5, -10, 0, 0
0.069728, -17, 22, 0, 0
0.069930, 4, 16, 0, 0
0.070128, 39, -8, 0, 0
0.070328, 0, 0, 0, 0
0.070528, 2, 62, 0, 0
0.070730, -7, 29, 0, 0
0.070928, -1, 26, 0, 0
0.071130, -6, 15, 0, 0
0.071328, -7, 29, 0, 0
0.071530, -1, 26, 0, 0
0.071730, 52, -26, 0, 0
0.071928, -5, 3, 0, 0
0.072128, 40, -21, 0, 0
0.072330, 5, 10, 0, 0
0.072528, -1, 26, 0, 0
0.072728, 0, 0, 0, 0
0.072930, 40, -20, 0, 0
0.073128, 0, 0, 0, 0
0.073330, -5, 3, 0, 0
0.073530, -7, 29, 0, 0
0.073730, 0, 0, 0, 0
0.073928, -5, -10, 0, 0
0.074128, 0, -13, 0, 0
0.074330, 0, 13, 0, 0
0.074528, 0, 0, 0, 0
0.074728, -6, 29, 0, 0
0.074930, 0, 0, 0, 0
0.075128, -5, -10, 0, 0
0.075330, 0, 13, 0, 0
0.075530, 12, -19, 0, 0
0.075730, -93, 60, 0, 0
0.075930, -6, 29, 0, 0
0.076130, 0, 0, 0, 0
0.076328, -6, 16, 0, 0
0.076528, 11, -6, 0, 0
0.076730, -5, -10, 0, 0
0.076930, 17, -8, 0, 0
0.077130, -51, 14, 0, 0
0.077328, 0, 0, 0, 0
0.077530, 10, 7, 0, 0
0.077728, -5, 3, 0, 0
0.077930, -5, 2, 0, 0
0.078130, -5, -10, 0, 0
0.078328, 39, 4, 0, 0
0.078528, -1, 26, 0, 0
0.078730, -6, 16, 0, 0
0.078928, -35, 30, 0, 0
0.079130, 0, 0, 0, 0
0.079328, -13, 45, 0, 0
0.079528, 39, -8, 0, 0
0.079730, -13, 45, 0, 0
0.079928, -6, 16, 0, 0
0.080128, 0, 13, 0, 0
0.080328, -6, 16, 0, 0
0.080530, 0, 0, 0, 0
0.080728, -7, 29, 0, 0
0.080930, -5, -10, 0, 0
0.081130, -5, 2, 0, 0
0.081328, -5, 3, 0, 0
0.081528, -6, 15, 0, 0
0.081730, 0, -13, 0, 0
0.081928, -5, 3, 0, 0
0.082130, -6, 29, 0, 0
0.082330, 0, -13, 0, 0
0.082530, -6, 15, 0, 0
0.082730, -5, 2, 0, 0
0.082930, -5, 2, 0, 0
0.083128, -1, 26, 0, 0
0.083328, 0, 0, 0, 0
0.083530, 0, 13, 0, 0
0.083730, -13, 31, 0, 0
0.083928, 5, -2, 0, 0
0.084130, 10, 20, 0, 0
0.084330, 0, 0, 0, 0
0.084530, -1, 26, 0, 0
0.084728, 5, 10, 0, 0
0.084930, 0, 13, 0, 0
0.085130, -6, 15, 0, 0
0.085330, -4, -23, 0, 0
0.085528, -6, 15, 0, 0
0.085730, 39, 5, 0, 0
0.085928, 5, 10, 0, 0
0.086130, 4, 23, 0, 0
0.086328, 0, 0, 0, 0
0.086528, 10, 20, 0, 0
0.086728, -65, 58, 0, 0
0.086930, 10, 20, 0, 0
0.087128, -7, 29, 0, 0
0.087330, -61, -6, 0, 0
0.087530, 0, -13, 0, 0
0.087728, 0, 0, 0, 0
0.087928, 0, 13, 0, 0
0.088130, -5, 2, 0, 0
0.088328, 64, -32, 0, 0
0.088530, 5, -2, 0, 0
0.088728, 10, 7, 0, 0
0.088930, -6, 15, 0, 0
0.089130, -5, -10, 0, 0
0.089330, -5, 2, 0, 0
0.089530, -140, 84, 0, 0
0.089728, -5, 2, 0, 0
0.089930, 0, 13, 0, 0
0.090130, -6, 16, 0, 0
0.090330, 0, 0, 0, 0
0.090530, 10, 20, 0, 0
0.090728, 46, -17, 0, 0
0.090930, -5, 3, 0, 0
0.091128, -6, 15, 0, 0
0.091328, -7, 29, 0, 0
0.091528, 40, -7, 0, 0
0.091730, 12, -32, 0, 0
0.091930, -23, 11, 0, 0
0.092130, 0, -13, 0, 0
0.092330, 10, 20, 0, 0
0.092528, 0, 0, 0, 0
0.092730, 0, 0, 0, 0
0.092928, -51, 13, 0, 0
0.093128, 17, -8, 0, 0
0.093330, -5, 2, 0, 0
0.093530, -6, 15, 0, 0
0.093730, 40, -7, 0, 0
0.093930, 0, 13, 0, 0
0.094130, -5, 2, 0, 0
0.094330, 0, 13, 0, 0
0.094530, 0, 0, 0, 0
0.094730, -5, 2, 0, 0
0.094930, 64, -45, 0, 0
0.095130, 12, -18, 0, 0
0.095330, -46, 23, 0, 0
0.095528, -1, 26, 0, 0
0.095728, 0, 0, 0, 0
0.095930, -5, 2, 0, 0
0.096128, 18, -21, 0, 0
0.096330, 40, -7, 0, 0
0.096530, 181, -104, 0, 0
0.096730, 11, -5, 0, 0
0.096930, -6, 15, 0, 0
0.097128, 108, -31, 0, 0
0.097328, 0, 13, 0, 0
0.097530, 11, -5, 0, 0
0.097730, 40, -7, 0, 0
0.097928, 0, -6, 0, 0
0.098130, -5, 2, 0, 0
0.098330, -18, 34, 0, 0
0.098530, -28, 1, 0, 0
0.098730, -5, 2, 0, 0
0.098930, 5, 10, 0, 0
0.099128, -7, 29, 0, 0
0.099328, -7, 29, 0, 0
0.099530, -1, 26, 0, 0
0.099730, 23, -11, 0, 0
0.099930, 0, -13, 0, 0
0.000128, 0, 0, 0, 0
0.000330, 11, -5, 0, 0
0.000530, -6, 16, 0, 0
0.000730, 18, -21, 0, 0
0.000930, 0, 13, 0, 0
0.001128, 39, -8, 0, 0
0.001330, 0, 0, 0, 0
0.001530, -5, 2, 0, 0
0.001730, -1, 26, 0, 0
0.001930, -5, 2, 0, 0
0.002130, -5, -10, 0, 0
0.002330, -5, -10, 0, 0
0.002530, 0, 13, 0, 0
0.002730, 12, -18, 0, 0
0.002928, 3, -71, 0, 0
0.003128, -1, 26, 0, 0
0.003330, 0, 0, 0, 0
0.003530, 5, -2, 0, 0
0.003730, -76, 51, 0, 0
0.003928, -11, 0, 0, 0
0.004128, -58, 29, 0, 0
0.004330, 23, -11, 0, 0
0.004530, -43, 59, 0, 0
0.004730, 10, 20, 0, 0
0.004930, -5, 2, 0, 0
0.005130, 86, -31, 0, 0
0.005330, -6, 15, 0, 0
0.005530, 0, -13, 0, 0
0.005730, 0, 13, 0, 0
0.005930, 0, 0, 0, 0
0.006128, 0, 13, 0, 0
0.006330, -6, 16, 0, 0
0.006528, -1, 26, 0, 0
0.006730, 11, -5, 0, 0
0.006928, -7, 29, 0, 0
0.007130, 40, -20, 0, 0
0.007330, 11, -5, 0, 0
0.007528, -7, 29, 0, 0
0.007730, -7, 29, 0, 0
0.007930, 0, 0, 0, 0
0.008330, -7, 28, 0, 0
0.008530, 0, 0, 0, 0
0.008730, -7, 29, 0, 0
0.008930, 0, -13, 0, 0
0.009128, 0, 13, 0, 0
0.009330, 5, -2, 0, 0
0.009530, 10, 7, 0, 0
0.009728, -7, 29, 0, 0
0.009930, -12, 32, 0, 0
0.010130, -1, 26, 0, 0
0.010330, -5, 2, 0, 0
0.010530, -7, 29, 0, 0
0.010728, 5, 10, 0, 0
0.010928, -6, 15, 0, 0
0.011130, 0, 0, 0, 0
0.011330, 43, -59, 0, 0
0.011530, 5, 10, 0, 0
0.011730, 0, 13, 0, 0
0.011930, 41, -33, 0, 0
0.012130, 11, -5, 0, 0
0.012330, 39, 5, 0, 0
0.012530, 0, 0, 0, 0
0.012730, 0, 13, 0, 0
0.012930, -47, 36, 0, 0
0.013130, 16, 4, 0, 0
0.013330, -5, 2, 0, 0
0.013528, -98, 50, 0, 0
0.013730, 41, -33, 0, 0
0.013930, 0, 0, 0, 0
0.014130, -1, 26, 0, 0
0.014330, 4, -78, 0, 0
0.014530, -11, 94, 0, 0
0.014730, -5, 2, 0, 0
0.014930, 10, 7, 0, 0
0.015130, -5, -10, 0, 0
0.015328, 5, -2, 0, 0
0.015530, -1, 26, 0, 0
0.015730, -6, 15, 0, 0
0.015930, -18, 21, 0, 0
0.016130, 0, 0, 0, 0
0.016330, 0, 13, 0, 0
0.016530, 0, 13, 0, 0
0.016730, -6, 15, 0, 0
0.016930, 7, 85, 0, 0
0.017130, -5, 2, 0, 0
0.017328, -6, 16, 0, 0
0.017528, 10, 7, 0, 0
0.017730, 9, 20, 0, 0
0.017930, 0, 0, 0, 0
0.018130, 0, 13, 0, 0
0.018330, 40, -20, 0, 0
0.018530, -17, 8, 0, 0
0.018730, 5, -3, 0, 0
0.018930, 0, 0, 0, 0
0.019130, 11, -5, 0, 0
0.019328, 0, 94, 0, 0
0.019530, 0, 0, 0, 0
0.019730, 0, 0, 0, 0
0.019930, -6, 15, 0, 0
0.020130, -6, 15, 0, 0
0.020330, 0, 0, 0, 0
0.020530, 41, -33, 0, 0
0.020730, -4, -10, 0, 0
0.020930, 39, 5, 0, 0
0.021130, -5, 2, 0, 0
0.021328, 0, 0, 0, 0
0.021530, 0, -13, 0, 0
0.021730, -5, 2, 0, 0
0.021930, 40, -20, 0, 0
0.022130, 0, 13, 0, 0
0.022330, -6, 15, 0, 0
0.022530, -7, 29, 0, 0
0.022728, 0, -13, 0, 0
0.022930, 4, 23, 0, 0
0.023130, 0, 0, 0, 0
0.023330, -5, -10, 0, 0
0.023530, -6, 15, 0, 0
0.023730, -8, -46, 0, 0
0.023930, -6, 15, 0, 0
0.024130, 0, 13, 0, 0
0.024330, -6, 91, 0, 0
0.024530, 0, -13, 0, 0
0.024730, 11, -5, 0, 0
0.024930, 0, 13, 0, 0
0.025130, 0, 0, 0, 0
0.025330, 0, 13, 0, 0
0.025530, -56, 90, 0, 0
0.025728, -5, -10, 0, 0
0.025930, 41, -33, 0, 0
0.026130, -5, 2, 0, 0
0.026330, 11, -5, 0, 0
0.026530, -54, 51, 0, 0
0.026730, 1, -26, 0, 0
0.026930, -1, 26, 0, 0
0.027130, 17, -8, 0, 0
0.027330, 11, -5, 0, 0
0.027528, -6, 15, 0, 0
0.027730, 5, -2, 0, 0
0.027930, -5, 2, 0, 0
0.028130, -7, 29, 0, 0
0.028330, -1, 26, 0, 0
0.028530, 11, -5, 0, 0
0.028730, 6, -78, 0, 0
0.028930, 0, 6, 0, 0
0.029130, -5, 2, 0, 0
0.029330, -2, 26, 0, 0
0.029528, 40, -7, 0, 0
0.029730, -7, 28, 0, 0
0.029930, 0, 13, 0, 0
0.030130, -6, 15, 0, 0
0.030330, -6, 15, 0, 0
0.030530, -4, -23, 0, 0
0.030730, 0, 0, 0, 0
0.030930, -5, 2, 0, 0
0.031130, -5, 2, 0, 0
0.031330, 0, -13, 0, 0
0.031530, -5, 2, 0, 0
0.031730, -6, 15, 0, 0
0.031930, -5, -3, 0, 0
0.032130, 0, -13, 0, 0
0.032330, 0, 0, 0, 0
0.032530, -5, 2, 0, 0
0.032730, 0, -13, 0, 0
0.032930, 0, 13, 0, 0
0.033130, 41, -20, 0, 0
0.033330, -12, 25, 0, 0
0.033530, -6, 15, 0, 0
0.033730, -54, 51, 0, 0
0.033930, 0, 0, 0, 0
0.034130, -5, -10, 0, 0
0.034330, -5, 2, 0, 0
0.034530, 0, 13, 0, 0
0.034730, -41, 20, 0, 0
0.034930, -1, 26, 0, 0
0.035130, 23, -11, 0, 0
0.035330, -6, 15, 0, 0
0.035530, -5, 2, 0, 0
0.035730, -1, 26, 0, 0
0.035930, -20, 47, 0, 0
0.036130, -14, 44, 0, 0
0.036330, 0, 13, 0, 0
0.036530, 5, -2, 0, 0
0.036730, -6, 15, 0, 0
0.036930, 40, -20, 0, 0
0.037130, -1, 26, 0, 0
0.037330, 0, 0, 0, 0
0.037530, -26, 63, 0, 0
0.037730, -12, 107, 0, 0
0.037930, 0, 13, 0, 0
0.038130, -6, 15, 0, 0
0.038330, 0, 0, 0, 0
0.038530, -5, 2, 0, 0
0.038730, -6, 15, 0, 0
0.038930, -5, -10, 0, 0
0.039130, 0, -13, 0, 0
0.039330, 4, 23, 0, 0
0.039530, -4, -10, 0, 0
0.039730, 0, 13, 0, 0
0.039930, -5, -10, 0, 0
0.040130, 41, -20, 0, 0
0.040330, -7, 28, 0, 0
0.040530, 0, 13, 0, 0
0.040730, -63, 93, 0, 0
0.040930, 0, 0, 0, 0
0.041130, 0, 0, 0, 0
0.041330, 1, -13, 0, 0
0.041530, -4, -10, 0, 0
0.041730, -1, 26, 0, 0
0.041930, -6, 15, 0, 0
0.042130, 11, -5, 0, 0
0.042330, -4, -10, 0, 0
0.042530, 40, -20, 0, 0
0.042730, -12, 18, 0, 0
0.042930, -7, 28, 0, 0
0.043130, 45, -72, 0, 0
0.043330, 56, -2, 0, 0
0.043530, 3, 23, 0, 0
0.043730, 0, 13, 0, 0
0.043930, -1, 26, 0, 0
0.044130, 0, 13, 0, 0
0.044330, -5, -10, 0, 0
0.044530, 39, 6, 0, 0
0.044730, 0, 0, 0, 0
0.044930, 0, 0, 0, 0
0.045130, -5, 2, 0, 0
0.045330, 0, 13, 0, 0
0.045530, -6, 15, 0, 0
0.045730, -4, -10, 0, 0
0.045930, -47, 36, 0, 0
0.046130, -1, 13, 0, 0
0.046330, 0, 0, 0, 0
0.046530, -6, 15, 0, 0
0.046730, -6, 15, 0, 0
0.046930, -16, -10, 0, 0
0.047130, -6, 15, 0, 0
0.047330, 0, 13, 0, 0
0.047530, -5, 2, 0, 0
0.047730, 11, -5, 0, 0
0.047930, -34, 4, 0, 0
0.048130, -1, 26, 0, 0
0.048330, -53, 38, 0, 0
0.048530, 0, -75, 0, 0
0.048730, 40, -7, 0, 0
0.048930, -6, 15, 0, 0
0.049130, -18, 21, 0, 0
0.049330, -6, 15, 0, 0
0.049530, -13, 31, 0, 0
0.049728, 45, 3, 0, 0
0.049930, -20, 47, 0, 0
0.050130, 0, 13, 0, 0
0.050330, -5, 2, 0, 0
0.050530, 39, 6, 0, 0
0.050730, 0, 0, 0, 0
0.050930, -6, 15, 0, 0
0.051130, -72, 60, 0, 0
0.051330, 1, -13, 0, 0
0.051530, -6, 15, 0, 0
0.051728, -5, 2, 0, 0
0.051928, 41, -19, 0, 0
0.052128, -2, 26, 0, 0
0.052330, -6, 15, 0, 0
0.052528, -20, 47, 0, 0
0.052730, -48, 48, 0, 0
0.052928, -5, 2, 0, 0
0.053130, -5, 2, 0, 0
0.053330, -5, 2, 0, 0
0.053528, 39, 6, 0, 0
0.053730, -9, 54, 0, 0
0.053930, 3, 23, 0, 0
0.054130, 16, 4, 0, 0
0.054330, -1, 13, 0, 0
0.054528, 3, 23, 0, 0
0.054728, -1, 13, 0, 0
0.054930, 0, -13, 0, 0
0.055130, -6, 15, 0, 0
0.055330, 0, 0, 0, 0
0.055530, 22, 1, 0, 0
0.055730, 40, -6, 0, 0
0.055928, 52, -87, 0, 0
0.056130, 0, 0, 0, 0
0.056330, -7, 15, 0, 0
0.056528, 5, -2, 0, 0
0.056730, -19, 34, 0, 0
0.056928, -2, 26, 0, 0
0.057130, -12, 18, 0, 0
0.057330, -5, 2, 0, 0
0.057530, -1, 13, 0, 0
0.057730, -6, 15, 0, 0
0.057928, 5, -2, 0, 0
0.058130, -6, 15, 0, 0
0.058330, 0, 0, 0, 0
0.058530, -5, 2, 0, 0
0.058730, 0, 13, 0, 0
0.058930, -6, 15, 0, 0
0.059130, 0, -13, 0, 0
0.059330, -1, 13, 0, 0
0.059530, 14, -44, 0, 0
0.059730, 0, 0, 0, 0
0.059930, 1, -13, 0, 0
0.060130, -1, 13, 0, 0
0.060330, 40, -6, 0, 0
0.060530, 0, 0, 0, 0
0.060730, -1, 13, 0, 0
0.060930, 10, 7, 0, 0
0.061130, -6, 15, 0, 0
0.061330, -1, 13, 0, 0
0.061530, -1, 26, 0, 0
0.061730, -7, 28, 0, 0
0.061930, -6, 15, 0, 0
0.062130, 0, 0, 0, 0
0.062330, 0, 0, 0, 0
0.062530, 65, -30, 0, 0
0.062730, 1, -13, 0, 0
0.062930, 1, -13, 0, 0
0.063130, -1, 13, 0, 0
0.063328, -6, 15, 0, 0
0.063528, -1, 13, 0, 0
0.063730, -2, 26, 0, 0
0.063930, -7, 28, 0, 0
0.064130, 0, 0, 0, 0
0.064330, 42, -32, 0, 0
0.064528, -5, 2, 0, 0
0.064730, 34, -3, 0, 0
0.064930, -18, 21, 0, 0
0.065130, -7, 15, 0, 0
0.065330, 0, 0, 0, 0
0.065530, 0, -68, 0, 0
0.065728, -5, 2, 0, 0
0.065928, -6, 15, 0, 0
0.066130, -7, 15, 0, 0
0.066330, -5, 2, 0, 0
0.066530, 0, 0, 0, 0
0.066730, -6, 78, 0, 0
0.066928, -6, 15, 0, 0
0.067128, -3, -23, 0, 0
0.067330, 3, 23, 0, 0
0.067528, -1, 13, 0, 0
0.067730, 0, 0, 0, 0
0.067928, 0, 0, 0, 0
0.068130, -8, 28, 0, 0
0.068330, -2, 26, 0, 0
0.068528, -1, 13, 0, 0
0.068730, 0, 0, 0, 0
0.068930, 39, 6, 0, 0
0.069130, 0, 13, 0, 0
0.069330, -2, 26, 0, 0
0.069528, -1, 13, 0, 0
0.069728, 5, -2, 0, 0
0.069930, -2, 26, 0, 0
0.070130, -2, 26, 0, 0
0.070330, -8, 28, 0, 0
0.070530, 9, 20, 0, 0
0.070728, -4, -10, 0, 0
0.070928, -1, 13, 0, 0
0.071130, -1, 13, 0, 0
0.071328, -5, 2, 0, 0
0.071528, 0, 0, 0, 0
0.071730, 40, -6, 0, 0
0.071930, 1, -13, 0, 0
0.072128, 0, 0, 0, 0
0.072328, -52, 12, 0, 0
0.072530, 9, -54, 0, 0
0.072730, -3, -29, 0, 0
0.072928, -6, 15, 0, 0
0.073128, 40, -6, 0, 0
0.073330, 40, -6, 0, 0
0.073528, -6, 15, 0, 0
0.073730, -1, 13, 0, 0
0.073930, 0, 0, 0, 0
0.074130, -4, -10, 0, 0
0.074330, -2, 26, 0, 0
0.074530, -6, 15, 0, 0
0.074728, -6, 15, 0, 0
0.074928, 11, -5, 0, 0
0.075130, -5, 2, 0, 0
0.075328, 0, 0, 0, 0
0.075530, -1, 13, 0, 0
0.075728, -19, 34, 0, 0
0.075930, -4, -10, 0, 0
0.076130, -7, 15, 0, 0
0.076330, 41, -19, 0, 0
0.076528, 10, 7, 0, 0
0.076730, -2, 26, 0, 0
0.076928, -8, 28, 0, 0
0.077130, -6, 15, 0, 0
0.077330, -1, 13, 0, 0
0.077528, -2, 25, 0, 0
0.077730, -5, 2, 0, 0
0.077930, -26, 43, 0, 0
0.078130, -1, 13, 0, 0
0.078330, -7, 15, 0, 0
0.078528, -1, 12, 0, 0
0.078730, -1, 13, 0, 0
0.078928, -7, 15, 0, 0
0.079130, -18, 21, 0, 0
0.079328, 41, -19, 0, 0
0.079528, 5, -2, 0, 0
0.079730, -8, 28, 0, 0
0.079930, 39, 6, 0, 0
0.080130, -95, 57, 0, 0
0.080328, -2, 25, 0, 0
0.080530, -2, 26, 0, 0
0.080730, 3, 23, 0, 0
0.080930, -5, 2, 0, 0
0.081128, -8, 28, 0, 0
0.081328, 10, 7, 0, 0
0.081528, -14, 31, 0, 0
0.081730, -1, 13, 0, 0
0.081928, 0, 0, 0, 0
0.082128, 9, 20, 0, 0
0.082328, -2, -36, 0, 0
0.082530, 11, -5, 0, 0
0.082730, -7, 15, 0, 0
0.082928, -1, 12, 0, 0
0.083130, -7, 15, 0, 0
0.083330, -7, 15, 0, 0
0.083530, -4, -10, 0, 0
0.083728, -8, 28, 0, 0
0.083928, -5, 2, 0, 0
0.084130, 0, 0, 0, 0
0.084328, -1, 13, 0, 0
0.084528, 50, 1, 0, 0
0.084730, -4, -10, 0, 0
0.085130, -1, 13, 0, 0
0.085330, 40, -6, 0, 0
0.085530, 0, 0, 0, 0
0.085730, -7, 15, 0, 0
0.085930, 1, -13, 0, 0
0.086128, -1, 13, 0, 0
0.086330, 0, 0, 0, 0
0.086528, 3, 23, 0, 0
0.086728, -2, -36, 0, 0
0.086930, 5, -2, 0, 0
0.087128, -7, 15, 0, 0
0.087328, -1, 12, 0, 0
0.087530, 0, 0, 0, 0
0.087728, 2, -25, 0, 0
0.087930, 6, -78, 0, 0
0.088128, -2, 25, 0, 0
0.088330, -7, 15, 0, 0
0.088530, 24, -23, 0, 0
0.088728, -8, 28, 0, 0
0.088928, -96, 56, 0, 0
0.089130, -7, 15, 0, 0
0.089328, -5, 2, 0, 0
0.089530, -1, 13, 0, 0
0.089728, -1, 13, 0, 0
0.089930, -7, 15, 0, 0
0.090128, -8, 28, 0, 0
0.090330, -1, 13, 0, 0
0.090528, -5, 2, 0, 0
0.090728, 9, 20, 0, 0
0.090930, 0, 0, 0, 0
0.091128, 13, -18, 0, 0
0.091330, 0, 0, 0, 0
0.091528, 10, 7, 0, 0
0.091726, 41, -18, 0, 0
0.091930, 17, -8, 0, 0
0.092126, -11, 5, 0, 0
0.092328, 41, -18, 0, 0
0.092528, 0, 0, 0, 0
0.092728, -8, 35, 0, 0
0.092928, -7, 15, 0, 0
0.093130, 41, -19, 0, 0
0.093330, -6, 9, 0, 0
0.093530, -5, 2, 0, 0
0.093728, -5, 2, 0, 0
0.093928, 4, 10, 0, 0
0.094130, -13, 25, 0, 0
0.094330, -5, 2, 0, 0
0.094530, 0, 0, 0, 0
0.094728, -1, 13, 0, 0
0.094930, -93, 31, 0, 0
0.095128, 3, 23, 0, 0
0.095328, -8, 28, 0, 0
0.095528, 1, -12, 0, 0
0.095730, -6, 15, 0, 0
0.095928, -7, 15, 0, 0
0.096128, 0, 0, 0, 0
0.096330, -1, 13, 0, 0
0.096528, 0, 0, 0, 0
0.096728, 9, 20, 0, 0
0.096926, -8, 28, 0, 0
0.097128, 0, 0, 0, 0
0.097328, -4, -10, 0, 0
0.097528, 4, 10, 0, 0
0.097730, 1, -13, 0, 0
0.097928, 23, -10, 0, 0
0.098130, -8, 28, 0, 0
0.098328, 4, 10, 0, 0
0.098528, 7, -15, 0, 0
0.098730, -15, 44, 0, 0
0.098928, -1, 12, 0, 0
0.099128, -1, 12, 0, 0
0.099328, 1, -12, 0, 0
0.099528, -47, 21, 0, 0
0.099728, -5, 2, 0, 0
0.099928, -2, 26, 0, 0
0.000128, -5, 2, 0, 0
0.000328, -1, 13, 0, 0
0.000528, -1, 13, 0, 0
0.000730, 0, 0, 0, 0
0.000928, -7, 15, 0, 0
0.001128, 11, -5, 0, 0
0.001328, -50, 47, 0, 0
0.001528, -27, 63, 0, 0
0.001730, -5, 2, 0, 0
0.001930, -1, 13, 0, 0
0.002128, -149, 80, 0, 0
0.002328, 1, -13, 0, 0
0.002528, 87, -27, 0, 0
0.002730, -1, 13, 0, 0
0.002928, 141, -52, 0, 0
0.003130, -1, 13, 0, 0
0.003328, 6, -9, 0, 0
0.003530, -7, 15, 0, 0
0.003728, -2, 26, 0, 0
0.003930, -5, 2, 0, 0
0.004128, -19, 20, 0, 0
0.004328, 10, 7, 0, 0
0.004528, 0, 0, 0, 0
0.004728, -4, -10, 0, 0
0.004928, -5, 2, 0, 0
0.005128, -8, 28, 0, 0
0.005328, -8, 28, 0, 0
0.005530, 0, 0, 0, 0
0.005728, 1, -12, 0, 0
0.005928, 0, 0, 0, 0
0.006128, -7, 15, 0, 0
0.006328, 0, 0, 0, 0
0.006528, -5, 2, 0, 0
0.006728, -2, 25, 0, 0
0.006926, -7, 15, 0, 0
0.007130, -2, 26, 0, 0
0.007328, -5, 2, 0, 0
0.007528, -1, 13, 0, 0
0.007728, -2, 25, 0, 0
0.007928, 5, -2, 0, 0
0.008128, -4, -10, 0, 0
0.008328, -1, 12, 0, 0
0.008528, -8, 28, 0, 0
0.008728, -4, -10, 0, 0
0.008928, 0, 0, 0, 0
0.009128, 23, -10, 0, 0
0.009330, 5, -2, 0, 0
0.009528, -4, -10, 0, 0
0.009728, 0, 0, 0, 0
0.009928, -1, 12, 0, 0
0.010128, 9, 20, 0, 0
0.010328, -4, -10, 0, 0
0.010526, 0, 0, 0, 0
0.010728, -4, -10, 0, 0
0.010928, -4, -10, 0, 0
0.011128, 0, 0, 0, 0
0.011328, 9, 20, 0, 0
0.011528, -7, 15, 0, 0
0.011730, -2, 26, 0, 0
0.011928, -61, 101, 0, 0
0.012128, -1, 13, 0, 0
0.012328, -3, -23, 0, 0
0.012528, -2, 25, 0, 0
0.012728, -2, 25, 0, 0
0.012930, -7, 15, 0, 0
0.013128, 1, -75, 0, 0
0.013328, 3, 23, 0, 0
0.013528, -7, 15, 0, 0
0.013730, 0, 0, 0, 0
0.013928, 0, 0, 0, 0
0.014130, -1, 13, 0, 0
0.014328, -5, 2, 0, 0
0.014528, -5, 2, 0, 0
0.014728, 0, 0, 0, 0
0.014928, -8, 28, 0, 0
0.015128, -14, 31, 0, 0
0.015328, -1, 12, 0, 0
0.015528, -1, 12, 0, 0
0.015728, -1, 12, 0, 0
0.015930, -7, 15, 0, 0
0.016128, -8, 28, 0, 0
0.016328, 0, 0, 0, 0
0.016526, -8, 28, 0, 0
0.016728, -1, 12, 0, 0
0.016928, 3, 85, 0, 0
0.017128, -7, 15, 0, 0
0.017328, 5, -2, 0, 0
0.017528, -1, 12, 0, 0
0.017728, -5, 2, 0, 0
0.017928, 19, -21, 0, 0
0.018128, 1, -75, 0, 0
0.018326, -7, 15, 0, 0
0.018530, -34, 9, 0, 0
0.018728, 0, 0, 0, 0
0.018928, -7, 15, 0, 0
0.019126, -5, 2, 0, 0
0.019328, 7, -15, 0, 0
0.019528, 0, 0, 0, 0
0.019728, 4, 10, 0, 0
0.019928, -8, 28, 0, 0
0.020130, -11, 5, 0, 0
0.020328, 4, 10, 0, 0
0.020526, 17, -7, 0, 0
0.020728, -1, 12, 0, 0
0.020928, -2, 25, 0, 0
0.021126, -7, 15, 0, 0
0.021330, -1, 13, 0, 0
0.021528, 41, -18, 0, 0
0.021728, -5, 2, 0, 0
0.021928, 41, -18, 0, 0
0.022128, 0, 0, 0, 0
0.022328, 3, 23, 0, 0
0.022528, 26, -36, 0, 0
0.022728, -22, -2, 0, 0
0.022928, -102, 58, 0, 0
0.023130, -7, 15, 0, 0
0.023328, 4, 10, 0, 0
0.023528, -8, 28, 0, 0
0.023726, 11, -5, 0, 0
0.023928, -78, 47, 0, 0
0.024128, 0, 0, 0, 0
0.024330, 11, -5, 0, 0
0.024528, -4, 38, 0, 0
0.024728, -8, 28, 0, 0
0.024928, -7, 15, 0, 0
0.025128, -1, 12, 0, 0
0.025326, -8, 28, 0, 0
0.025728, -7, 15, 0, 0
0.025928, -5, 2, 0, 0
0.026126, 10, 7, 0, 0
0.026328, -5, 2, 0, 0
0.026528, 0, 0, 0, 0
0.026726, 41, -18, 0, 0
0.026928, -7, 15, 0, 0
0.027126, 29, -12, 0, 0
0.027328, -4, -10, 0, 0
0.027528, 40, -5, 0, 0
0.027728, 39, 7, 0, 0
0.027928, -5, 2, 0, 0
0.028128, -5, -3, 0, 0
0.028328, -8, 28, 0, 0
0.028528, -7, 15, 0, 0
0.028726, -1, 12, 0, 0
0.028928, -79, 109, 0, 0
0.029128, -1, 12, 0, 0
0.029328, -2, 25, 0, 0
0.029528, 0, 0, 0, 0
0.029728, -11, 5, 0, 0
0.029928, -7, 15, 0, 0
0.030128, -4, -10, 0, 0
0.030328, -53, 86, 0, 0
0.030526, -2, 25, 0, 0
0.030726, -2, 25, 0, 0
0.030928, 39, 7, 0, 0
0.031128, -1, 12, 0, 0
0.031328, 0, 0, 0, 0
0.031528, 0, 0, 0, 0
0.031726, -1, 12, 0, 0
0.031928, 41, -18, 0, 0
0.032126, -4, -10, 0, 0
0.032326, 1, -12, 0, 0
0.032526, -7, 15, 0, 0
0.032726, -7, 64, 0, 0
0.032928, -7, 15, 0, 0
0.033128, -8, 28, 0, 0
0.033326, 26, -79, 0, 0
0.033526, -6, 2, 0, 0
0.033728, 5, -2, 0, 0
0.033928, 1, -12, 0, 0
0.034128, -7, 15, 0, 0
0.034326, -4, -10, 0, 0
0.034526, 0, 0, 0, 0
0.034728, -10, 41, 0, 0
0.034928, -5, 2, 0, 0
0.035126, 1, -12, 0, 0
0.035328, 0, 0, 0, 0
0.035526, -7, 15, 0, 0
0.035726, -7, 15, 0, 0
0.035928, -2, 25, 0, 0
0.036128, -4, -10, 0, 0
0.036328, 0, 0, 0, 0
0.036526, -2, 25, 0, 0
0.036728, 0, 0, 0, 0
0.036926, 5, -2, 0, 0
0.037128, -5, 2, 0, 0
0.037328, -1, 12, 0, 0
0.037526, 89, -39, 0, 0
0.037728, -8, 28, 0, 0
0.037928, 41, -18, 0, 0
0.038126, -5, 2, 0, 0
0.038326, 1, -12, 0, 0
0.038528, 11, -5, 0, 0
0.038728, -2, 25, 0, 0
0.038926, -5, 2, 0, 0
0.039126, -17, 7, 0, 0
0.039326, 5, -2, 0, 0
0.039526, 11, -5, 0, 0
0.039728, -19, 20, 0, 0
0.039926, -1, 12, 0, 0
0.040128, -8, 28, 0, 0
0.040326, -9, 28, 0, 0
0.040528, -1, 12, 0, 0
0.040726, 16, 5, 0, 0
0.040926, 1, -12, 0, 0
0.041126, -1, 12, 0, 0
0.041326, -9, 28, 0, 0
0.041528, 41, -18, 0, 0
0.041726, 1, -12, 0, 0
0.041928, -7, 15, 0, 0
0.042126, 10, 7, 0, 0
0.042326, 0, 0, 0, 0
0.042526, 1, -12, 0, 0
0.042726, -7, 15, 0, 0
0.042926, -8, 22, 0, 0
0.043126, 0, 0, 0, 0
0.043326, -17, 7, 0, 0
0.043526, -7, 15, 0, 0
0.043728, 41, -18, 0, 0
0.043926, -1, 12, 0, 0
0.044128, -5, 2, 0, 0
0.044326, 11, -5, 0, 0
0.044526, -5, 2, 0, 0
0.044726, -4, -10, 0, 0
0.044926, -5, 2, 0, 0
0.045126, -1, 12, 0, 0
0.045326, -59, 74, 0, 0
0.045526, 1, -12, 0, 0
0.045726, -1, 12, 0, 0
0.045926, -5, 2, 0, 0
0.046126, -5, 2, 0, 0
0.046326, 38, 7, 0, 0
0.046528, 3, 23, 0, 0
0.046726, -17, 7, 0, 0
0.046926, -7, 15, 0, 0
0.047128, 51, -109, 0, 0
0.047326, -1, 12, 0, 0
0.047528, -1, 12, 0, 0
0.047726, 0, 0, 0, 0
0.047926, -1, 12, 0, 0
0.048126, -19, 20, 0, 0
0.048326, -7, 15, 0, 0
0.048526, -17, 7, 0, 0
0.048728, -5, 2, 0, 0
0.048926, -4, -10, 0, 0
0.049126, 10, 7, 0, 0
0.049326, -4, -10, 0, 0
0.049526, -22, 46, 0, 0
0.049728, -8, 28, 0, 0
0.049926, 0, 0, 0, 0
0.050126, -46, 7, 0, 0
0.050326, -60, 74, 0, 0
0.050526, 3, 23, 0, 0
0.050726, 0, 0, 0, 0
0.050926, 20, -83, 0, 0
0.051126, 12, -5, 0, 0
0.051326, -13, 18, 0, 0
0.051526, -8, 28, 0, 0
0.051726, -158, 93, 0, 0
0.051926, 18, -7, 0, 0
0.052126, -9, 28, 0, 0
0.052326, -5, 2, 0, 0
0.052526, 10, 7, 0, 0
0.052726, 0, 0, 0, 0
0.052926, -7, 15, 0, 0
0.053128, 11, -5, 0, 0
0.053326, 10, 7, 0, 0
0.053526, 0, 0, 0, 0
0.053726, -2, 25, 0, 0
0.053926, -7, 15, 0, 0
0.054126, -17, 106, 0, 0
0.054326, -6, 2, 0, 0
0.054526, -4, -10, 0, 0
0.054726, 11, -5, 0, 0
0.054926, -4, -10, 0, 0
0.055128, -7, 15, 0, 0
0.055326, 0, 0, 0, 0
0.055528, -1, 12, 0, 0
0.055728, 5, -2, 0, 0
0.055926, -1, 12, 0, 0
0.056128, -7, 15, 0, 0
0.056326, -19, 20, 0, 0
0.056526, -1, 12, 0, 0
0.056726, 0, 0, 0, 0
0.056926, -3, -16, 0, 0
0.057126, -7, 15, 0, 0
0.057326, 1, -12, 0, 0
0.057526, -5, 2, 0, 0
0.057728, -20, 33, 0, 0
0.057926, -48, 20, 0, 0
0.058126, -5, 2, 0, 0
0.058326, -3, 25, 0, 0
0.058526, -5, 2, 0, 0
0.058726, -7, 15, 0, 0
0.058926, -7, 15, 0, 0
0.059126, 1, -12, 0, 0
0.059326, 90, -38, 0, 0
0.059526, -5, 2, 0, 0
0.059726, -7, 15, 0, 0
0.059926, -1, 12, 0, 0
0.060126, 0, 0, 0, 0
0.060326, 0, 0, 0, 0
0.060526, 2, 23, 0, 0
0.060726, -4, -10, 0, 0
0.060924, 24, -10, 0, 0
0.061126, 5, -2, 0, 0
0.061326, -3, 25, 0, 0
0.061524, -1, 12, 0, 0
0.061726, 6, -2, 0, 0
0.061926, 13, -18, 0, 0
0.062126, 0, 0, 0, 0
0.062326, -3, 25, 0, 0
0.062526, -1, 12, 0, 0
0.062726, 4, 10, 0, 0
0.062926, -13, 18, 0, 0
0.063126, -1, 12, 0, 0
0.063326, 6, -2, 0, 0
0.063526, 15, 11, 0, 0
0.063726, -1, 12, 0, 0
0.063926, -11, 54, 0, 0
0.064126, -11, -1, 0, 0
0.064326, -4, -10, 0, 0
0.064526, 17, -7, 0, 0
0.064726, -1, 12, 0, 0
0.064926, -1, 12, 0, 0
0.065124, -17, 43, 0, 0
0.065326, -9, 28, 0, 0
0.065526, -7, 15, 0, 0
0.065726, 12, -5, 0, 0
0.065926, 5, -2, 0, 0
0.066126, 0, 0, 0, 0
0.066326, -7, 15, 0, 0
0.066526, -7, 15, 0, 0
0.066726, 1, -12, 0, 0
0.066926, -7, 15, 0, 0
0.067126, -6, 2, 0, 0
0.067326, -36, 15, 0, 0
0.067524, -1, 12, 0, 0
0.067726, -7, 15, 0, 0
0.067926, 0, 0, 0, 0
0.068126, 1, -12, 0, 0
0.068326, -1, 12, 0, 0
0.068526, -3, 25, 0, 0
0.068726, 13, -18, 0, 0
0.068926, 17, -7, 0, 0
0.069126, 0, 0, 0, 0
0.069326, -43, 30, 0, 0
0.069526, -6, 2, 0, 0
0.069726, -1, 12, 0, 0
0.069926, -1, 12, 0, 0
0.070126, -2, 25, 0, 0
0.070326, 42, -18, 0, 0
0.070526, -6, 2, 0, 0
0.070726, 40, -5, 0, 0
0.070926, 1, -12, 0, 0
0.071126, 0, 0, 0, 0
0.071326, -7, 15, 0, 0
0.071526, -4, -10, 0, 0
0.071926, -5, 2, 0, 0
0.072126, -1, 12, 0, 0
0.072324, -1, 12, 0, 0
0.072526, 10, 7, 0, 0
0.072726, -1, 12, 0, 0
0.072926, 0, 0, 0, 0
0.073126, 3, -75, 0, 0
0.073324, -36, 14, 0, 0
0.073526, 45, -43, 0, 0
0.073726, -7, 15, 0, 0
0.073926, 12, -5, 0, 0
0.074126, -6, 2, 0, 0
0.074326, -4, -10, 0, 0
0.074526, 2, 23, 0, 0
0.074724, 16, 5, 0, 0
0.074926, 5, -2, 0, 0
0.075126, 1, -12, 0, 0
0.075324, 1, -12, 0, 0
0.075526, 1, -12, 0, 0
0.075726, 0, 0, 0, 0
0.075926, 0, 0, 0, 0
0.076126, -7, 15, 0, 0
0.076326, 40, -4, 0, 0
0.076524, 1, -12, 0, 0
0.076726, -6, 2, 0, 0
0.076924, -6, 2, 0, 0
0.077124, 13, -17, 0, 0
0.077326, -7, 15, 0, 0
0.077526, -52, 59, 0, 0
0.077726, -9, 28, 0, 0
0.077924, 0, 0, 0, 0
0.078126, -27, 42, 0, 0
0.078326, -5, 2, 0, 0
0.078526, 12, -5, 0, 0
0.078724, 13, -17, 0, 0
0.078924, -1, 12, 0, 0
0.079126, 0, 0, 0, 0
0.079326, 18, -7, 0, 0
0.079524, 0, 0, 0, 0
0.079726, -5, 2, 0, 0
0.079926, -9, 28, 0, 0
0.080126, -9, 28, 0, 0
0.080324, -9, 28, 0, 0
0.080526, -7, 15, 0, 0
0.080724, 2, -19, 0, 0
0.080924, 43, -30, 0, 0
0.081126, -1, 12, 0, 0
0.081326, -7, 15, 0, 0
0.081526, -7, 15, 0, 0
0.081726, 10, 7, 0, 0
0.081926, 12, -5, 0, 0
0.082126, -1, 12, 0, 0
0.082326, 38, 8, 0, 0
0.082526, -7, 15, 0, 0
0.082726, 3, -25, 0, 0
0.082924, -6, 2, 0, 0
0.083126, -1, 12, 0, 0
0.083324, -6, 2, 0, 0
0.083524, -4, -10, 0, 0
0.083726, 11, -5, 0, 0
0.083926, 6, -2, 0, 0
0.084126, 0, 0, 0, 0
0.084326, -55, 85, 0, 0
0.084526, -6, 2, 0, 0
0.084726, 4, 10, 0, 0
0.084926, 41, -18, 0, 0
0.085126, -11, 5, 0, 0
0.085324, -1, 12, 0, 0
0.085526, -1, 12, 0, 0
0.085726, -3, 25, 0, 0
0.085926, 1, -12, 0, 0
0.086124, -9, 28, 0, 0
0.086326, 0, 0, 0, 0
0.086526, -4, -10, 0, 0
0.086726, -6, 2, 0, 0
0.086926, -5, 2, 0, 0
0.087126, 0, 0, 0, 0
0.087326, 2, -19, 0, 0
0.087526, 1, -12, 0, 0
0.087724, 12, -4, 0, 0
0.087924, -7, 15, 0, 0
0.088126, -30, 61, 0, 0
0.088326, -1, 12, 0, 0
0.088526, 43, -30, 0, 0
0.088726, -2, 25, 0, 0
0.088926, 142, -98, 0, 0
0.089124, -21, 82, 0, 0
0.089326, 0, 0, 0, 0
0.089526, 5, -2, 0, 0
0.089726, -6, 2, 0, 0
0.089926, -6, 2, 0, 0
0.090126, 5, -2, 0, 0
0.090326, -1, 12, 0, 0
0.090524, 22, 2, 0, 0
0.090726, 0, 0, 0, 0
0.090926, -4, -10, 0, 0
0.091126, -6, 2, 0, 0
0.091326, -6, 2, 0, 0
0.091526, -6, 2, 0, 0
0.091726, -8, 28, 0, 0
0.091926, 0, 0, 0, 0
0.092124, 40, -4, 0, 0
0.092326, -2, -23, 0, 0
0.092524, 47, -56, 0, 0
0.092726, -34, 2, 0, 0
0.092926, -1, 12, 0, 0
0.093126, -21, 33, 0, 0
0.093326, -7, 15, 0, 0
0.093526, -1, 12, 0, 0
0.093724, -6, 2, 0, 0
0.093924, -6, 2, 0, 0
0.094126, -103, 57, 0, 0
0.094324, -3, 25, 0, 0
0.094524, 40, -4, 0, 0
0.094726, -4, -10, 0, 0
0.094924, -1, 12, 0, 0
0.095126, -1, 12, 0, 0
0.095324, 0, 0, 0, 0
0.095524, 0, 0, 0, 0
0.095726, 0, 0, 0, 0
0.095926, 1, -12, 0, 0
0.096124, 0, 0, 0, 0
0.096326, -4, -10, 0, 0
0.096524, -6, 2, 0, 0
0.096726, -10, 41, 0, 0
0.096924, -3, 25, 0, 0
0.097124, 1, -12, 0, 0
0.097326, -5, 2, 0, 0
0.097526, -7, 15, 0, 0
0.097726, -7, 15, 0, 0
0.097924, -4, -10, 0, 0
0.098126, -1, -36, 0, 0
0.098324, -6, 2, 0, 0
0.098524, -9, 28, 0, 0
0.098724, -7, 15, 0, 0
0.098926, 1, -12, 0, 0
0.099124, -7, 15, 0, 0
0.099326, -1, 12, 0, 0
0.099526, -13, 18, 0, 0
0.099726, -6, 2, 0, 0
0.099926, -15, 31, 0, 0
0.000172, 8, 20, 0, 500
0.000372, -27, 407, 0, 500
0.000572, 55, 804, 0, 500
0.000772, 6, 572, 0, 500
0.000970, -37, 213, 0, 500
0.001172, -21, 402, 0, 500
0.001370, 72, 659, 0, 500
0.001570, 24, 534, 0, 500
0.001776, -34, 289, 0, 500
0.001976, -45, 430, 0, 500
0.002178, 42, 593, 0, 500
0.002376, 9, 556, 0, 500
0.002576, -23, 408, 0, 500
0.002778, -23, 447, 0, 500
0.002978, 14, 556, 0, 500
0.003178, 27, 501, 0, 500
0.003378, 12, 408, 0, 500
0.003578, -64, 506, 0, 500
0.003778, 19, 556, 0, 500
0.003978, 28, 488, 0, 500
0.004178, -6, 399, 0, 500
0.004378, 3, 477, 0, 500
0.004578, 10, 552, 0, 500
0.004778, -15, 569, 0, 500
0.004978, 13, 385, 0, 500
0.005178, -21, 452, 0, 500
0.005378, 8, 552, 0, 500
0.005578, 25, 581, 0, 500
0.005778, -48, 491, 0, 500
0.005978, 18, 372, 0, 500
0.006178, -12, 550, 0, 500
0.006378, -10, 612, 0, 500
0.006578, -11, 487, 0, 500
0.006778, 31, 425, 0, 500
0.006978, -64, 536, 0, 500
0.007178, -1, 570, 0, 500
0.007378, -17, 513, 0, 500
0.007578, 64, 347, 0, 500
0.007778, 31, 477, 0, 500
0.007978, -51, 670, 0, 500
0.008178, -60, 569, 0, 500
0.008378, 64, 347, 0, 500
0.008578, 52, 428, 0, 500
0.008778, -59, 656, 0, 500
0.008978, -67, 542, 0, 500
0.009178, 70, 332, 0, 500
0.009378, 50, 454, 0, 500
0.009578, -68, 657, 0, 500
0.009778, -63, 533, 0, 500
0.009978, 126, 317, 0, 500
0.010178, 11, 474, 0, 500
0.010378, -52, 604, 0, 500
0.010578, -16, 512, 0, 500
0.010778, 61, 412, 0, 500
0.010978, 0, 477, 0, 500
0.011178, -63, 523, 0, 500
0.011378, -36, 536, 0, 500
0.011578, 87, 561, 0, 500
0.011778, 64, 348, 0, 500
0.011978, -103, 462, 0, 500
0.012178, -45, 588, 0, 500
0.012378, 40, 573, 0, 500
0.012578, 47, 443, 0, 500
0.012778, -31, 408, 0, 500
0.012978, -47, 528, 0, 500
0.013178, 55, 555, 0, 500
0.013378, 56, 453, 0, 500
0.013578, -63, 484, 0, 500
0.013778, -59, 537, 0, 500
0.013978, 60, 453, 0, 500
0.014178, 154, 405, 0, 500
0.014378, -89, 562, 0, 500
0.014578, -150, 571, 0, 500
0.014778, 37, 487, 0, 500
0.014978, 123, 444, 0, 500
0.015178, -21, 478, 0, 500
0.015378, -114, 559, 0, 500
0.015578, 18, 523, 0, 500
0.015778, 71, 507, 0, 500
0.015978, -7, 471, 0, 500
0.016178, -84, 497, 0, 500
0.016378, 11, 474, 0, 500
0.016578, 102, 506, 0, 500
0.016778, -54, 544, 0, 500
0.016978, -106, 490, 0, 500
0.017178, 59, 464, 0, 500
0.017378, 126, 487, 0, 500
0.017578, -67, 536, 0, 500
0.017778, -101, 531, 0, 500
0.017978, 38, 465, 0, 500
0.018178, 24, 529, 0, 500
0.018378, 59, 401, 0, 500
0.018578, -64, 536, 0, 500
0.018778, -42, 539, 0, 500
0.018978, 41, 370, 0, 500
0.019178, 53, 467, 0, 500
0.019378, -65, 677, 0, 500
0.019578, 11, 474, 0, 500
0.019778, 17, 369, 0, 500
0.019978, -112, 566, 0, 500
0.020178, 65, 550, 0, 500
0.020378, 78, 467, 0, 500
0.020578, -58, 471, 0, 500
0.020778, -41, 499, 0, 500
0.020978, 47, 519, 0, 500
0.021178, 80, 417, 0, 500
0.021378, -62, 536, 0, 500
0.021578, -67, 575, 0, 500
0.021778, -10, 485, 0, 500
0.021978, 79, 454, 0, 500
0.022178, 56, 453, 0, 500
0.022378, -81, 484, 0, 500
0.022578, 2, 555, 0, 500
0.022778, 55, 544, 0, 500
0.022978, -11, 426, 0, 500
0.023178, -52, 485, 0, 500
0.023378, 13, 539, 0, 500
0.023578, 61, 492, 0, 500
0.023778, -16, 487, 0, 500
0.023978, -32, 461, 0, 500
0.024178, -5, 517, 0, 500
0.024378, 60, 515, 0, 500
0.024578, -17, 513, 0, 500
0.024778, -26, 458, 0, 500
0.024978, 0, 531, 0, 500
0.025180, 28, 529, 0, 500
0.025378, 0, 482, 0, 500
0.025578, -5, 461, 0, 500
0.025778, 11, 476, 0, 500
0.025978, 0, 555, 0, 500
0.026178, 7, 477, 0, 500
0.026378, -48, 505, 0, 500
0.026578, 27, 468, 0, 500
0.026778, 28, 536, 0, 500
0.026978, 11, 476, 0, 500
0.027178, 10, 463, 0, 500
0.027378, -35, 500, 0, 500
0.027578, 5, 542, 0, 500
0.027778, 72, 445, 0, 500
0.027978, -23, 484, 0, 500
0.028178, -62, 536, 0, 500
0.028378, 54, 518, 0, 500
0.028578, 27, 477, 0, 500
0.028778, -34, 461, 0, 500
0.028978, -58, 533, 0, 500
0.029178, 51, 532, 0, 500
0.029378, 4, 489, 0, 500
0.029578, -3, 423, 0, 500
0.029778, -21, 491, 0, 500
0.029978, 16, 578, 0, 500
0.030178, -20, 513, 0, 500
0.030378, -10, 474, 0, 500
0.030578, 33, 464, 0, 500
0.030780, 15, 474, 0, 500
0.030978, -29, 559, 0, 500
0.031178, -58, 527, 0, 500
0.031378, 102, 417, 0, 500
0.031578, -6, 507, 0, 500
0.031778, -86, 552, 0, 500
0.031978, 11, 474, 0, 500
0.032178, 78, 467, 0, 500
0.032378, -45, 531, 0, 500
0.032578, -49, 534, 0, 500
0.032778, 35, 474, 0, 500
0.032978, 31, 490, 0, 500
0.033178, -61, 523, 0, 500
0.033378, 11, 539, 0, 500
0.033578, 8, 502, 0, 500
0.033778, 11, 411, 0, 500
0.033978, -7, 485, 0, 500
0.034178, -47, 619, 0, 500
0.034378, 37, 487, 0, 500
0.034578, 36, 412, 0, 500
0.034778, -33, 474, 0, 500
0.034978, -46, 593, 0, 500
0.035178, 36, 494, 0, 500
0.035380, 3, 478, 0, 500
0.035578, 15, 448, 0, 500
0.035778, -46, 593, 0, 500
0.035978, -22, 539, 0, 500
0.036178, 67, 398, 0, 500
0.036378, 16, 461, 0, 500
0.036578, -75, 612, 0, 500
0.036778, -31, 497, 0, 500
0.036978, 105, 429, 0, 500
0.037178, 23, 471, 0, 500
0.037378, -105, 547, 0, 500
0.037578, -33, 536, 0, 500
0.037778, 76, 467, 0, 500
0.037978, 57, 440, 0, 500
0.038178, -103, 548, 0, 500
0.038378, -30, 523, 0, 500
0.038578, 100, 468, 0, 500
0.038778, 2, 491, 0, 500
0.038978, -147, 532, 0, 500
0.039178, 31, 490, 0, 500
0.039378, 152, 444, 0, 500
0.039578, -65, 488, 0, 500
0.039778, -117, 541, 0, 500
0.039978, 53, 506, 0, 500
0.040178, 152, 381, 0, 500
0.040378, -78, 520, 0, 500
0.040578, -137, 654, 0, 500
0.040778, 107, 429, 0, 500
0.040978, 81, 422, 0, 500
0.041178, -96, 532, 0, 500
0.041378, -57, 537, 0, 500
0.041578, 74, 532, 0, 500
0.041778, 45, 460, 0, 500
0.041978, -71, 416, 0, 500
0.042178, -56, 573, 0, 500
0.042378, 174, 508, 0, 500
0.042578, -30, 484, 0, 500
0.042778, -142, 481, 0, 500
0.042978, 55, 466, 0, 500
0.043180, 118, 548, 0, 500
0.043378, -63, 523, 0, 500
0.043578, -76, 425, 0, 500
0.043778, 34, 367, 0, 500
0.043978, 61, 641, 0, 500
0.044378, -51, 368, 0, 500
0.044578, -10, 439, 0, 500
0.044778, 61, 602, 0, 500
0.044978, 0, 542, 0, 500
0.045178, -77, 418, 0, 500
0.045378, -14, 461, 0, 500
0.045578, 99, 534, 0, 500
0.045778, 16, 539, 0, 500
0.045978, -78, 471, 0, 500
0.046178, -105, 508, 0, 500
0.046378, 131, 511, 0, 500
0.046578, 66, 448, 0, 500
0.046778, -108, 507, 0, 500
0.046978, -28, 536, 0, 500
0.047178, 122, 483, 0, 500
0.047378, 11, 450, 0, 500
0.047578, -127, 530, 0, 500
0.047778, -22, 618, 0, 500
0.047978, 130, 391, 0, 500
0.048178, -11, 448, 0, 500
0.048378, -92, 555, 0, 500
0.048578, 22, 546, 0, 500
0.048778, 75, 431, 0, 500
0.048978, -54, 485, 0, 500
0.049178, -34, 526, 0, 500
0.049378, 34, 555, 0, 500
0.049578, 59, 440, 0, 500
0.049778, -29, 448, 0, 500
0.049978, -95, 545, 0, 500
0.050178, 69, 523, 0, 500
0.050378, 74, 483, 0, 500
0.050578, -59, 484, 0, 500
0.050778, -63, 502, 0, 500
0.050978, 74, 509, 0, 500
0.051178, 58, 453, 0, 500
0.051378, -40, 486, 0, 500
0.051578, -64, 536, 0, 500
0.051778, -12, 550, 0, 500
0.051978, 83, 445, 0, 500
0.052178, -26, 534, 0, 500
0.052378, -26, 392, 0, 500
0.052578, 18, 500, 0, 500
0.052778, 1, 606, 0, 500
0.052978, -25, 494, 0, 500
0.053178, 17, 385, 0, 500
0.053378, 13, 513, 0, 500
0.053578, 11, 568, 0, 500
0.053778, -37, 500, 0, 500
0.053980, -12, 474, 0, 500
0.054178, 33, 490, 0, 500
0.054378, -9, 510, 0, 500
0.054578, -15, 465, 0, 500
0.054778, 19, 487, 0, 500
0.054978, 3, 542, 0, 500
0.055178, -16, 526, 0, 500
0.055378, -48, 482, 0, 500
0.055578, 39, 448, 0, 500
0.055778, 37, 496, 0, 500
0.055978, -26, 537, 0, 500
0.056178, -54, 547, 0, 500
0.056378, 22, 421, 0, 500
0.056578, -11, 510, 0, 500
0.056778, -6, 537, 0, 500
0.056978, 63, 439, 0, 500
0.057178, -54, 507, 0, 500
0.057378, -50, 534, 0, 500
0.057578, 100, 482, 0, 500
0.057778, 11, 476, 0, 500
0.057978, -100, 557, 0, 500
0.058178, -8, 409, 0, 500
0.058378, 94, 534, 0, 500
0.058578, 5, 542, 0, 500
0.058778, -81, 500, 0, 500
0.058978, -10, 484, 0, 500
0.059178, 52, 546, 0, 500
0.059378, -13, 487, 0, 500
0.059578, -59, 484, 0, 500
0.059778, 50, 454, 0, 500
0.059978, 95, 521, 0, 500
0.060178, -107, 576, 0, 500
0.060378, -59, 484, 0, 500
0.060578, 103, 399, 0, 500
0.060778, 34, 527, 0, 500
0.060980, -83, 510, 0, 500
0.061178, -21, 491, 0, 500
0.061378, 69, 512, 0, 500
0.061578, -10, 513, 0, 500
0.061778, -52, 508, 0, 500
0.061978, 2, 481, 0, 500
0.062178, -37, 500, 0, 500
0.062378, 62, 489, 0, 500
0.062578, -17, 513, 0, 500
0.062778, -21, 491, 0, 500
0.062978, 60, 453, 0, 500
0.063178, 8, 542, 0, 500
0.063378, -59, 498, 0, 500
0.063578, 18, 460, 0, 500
0.063778, 33, 552, 0, 500
0.063978, 14, 476, 0, 500
0.064178, -34, 447, 0, 500
0.064378, 11, 476, 0, 500
0.064578, -22, 618, 0, 500
0.064778, 16, 463, 0, 500
0.064978, -7, 448, 0, 500
0.065178, -7, 523, 0, 500
0.065378, 4, 516, 0, 500
0.065578, 9, 483, 0, 500
0.065778, -12, 461, 0, 500
0.065978, -19, 579, 0, 500
0.066178, 32, 454, 0, 500
0.066378, 50, 454, 0, 500
0.066578, -33, 497, 0, 500
0.066778, -38, 562, 0, 500
0.066978, 54, 518, 0, 500
0.067178, 20, 434, 0, 500
0.067378, -47, 508, 0, 500
0.067578, 10, 542, 0, 500
0.067778, 58, 453, 0, 500
0.067978, -50, 521, 0, 500
0.068178, -32, 500, 0, 500
0.068378, 31, 490, 0, 500
0.068578, 40, 484, 0, 500
0.068778, 7, 477, 0, 500
0.068978, -34, 526, 0, 500
0.069178, 9, 516, 0, 500
0.069378, 15, 474, 0, 500
0.069578, -18, 494, 0, 500
0.069778, 13, 500, 0, 500
0.069978, 16, 500, 0, 500
0.070178, -58, 563, 0, 500
0.070378, 69, 408, 0, 500
0.070578, 5, 491, 0, 500
0.070778, -39, 667, 0, 500
0.070978, -10, 461, 0, 500
0.071178, 65, 335, 0, 500
0.071378, -60, 599, 0, 500
0.071578, -63, 599, 0, 500
0.071778, 63, 411, 0, 500
0.071978, 58, 401, 0, 500
0.072178, -58, 616, 0, 500
0.072378, -41, 565, 0, 500
0.072578, 64, 387, 0, 500
0.072778, -7, 484, 0, 500
0.072978, -60, 595, 0, 500
0.073178, 17, 474, 0, 500
0.073378, 66, 424, 0, 500
0.073578, -39, 528, 0, 500
0.073778, -27, 560, 0, 500
0.073978, 39, 462, 0, 500
0.074178, 59, 440, 0, 500
0.074378, -66, 602, 0, 500
0.074578, -39, 500, 0, 500
0.074778, 65, 411, 0, 500
0.074978, 29, 490, 0, 500
0.075178, -42, 539, 0, 500
0.075378, -66, 562, 0, 500
0.075578, 31, 490, 0, 500
0.075778, 103, 404, 0, 500
0.075978, -54, 534, 0, 500
0.076178, -103, 557, 0, 500
0.076378, 42, 474, 0, 500
0.076578, 151, 393, 0, 500
0.076778, -73, 521, 0, 500
0.076978, -127, 583, 0, 500
0.077178, 58, 451, 0, 500
0.077378, 84, 496, 0, 500
0.077578, -28, 484, 0, 500
0.077778, -81, 493, 0, 500
0.077978, 9, 443, 0, 500
0.078178, 47, 585, 0, 500
0.078378, 21, 529, 0, 500
0.078578, -30, 395, 0, 500
0.078778, -61, 523, 0, 500
0.078978, 30, 592, 0, 500
0.079178, 68, 449, 0, 500
0.079378, -36, 447, 0, 500
0.079578, -100, 505, 0, 500
0.079778, 53, 545, 0, 500
0.079978, 43, 534, 0, 500
0.080178, -31, 463, 0, 500
0.080378, -52, 508, 0, 500
0.080578, 56, 451, 0, 500
0.080778, 11, 539, 0, 500
0.080978, -17, 491, 0, 500
0.081178, -64, 536, 0, 500
0.081378, 35, 490, 0, 500
0.081578, 106, 416, 0, 500
0.081778, -100, 557, 0, 500
0.081978, -89, 573, 0, 500
0.082178, 129, 418, 0, 500
0.082378, 56, 453, 0, 500
0.082578, -79, 524, 0, 500
0.082778, -66, 562, 0, 500
0.082978, 63, 476, 0, 500
0.083178, 35, 487, 0, 500
0.083378, -37, 473, 0, 500
0.083578, 13, 450, 0, 500
0.083778, 18, 539, 0, 500
0.083978, -28, 536, 0, 500
0.084178, -9, 487, 0, 500
0.084378, 18, 421, 0, 500
0.084578, 8, 542, 0, 500
0.084778, -57, 599, 0, 500
0.084978, 65, 400, 0, 500
0.085178, 14, 437, 0, 500
0.085378, -35, 562, 0, 500
0.085578, -16, 579, 0, 500
0.085778, 30, 464, 0, 500
0.086178, 9, 477, 0, 500
0.086378, 11, 483, 0, 500
0.086578, -12, 541, 0, 500
0.086778, -31, 497, 0, 500
0.086978, 23, 477, 0, 500
0.087178, 58, 453, 0, 500
0.087378, -64, 576, 0, 500
0.087578, -56, 534, 0, 500
0.087778, 80, 428, 0, 500
0.087978, 49, 484, 0, 500
0.088178, -56, 563, 0, 500
0.088378, -59, 524, 0, 500
0.088578, 6, 439, 0, 500
0.088778, 105, 429, 0, 500
0.088978, 10, 542, 0, 500
0.089178, -141, 578, 0, 500
0.089378, 27, 468, 0, 500
0.089578, 152, 406, 0, 500
0.089778, -63, 563, 0, 500
0.089978, -109, 560, 0, 500
0.090178, 42, 474, 0, 500
0.090378, 103, 430, 0, 500
0.090578, -54, 537, 0, 500
0.090778, -24, 504, 0, 500
0.090978, 9, 504, 0, 500
0.091178, 2, 491, 0, 500
0.091378, -9, 504, 0, 500
0.091578, 14, 476, 0, 500
0.091778, -11, 510, 0, 500
0.091978, -7, 488, 0, 500
0.092178, -15, 513, 0, 500
0.092378, 14, 476, 0, 500
0.092578, 50, 480, 0, 500
0.092778, 20, 468, 0, 500
0.092978, -60, 512, 0, 500
0.093178, -12, 524, 0, 500
0.093378, 52, 519, 0, 500
0.093578, 33, 428, 0, 500
0.093778, -36, 487, 0, 500
0.093978, -45, 584, 0, 500
0.094178, 28, 529, 0, 500
0.094378, 63, 400, 0, 500
0.094578, -52, 508, 0, 500
0.094778, -84, 523, 0, 500
0.094978, 76, 507, 0, 500
0.095178, 99, 495, 0, 500
0.095378, -81, 471, 0, 500
0.095578, -89, 555, 0, 500
0.095778, 80, 482, 0, 500
0.095978, 68, 447, 0, 500
0.096178, -91, 533, 0, 500
0.096378, -62, 536, 0, 500
0.096578, 158, 403, 0, 500
0.096778, -15, 513, 0, 500
0.096978, -158, 618, 0, 500
0.097178, 32, 477, 0, 500
0.097378, 159, 339, 0, 500
0.097578, -33, 523, 0, 500
0.097778, -163, 683, 0, 500
0.097978, 60, 453, 0, 500
0.098178, 106, 365, 0, 500
0.098378, -32, 487, 0, 500
0.098578, -91, 681, 0, 500
0.098778, 37, 500, 0, 500
0.098978, 49, 354, 0, 500
0.099178, -12, 500, 0, 500
0.099378, -68, 628, 0, 500
0.099578, 54, 453, 0, 500
0.099778, 17, 447, 0, 500
0.099978, -58, 567, 0, 500
0.000178, 9, 477, 0, 500
0.000378, 31, 468, 0, 500
0.000578, 13, 474, 0, 500
0.000778, -61, 572, 0, 500
0.000978, 11, 476, 0, 500
0.001178, 30, 477, 0, 500
0.001378, -9, 488, 0, 500
0.001578, -53, 511, 0, 500
0.001778, 29, 468, 0, 500
0.001978, 31, 468, 0, 500
0.002178, -16, 560, 0, 500
0.002378, -25, 488, 0, 500
0.002578, 11, 450, 0, 500
0.002778, -19, 575, 0, 500
0.002978, 12, 486, 0, 500
0.003178, 22, 421, 0, 500
0.003378, -42, 528, 0, 500
0.003578, -10, 513, 0, 500
0.003778, 47, 546, 0, 500
0.003978, 15, 411, 0, 500
0.004178, -29, 487, 0, 500
0.004378, 9, 516, 0, 500
0.004578, -12, 592, 0, 500
0.004778, 22, 421, 0, 500
0.004978, -3, 409, 0, 500
0.005178, -9, 528, 0, 500
0.005378, 4, 555, 0, 500
0.005578, -13, 513, 0, 500
0.005778, 14, 424, 0, 500
0.005978, -15, 465, 0, 500
0.006178, -9, 602, 0, 500
0.006378, 31, 507, 0, 500
0.006578, 24, 421, 0, 500
0.006778, -58, 511, 0, 500
0.006978, -51, 593, 0, 500
0.007178, 84, 458, 0, 500
0.007378, 20, 421, 0, 500
0.007578, -107, 543, 0, 500
0.007778, 10, 552, 0, 500
0.007978, 101, 455, 0, 500
0.008178, -10, 474, 0, 500
0.008378, -83, 510, 0, 500
0.008578, 4, 504, 0, 500
0.008778, 44, 549, 0, 500
0.008978, -21, 500, 0, 500
0.009178, 14, 372, 0, 500
0.009378, -22, 578, 0, 500
0.009578, 6, 578, 0, 500
0.009778, 62, 413, 0, 500
0.009978, -51, 495, 0, 500
0.010178, -47, 528, 0, 500
0.010378, 39, 543, 0, 500
0.010578, 70, 423, 0, 500
0.010778, -36, 487, 0, 500
0.010978, -56, 472, 0, 500
0.011178, 29, 568, 0, 500
0.011378, 56, 453, 0, 500
0.011578, -29, 474, 0, 500
0.011778, -32, 553, 0, 500
0.011978, 7, 516, 0, 500
0.012178, 31, 490, 0, 500
0.012380, -6, 465, 0, 500
0.012578, -15, 491, 0, 500
0.012778, 8, 490, 0, 500
0.012978, 3, 542, 0, 500
0.013178, -9, 510, 0, 500
0.013378, 22, 434, 0, 500
0.013578, -28, 484, 0, 500
0.013778, -24, 567, 0, 500
0.013978, 59, 518, 0, 500
0.014178, 12, 424, 0, 500
0.014378, -58, 472, 0, 500
0.014578, -28, 583, 0, 500
0.014778, 46, 559, 0, 500
0.014978, 10, 463, 0, 500
0.015178, -30, 395, 0, 500
0.015378, -20, 513, 0, 500
0.015578, 47, 558, 0, 500
0.015778, 14, 476, 0, 500
0.015978, -27, 448, 0, 500
0.016178, 11, 516, 0, 500
0.016378, 7, 565, 0, 500
0.016578, 11, 450, 0, 500
0.016778, -33, 474, 0, 500
0.016978, 3, 542, 0, 500
0.017178, 20, 513, 0, 500
0.017378, 13, 450, 0, 500
0.017578, -23, 484, 0, 500
0.017778, -28, 556, 0, 500
0.017978, 31, 490, 0, 500
0.018178, 7, 491, 0, 500
0.018378, 10, 463, 0, 500
0.018578, -47, 528, 0, 500
0.018778, 30, 440, 0, 500
0.018978, 8, 539, 0, 500
0.019178, -15, 513, 0, 500
0.019378, -7, 484, 0, 500
0.019578, 57, 472, 0, 500
0.019778, 33, 490, 0, 500
0.019978, -105, 547, 0, 500
0.020178, -46, 593, 0, 500
0.020378, 83, 414, 0, 500
0.020578, 69, 244, 0, 500
0.020778, -90, 628, 0, 500
0.020978, -72, 736, 0, 500
0.021178, 87, 412, 0, 500
0.021378, 67, 296, 0, 500
0.021578, -79, 524, 0, 500
0.021778, -50, 657, 0, 500
0.021978, 58, 401, 0, 500
0.022178, 38, 461, 0, 500
0.022578, 6, 529, 0, 500
0.022778, 27, 444, 0, 500
0.022978, 14, 476, 0, 500
0.023178, -54, 537, 0, 500
0.023378, 11, 489, 0, 500
0.023578, 55, 466, 0, 500
0.023778, 11, 483, 0, 500
0.023978, -97, 597, 0, 500
0.024178, 8, 478, 0, 500
0.024378, 69, 436, 0, 500
0.024578, -19, 539, 0, 500
0.024778, -30, 500, 0, 500
0.024978, -4, 510, 0, 500
0.025178, 33, 490, 0, 500
0.025378, -6, 481, 0, 500
0.025578, -47, 528, 0, 500
0.025778, 31, 490, 0, 500
0.025978, 58, 453, 0, 500
0.026178, -3, 479, 0, 500
0.026378, -78, 527, 0, 500
0.026578, -39, 578, 0, 500
0.026778, 78, 467, 0, 500
0.026978, 109, 327, 0, 500
0.027178, -126, 566, 0, 500
0.027378, -90, 624, 0, 500
0.027578, 92, 471, 0, 500
0.027778, 125, 393, 0, 500
0.027978, -105, 534, 0, 500
0.028178, -110, 626, 0, 500
0.028378, 78, 467, 0, 500
0.028578, 106, 391, 0, 500
0.028778, -75, 490, 0, 500
0.028978, -83, 520, 0, 500
0.029178, 39, 582, 0, 500
0.029378, 66, 501, 0, 500
0.029578, -23, 379, 0, 500
0.029778, -51, 460, 0, 500
0.029978, 3, 618, 0, 500
0.030178, 24, 555, 0, 500
0.030378, 21, 378, 0, 500
0.030578, -11, 487, 0, 500
0.030778, -8, 539, 0, 500
0.030978, 11, 539, 0, 500
0.031178, -15, 452, 0, 500
0.031378, -11, 497, 0, 500
0.031578, 56, 460, 0, 500
0.031778, -32, 563, 0, 500
0.031978, -20, 488, 0, 500
0.032178, 15, 448, 0, 500
0.032378, -5, 523, 0, 500
0.032578, -8, 576, 0, 500
0.032778, -6, 458, 0, 500
0.032978, -44, 462, 0, 500
0.033178, 23, 568, 0, 500
0.033378, 37, 487, 0, 500
0.033580, 12, 424, 0, 500
0.033778, -64, 536, 0, 500
0.033978, 19, 546, 0, 500
0.034178, 56, 453, 0, 500
0.034378, 13, 450, 0, 500
0.034578, -100, 557, 0, 500
0.034778, 23, 471, 0, 500
0.034978, 50, 544, 0, 500
0.035178, 12, 463, 0, 500
0.035378, -75, 458, 0, 500
0.035578, -22, 578, 0, 500
0.035778, 104, 494, 0, 500
0.035978, -7, 439, 0, 500
0.036178, -93, 506, 0, 500
0.036378, 49, 500, 0, 500
0.036578, 125, 483, 0, 500
0.036778, -103, 557, 0, 500
0.036978, -84, 495, 0, 500
0.037178, 78, 467, 0, 500
0.037378, 105, 429, 0, 500
0.037578, -98, 562, 0, 500
0.037778, -92, 555, 0, 500
0.037978, 54, 478, 0, 500
0.038178, 77, 441, 0, 500
0.038378, -68, 523, 0, 500
0.038578, -69, 601, 0, 500
0.038778, 127, 418, 0, 500
0.038978, 126, 430, 0, 500
0.039178, -166, 555, 0, 500
0.039378, -137, 601, 0, 500
0.039578, 166, 448, 0, 500
0.039778, 155, 379, 0, 500
0.039978, -218, 577, 0, 500
0.040178, -86, 562, 0, 500
0.040378, 193, 449, 0, 500
0.040578, 64, 426, 0, 500
0.040778, -132, 520, 0, 500
0.040978, -42, 578, 0, 500
0.041178, 44, 547, 0, 500
0.041378, 61, 349, 0, 500
0.041578, -36, 447, 0, 500
0.041778, -65, 641, 0, 500
0.041978, 54, 532, 0, 500
0.042178, 17, 385, 0, 500
0.042378, -54, 507, 0, 500
0.042578, 22, 582, 0, 500
0.042778, 54, 492, 0, 500
0.042978, -57, 458, 0, 500
0.043178, -34, 461, 0, 500
0.043378, 52, 568, 0, 500
0.043578, 54, 492, 0, 500
0.043778, -53, 472, 0, 500
0.043978, -70, 491, 0, 500
0.044178, 94, 509, 0, 500
0.044378, 21, 471, 0, 500
0.044578, -76, 521, 0, 500
0.044778, 15, 513, 0, 500
0.044978, 56, 453, 0, 500
0.045178, -16, 478, 0, 500
0.045378, 30, 479, 0, 500
0.045578, 5, 542, 0, 500
0.045778, -63, 563, 0, 500
0.045978, 10, 463, 0, 500
0.046178, 38, 461, 0, 500
0.046378, 6, 490, 0, 500
0.046578, -36, 566, 0, 500
0.046778, -10, 513, 0, 500
0.046978, 63, 400, 0, 500
0.047178, -12, 500, 0, 500
0.047378, -41, 565, 0, 500
0.047578, -13, 513, 0, 500
0.047778, 31, 451, 0, 500
0.047978, 27, 468, 0, 500
0.048178, -31, 497, 0, 500
0.048378, -23, 591, 0, 500
0.048578, 60, 453, 0, 500
0.048778, 16, 372, 0, 500
0.048978, -82, 586, 0, 500
0.049178, 20, 575, 0, 500
0.049378, 41, 487, 0, 500
0.049578, 16, 372, 0, 500
0.049778, -64, 536, 0, 500
0.049978, 2, 591, 0, 500
0.050178, 51, 481, 0, 500
0.050378, -32, 420, 0, 500
0.050578, -14, 478, 0, 500
0.050778, 44, 554, 0, 500
0.050978, 51, 493, 0, 500
0.051178, -38, 429, 0, 500
0.051378, -80, 546, 0, 500
0.051578, 47, 558, 0, 500
0.051778, 58, 453, 0, 500
0.051978, -31, 448, 0, 500
0.052178, -62, 546, 0, 500
0.052378, 39, 488, 0, 500
0.052578, 54, 453, 0, 500
0.052778, -30, 556, 0, 500
0.052978, -61, 563, 0, 500
0.053178, 28, 464, 0, 500
0.053378, 64, 398, 0, 500
0.053578, -32, 563, 0, 500
0.053778, -41, 565, 0, 500
0.053978, 26, 455, 0, 500
0.054178, 9, 491, 0, 500
0.054378, 28, 542, 0, 500
0.054578, -31, 497, 0, 500
0.054778, -13, 487, 0, 500
0.055178, -22, 618, 0, 500
0.055378, -26, 556, 0, 500
0.055578, 16, 372, 0, 500
0.055778, 28, 464, 0, 500
0.055978, -32, 602, 0, 500
0.056178, -32, 510, 0, 500
0.056378, 53, 441, 0, 500
0.056578, 2, 505, 0, 500
0.056778, 4, 490, 0, 500
0.056978, -44, 528, 0, 500
0.057178, -13, 513, 0, 500
0.057378, 60, 427, 0, 500
0.057578, -42, 528, 0, 500
0.057778, -43, 554, 0, 500
0.057978, 58, 451, 0, 500
0.058178, 35, 490, 0, 500
0.058378, -64, 515, 0, 500
0.058578, -14, 518, 0, 500
0.058778, 64, 450, 0, 500
0.058978, -16, 478, 0, 500
0.059178, -94, 554, 0, 500
0.059378, 71, 507, 0, 500
0.059578, 38, 546, 0, 500
0.059778, -33, 434, 0, 500
0.059978, 11, 424, 0, 500
0.060178, 8, 542, 0, 500
0.060378, 3, 581, 0, 500
0.060578, -11, 487, 0, 500
0.060778, -6, 409, 0, 500
0.060978, 10, 503, 0, 500
0.061178, -7, 602, 0, 500
0.061378, 7, 477, 0, 500
0.061578, -26, 483, 0, 500
0.061778, 23, 471, 0, 500
0.061978, -11, 510, 0, 500
0.062178, -44, 528, 0, 500
0.062378, 8, 502, 0, 500
0.062578, 29, 490, 0, 500
0.062778, -16, 487, 0, 500
0.062978, 5, 477, 0, 500
0.063378, -15, 513, 0, 500
0.063578, 13, 448, 0, 500
0.063778, 9, 483, 0, 500
0.063978, -16, 579, 0, 500
0.064178, -12, 478, 0, 500
0.064378, 16, 437, 0, 500
0.064578, -20, 552, 0, 500
0.064778, -8, 513, 0, 500
0.064978, 9, 477, 0, 500
0.065178, 31, 490, 0, 500
0.065378, -38, 526, 0, 500
0.065578, -6, 504, 0, 500
0.065778, 33, 490, 0, 500
0.065978, -17, 513, 0, 500
0.066178, -36, 479, 0, 500
0.066378, 58, 453, 0, 500
0.066578, 5, 570, 0, 500
0.066778, -30, 484, 0, 500
0.066978, 15, 411, 0, 500
0.067178, -27, 578, 0, 500
0.067378, 14, 516, 0, 500
0.067578, 12, 424, 0, 500
0.067778, 9, 477, 0, 500
0.067978, -50, 613, 0, 500
0.068178, 23, 445, 0, 500
0.068378, 29, 431, 0, 500
0.068578, 7, 516, 0, 500
0.068778, -52, 600, 0, 500
0.068978, -13, 487, 0, 500
0.069178, 71, 397, 0, 500
0.069378, 10, 486, 0, 500
0.069578, -88, 589, 0, 500
0.069778, 9, 516, 0, 500
0.069978, 67, 437, 0, 500
0.070178, -25, 471, 0, 500
0.070378, -77, 552, 0, 500
0.070578, 54, 532, 0, 500
0.070778, 38, 476, 0, 500
0.070978, -48, 482, 0, 500
0.071178, -71, 534, 0, 500
0.071378, 150, 446, 0, 500
0.071578, 3, 508, 0, 500
0.071778, -127, 530, 0, 500
0.071978, 14, 476, 0, 500
0.072180, 97, 520, 0, 500
0.072378, -24, 445, 0, 500
0.072578, -78, 498, 0, 500
0.072778, -17, 589, 0, 500
0.072978, 71, 532, 0, 500
0.073178, 14, 372, 0, 500
0.073378, -104, 530, 0, 500
0.073578, 52, 558, 0, 500
0.073778, 28, 529, 0, 500
0.073978, -53, 481, 0, 500
0.074178, -10, 474, 0, 500
0.074378, 52, 519, 0, 500
0.074578, 31, 468, 0, 500
0.074778, -34, 447, 0, 500
0.074978, -60, 602, 0, 500
0.075178, 29, 555, 0, 500
0.075380, 35, 425, 0, 500
0.075578, 19, 389, 0, 500
0.075778, -69, 563, 0, 500
0.075978, 8, 578, 0, 500
0.076178, 35, 490, 0, 500
0.076378, 1, 432, 0, 500
0.076578, 10, 437, 0, 500
0.076778, -22, 578, 0, 500
0.076978, 7, 516, 0, 500
0.077178, 12, 437, 0, 500
0.077378, -31, 497, 0, 500
0.077578, 3, 570, 0, 500
0.077778, 60, 453, 0, 500
0.077978, -43, 475, 0, 500
0.078178, -44, 499, 0, 500
0.078378, 37, 520, 0, 500
0.078578, 149, 433, 0, 500
0.078778, -105, 534, 0, 500
0.078978, -174, 603, 0, 500
0.079178, 150, 407, 0, 500
0.079378, 111, 426, 0, 500
0.079578, -139, 579, 0, 500
0.079778, -94, 554, 0, 500
0.079978, 123, 414, 0, 500
0.080178, 108, 416, 0, 500
0.080378, -123, 610, 0, 500
0.080578, -81, 563, 0, 500
0.080778, 82, 427, 0, 500
0.080978, 110, 382, 0, 500
0.081178, -114, 559, 0, 500
0.081378, -64, 615, 0, 500
0.081578, 88, 431, 0, 500
0.081778, -29, 448, 0, 500
0.081978, 9, 516, 0, 500
0.082178, 52, 519, 0, 500
0.082378, -80, 520, 0, 500
0.082578, -8, 452, 0, 500
0.082778, 51, 531, 0, 500
0.082978, 5, 477, 0, 500
0.083178, -63, 523, 0, 500
0.083378, -10, 513, 0, 500
0.083578, 85, 426, 0, 500
0.083778, -39, 528, 0, 500
0.083978, -35, 500, 0, 500
0.084178, -9, 510, 0, 500
0.084378, 62, 459, 0, 500
0.084578, -8, 513, 0, 500
0.084778, -28, 500, 0, 500
0.084978, -8, 520, 0, 500
0.085178, -7, 517, 0, 500
0.085378, 6, 487, 0, 500
0.085578, -6, 497, 0, 500
0.085778, -4, 510, 0, 500
0.085978, -6, 497, 0, 500
0.086178, -19, 491, 0, 500
0.086378, 56, 453, 0, 500
0.086578, 5, 542, 0, 500
0.086778, -50, 531, 0, 500
0.086978, 18, 437, 0, 500
0.087178, -7, 510, 0, 500
0.087378, -19, 579, 0, 500
0.087580, 32, 477, 0, 500
0.087778, 23, 408, 0, 500
0.087978, -42, 513, 0, 500
0.088178, -209, 711, 0, 500
0.088378, 131, 427, 0, 500
0.088580, 205, 265, 0, 500
0.088778, -84, 563, 0, 500
0.088978, -208, 698, 0, 500
0.089178, 65, 437, 0, 500
0.089378, 182, 340, 0, 500
0.089578, -61, 525, 0, 500
0.089778, -140, 651, 0, 500
0.089978, 62, 450, 0, 500
0.090178, 127, 380, 0, 500
0.090378, -89, 613, 0, 500
0.090578, -108, 596, 0, 500
0.090778, 109, 364, 0, 500
0.090978, 50, 455, 0, 500
0.091178, -69, 601, 0, 500
0.091378, -31, 497, 0, 500
0.091578, 57, 440, 0, 500
0.091778, 31, 490, 0, 500
0.091978, -34, 539, 0, 500
0.092178, -29, 497, 0, 500
0.092578, 57, 479, 0, 500
0.092778, 7, 477, 0, 500
0.092978, -101, 623, 0, 500
0.093178, -7, 484, 0, 500
0.093378, 108, 326, 0, 500
0.093578, -16, 579, 0, 500
0.093778, -89, 649, 0, 500
0.093978, 0, 442, 0, 500
0.094178, 110, 325, 0, 500
0.094378, 5, 542, 0, 500
0.094578, -96, 627, 0, 500
0.094778, -13, 487, 0, 500
0.094978, 77, 392, 0, 500
0.095178, 15, 513, 0, 500
0.095378, -92, 613, 0, 500
0.095578, -17, 513, 0, 500
0.095778, 134, 352, 0, 500
0.095978, -11, 488, 0, 500
0.096178, -84, 616, 0, 500
0.096378, -13, 504, 0, 500
0.096578, -15, 449, 0, 500
0.096778, 75, 474, 0, 500
0.096978, 33, 490, 0, 500
0.097178, -57, 538, 0, 500
0.097378, -56, 534, 0, 500
0.097578, 56, 453, 0, 500
0.097778, 61, 440, 0, 500
0.097978, -80, 560, 0, 500
0.098178, -31, 536, 0, 500
0.098378, 106, 416, 0, 500
0.098578, 36, 440, 0, 500
0.098778, -150, 580, 0, 500
0.098978, -17, 592, 0, 500
0.099178, 130, 416, 0, 500
0.099378, -8, 409, 0, 500
0.099578, -106, 560, 0, 500
0.099778, 8, 578, 0, 500
0.099978, 129, 405, 0, 500
0.000178, -34, 447, 0, 500
0.000378, -107, 567, 0, 500
0.000578, 3, 580, 0, 500
0.000778, 158, 403, 0, 500
0.000978, -57, 498, 0, 500
0.001178, -117, 547, 0, 500
0.001378, 50, 545, 0, 500
0.001578, 41, 478, 0, 500
0.001778, -1, 407, 0, 500
0.001978, -44, 528, 0, 500
0.002178, -17, 589, 0, 500
0.002378, 63, 437, 0, 500
0.002578, 13, 450, 0, 500
0.002778, -10, 463, 0, 500
0.002978, -36, 579, 0, 500
0.003178, 12, 503, 0, 500
0.003378, 14, 461, 0, 500
0.003578, -13, 513, 0, 500
0.003778, -43, 564, 0, 500
0.003978, 58, 427, 0, 500
0.004178, -11, 471, 0, 500
0.004378, -12, 551, 0, 500
0.004578, 82, 505, 0, 500
0.004778, -66, 602, 0, 500
0.004978, -27, 369, 0, 500
0.005178, 33, 474, 0, 500
0.005378, 50, 558, 0, 500
0.005578, -30, 523, 0, 500
0.005778, -54, 507, 0, 500
0.005978, 64, 426, 0, 500
0.006178, 0, 522, 0, 500
0.006378, 5, 542, 0, 500
0.006578, -28, 458, 0, 500
0.006778, 16, 500, 0, 500
0.006978, 51, 506, 0, 500
0.007178, 11, 476, 0, 500
0.007378, -78, 520, 0, 500
0.007578, 7, 477, 0, 500
0.007778, 101, 495, 0, 500
0.007978, -129, 609, 0, 500
0.008178, -8, 474, 0, 500
0.008378, 150, 381, 0, 500
0.008578, -33, 497, 0, 500
0.008778, -112, 560, 0, 500
0.008978, 25, 581, 0, 500
0.009178, 114, 413, 0, 500
0.009378, -28, 395, 0, 500
0.009578, -135, 571, 0, 500
0.009778, 99, 572, 0, 500
0.009978, 29, 490, 0, 500
0.010178, -40, 402, 0, 500
0.010378, -32, 500, 0, 500
0.010580, 27, 555, 0, 500
0.010778, 54, 453, 0, 500
0.010978, -34, 447, 0, 500
0.011178, -80, 546, 0, 500
0.011380, 25, 581, 0, 500
0.011578, 101, 430, 0, 500
0.011778, 9, 415, 0, 500
0.011978, -135, 575, 0, 500
0.012178, 9, 568, 0, 500
0.012378, 127, 418, 0, 500
0.012578, -34, 476, 0, 500
0.012778, -131, 546, 0, 500
0.012978, 98, 508, 0, 500
0.013178, 74, 470, 0, 500
0.013378, -78, 458, 0, 500
0.013578, -42, 539, 0, 500
0.013778, 61, 526, 0, 500
0.013978, -39, 547, 0, 500
0.014178, -10, 410, 0, 500
0.014378, 59, 440, 0, 500
0.014578, -46, 606, 0, 500
0.014778, -61, 572, 0, 500
0.014978, 62, 399, 0, 500
0.015178, 2, 491, 0, 500
0.015378, -20, 554, 0, 500
0.015578, 19, 473, 0, 500
0.015778, 13, 513, 0, 500
0.015978, -23, 484, 0, 500
0.016178, -16, 478, 0, 500
0.016378, 56, 484, 0, 500
0.016578, 5, 477, 0, 500
0.016778, -63, 563, 0, 500
0.016978, 7, 516, 0, 500
0.017178, 35, 464, 0, 500
0.017378, -15, 513, 0, 500
0.017578, -25, 494, 0, 500
0.017778, 17, 474, 0, 500
0.017978, 16, 539, 0, 500
0.018178, 4, 516, 0, 500
0.018378, -50, 508, 0, 500
0.018578, 17, 474, 0, 500
0.018778, 26, 490, 0, 500
0.018978, -6, 550, 0, 500
0.019178, 14, 476, 0, 500
0.019378, -19, 452, 0, 500
0.019578, 3, 454, 0, 500
0.019778, -19, 618, 0, 500
0.019978, 29, 490, 0, 500
0.020178, -13, 415, 0, 500
0.020378, -58, 512, 0, 500
0.020578, 31, 578, 0, 500
0.020778, 55, 479, 0, 500
0.020978, -32, 395, 0, 500
0.021178, -64, 576, 0, 500
0.021378, 19, 592, 0, 500
0.021578, 80, 428, 0, 500
0.021778, -10, 409, 0, 500
0.021978, -44, 539, 0, 500
0.022178, 8, 542, 0, 500
0.022378, 58, 453, 0, 500
0.022578, -53, 528, 0, 500
0.022778, -33, 497, 0, 500
0.022978, 25, 516, 0, 500
0.023178, 56, 453, 0, 500
0.023380, -14, 500, 0, 500
0.023578, -31, 497, 0, 500
0.023778, 7, 483, 0, 500
0.023978, -13, 576, 0, 500
0.024178, 50, 454, 0, 500
0.024378, -40, 423, 0, 500
0.024578, -25, 591, 0, 500
0.024778, 34, 586, 0, 500
0.024978, 36, 386, 0, 500
0.025178, -34, 421, 0, 500
0.025378, -63, 602, 0, 500
0.025578, 63, 526, 0, 500
0.025778, 62, 413, 0, 500
0.025978, -56, 485, 0, 500
0.026180, -89, 613, 0, 500
0.026378, 42, 513, 0, 500
0.026578, 113, 324, 0, 500
0.026778, -79, 494, 0, 500
0.026978, -51, 630, 0, 500
0.027178, 31, 529, 0, 500
0.027378, 38, 385, 0, 500
0.027578, -3, 443, 0, 500
0.027778, -18, 605, 0, 500
0.027978, -13, 569, 0, 500
0.028178, -42, 423, 0, 500
0.028378, 66, 385, 0, 500
0.028578, 26, 547, 0, 500
0.028778, -73, 627, 0, 500
0.028978, -10, 461, 0, 500
0.029178, 35, 422, 0, 500
0.029378, 49, 493, 0, 500
0.029578, -36, 579, 0, 500
0.029778, -32, 500, 0, 500
0.029978, 43, 422, 0, 500
0.030178, 17, 480, 0, 500
0.030378, -63, 602, 0, 500
0.030578, 0, 491, 0, 500
0.030778, 63, 437, 0, 500
0.030978, 5, 477, 0, 500
0.031178, -57, 537, 0, 500
0.031378, 8, 542, 0, 500
0.031580, 56, 453, 0, 500
0.031778, -21, 452, 0, 500
0.031978, -62, 536, 0, 500
0.032178, 2, 583, 0, 500
0.032378, 101, 430, 0, 500
0.032578, -50, 469, 0, 500
0.032778, -62, 536, 0, 500
0.032978, 52, 519, 0, 500
0.033178, 60, 451, 0, 500
0.033378, -46, 505, 0, 500
0.033578, -56, 534, 0, 500
0.033778, 36, 494, 0, 500
0.033978, 130, 429, 0, 500
0.034178, -79, 507, 0, 500
0.034378, -125, 544, 0, 500
0.034578, 71, 532, 0, 500
0.034778, 135, 434, 0, 500
0.034978, -40, 473, 0, 500
0.035178, -154, 557, 0, 500
0.035378, 22, 555, 0, 500
0.035578, 156, 404, 0, 500
0.035778, 3, 428, 0, 500
0.035978, -91, 588, 0, 500
0.036178, -62, 629, 0, 500
0.036378, 81, 414, 0, 500
0.036578, 73, 343, 0, 500
0.036778, -111, 635, 0, 500
0.036978, -15, 609, 0, 500
0.037178, 54, 429, 0, 500
0.037378, -8, 409, 0, 500
0.037578, -34, 503, 0, 500
0.037778, 50, 558, 0, 500
0.037978, -7, 573, 0, 500
0.038178, -51, 419, 0, 500
0.038378, 6, 295, 0, 500
0.038578, 68, 675, 0, 500
0.038778, -20, 632, 0, 500
0.038978, -47, 364, 0, 500
0.039178, 20, 369, 0, 500
0.039378, 21, 601, 0, 500
0.039578, 0, 634, 0, 500
0.039778, -26, 392, 0, 500
0.039978, -26, 445, 0, 500
0.040178, 76, 533, 0, 500
0.040378, 9, 526, 0, 500
0.040578, -100, 527, 0, 500
0.040778, -8, 474, 0, 500
0.040978, 147, 420, 0, 500
0.041178, -63, 599, 0, 500
0.041378, -41, 499, 0, 500
0.041578, -14, 461, 0, 500
0.041778, 52, 454, 0, 500
0.041978, 28, 533, 0, 500
0.042178, -59, 537, 0, 500
0.042378, -46, 514, 0, 500
0.042578, 44, 482, 0, 500
0.042778, 31, 490, 0, 500
0.042978, -13, 513, 0, 500
0.043178, -10, 500, 0, 500
0.043378, 6, 464, 0, 500
0.043578, -24, 491, 0, 500
0.043778, 17, 526, 0, 500
0.043978, 27, 462, 0, 500
0.044178, -131, 546, 0, 500
0.044378, 27, 468, 0, 500
0.044578, 132, 498, 0, 500
0.044778, -58, 533, 0, 500
0.044978, -108, 507, 0, 500
0.045178, 38, 461, 0, 500
0.045378, 97, 520, 0, 500
0.045578, -15, 491, 0, 500
0.045778, -106, 521, 0, 500
0.045978, 24, 442, 0, 500
0.046178, 103, 469, 0, 500
0.046378, -18, 527, 0, 500
0.046578, -81, 563, 0, 500
0.046778, 13, 448, 0, 500
0.046978, 100, 418, 0, 500
0.047178, -23, 557, 0, 500
0.047378, -119, 624, 0, 500
0.047578, 24, 490, 0, 500
0.047778, 133, 314, 0, 500
0.047978, -15, 513, 0, 500
0.048178, -139, 672, 0, 500
0.048378, 37, 481, 0, 500
0.048578, 139, 373, 0, 500
0.048778, -24, 497, 0, 500
0.048978, -141, 611, 0, 500
0.049178, 14, 461, 0, 500
0.049378, 129, 405, 0, 500
0.049578, 5, 477, 0, 500
0.049778, -91, 588, 0, 500
0.049978, -23, 565, 0, 500
0.050178, 46, 434, 0, 500
0.050378, 62, 387, 0, 500
0.050578, -47, 539, 0, 500
0.050778, -67, 616, 0, 500
0.050978, 35, 490, 0, 500
0.051178, 107, 364, 0, 500
0.051378, -37, 500, 0, 500
0.051578, -149, 673, 0, 500
0.051778, 46, 481, 0, 500
0.051978, 155, 354, 0, 500
0.052178, -37, 473, 0, 500
0.052378, -157, 645, 0, 500
0.052578, 64, 513, 0, 500
0.052778, 124, 392, 0, 500
0.052978, -76, 448, 0, 500
0.053178, -86, 598, 0, 500
0.053378, 49, 570, 0, 500
0.053578, 175, 320, 0, 500
0.053778, -118, 517, 0, 500
0.053978, -132, 608, 0, 500
0.054178, 95, 560, 0, 500
0.054378, 101, 404, 0, 500
0.054578, -55, 432, 0, 500
0.054778, -97, 594, 0, 500
0.054978, 26, 568, 0, 500
0.055178, 104, 442, 0, 500
0.055378, -65, 483, 0, 500
0.055578, -65, 483, 0, 500
0.055778, 45, 493, 0, 500
0.055978, 65, 546, 0, 500
0.056178, -24, 475, 0, 500
0.056378, -66, 452, 0, 500
0.056578, 20, 533, 0, 500
0.056778, 24, 555, 0, 500
0.056978, -7, 471, 0, 500
0.057178, -53, 504, 0, 500
0.057378, 55, 440, 0, 500
0.057578, -17, 517, 0, 500
0.057780, -17, 552, 0, 500
0.057978, 29, 490, 0, 500
0.058178, 16, 445, 0, 500
0.058378, -51, 534, 0, 500
0.058578, 5, 502, 0, 500
0.058778, 26, 490, 0, 500
0.058978, 8, 463, 0, 500
0.059178, -54, 534, 0, 500
0.059378, 52, 519, 0, 500
0.059578, 14, 463, 0, 500
0.059778, -63, 510, 0, 500
0.059978, -2, 510, 0, 500
0.060178, 60, 515, 0, 500
0.060378, -3, 484, 0, 500
0.060578, -36, 460, 0, 500
0.060778, 11, 516, 0, 500
0.060978, 29, 568, 0, 500
0.061178, -56, 494, 0, 500
0.061378, -25, 432, 0, 500
0.061578, 58, 459, 0, 500
0.061778, -19, 615, 0, 500
0.061978, -44, 488, 0, 500
0.062178, 43, 424, 0, 500
0.062378, -11, 510, 0, 500
0.062578, -17, 513, 0, 500
0.062778, 23, 471, 0, 500
0.062978, 0, 542, 0, 500
0.063178, -38, 525, 0, 500
0.063378, -12, 461, 0, 500
0.063578, 123, 444, 0, 500
0.063778, -16, 488, 0, 500
0.063978, -144, 577, 0, 500
0.064178, 37, 487, 0, 500
0.064378, 149, 420, 0, 500
0.064578, -63, 523, 0, 500
0.064778, -141, 578, 0, 500
0.064978, 132, 416, 0, 500
0.065178, 46, 481, 0, 500
0.065378, -85, 519, 0, 500
0.065578, -25, 494, 0, 500
0.065778, 76, 522, 0, 500
0.065978, 5, 542, 0, 500
0.066178, -74, 455, 0, 500
0.066378, 14, 437, 0, 500
0.066578, 74, 527, 0, 500
0.066778, -70, 615, 0, 500
0.066978, -13, 448, 0, 500
0.067178, -7, 445, 0, 500
0.067378, 81, 504, 0, 500
0.067578, 5, 542, 0, 500
0.067778, -110, 507, 0, 500
0.067978, -7, 484, 0, 500
0.068178, 123, 484, 0, 500
0.068378, 9, 477, 0, 500
0.068578, -111, 559, 0, 500
0.068778, 2, 516, 0, 500
0.068978, 103, 430, 0, 500
0.069178, 10, 463, 0, 500
0.069378, -155, 658, 0, 500
0.069578, 22, 468, 0, 500
0.069778, 127, 380, 0, 500
0.069978, -34, 559, 0, 500
0.070178, -81, 563, 0, 500
0.070378, 29, 490, 0, 500
0.070578, 46, 456, 0, 500
0.070778, 7, 477, 0, 500
0.070978, -31, 546, 0, 500
0.071178, -13, 566, 0, 500
0.071378, 60, 427, 0, 500
0.071578, -32, 444, 0, 500
0.071778, -38, 565, 0, 500
0.071978, 3, 578, 0, 500
0.072178, 39, 448, 0, 500
0.072378, 20, 369, 0, 500
0.072578, -60, 595, 0, 500
0.072778, 48, 584, 0, 500
0.072978, 11, 411, 0, 500
0.073178, -32, 402, 0, 500
0.073378, -17, 592, 0, 500
0.073578, 44, 558, 0, 500
0.073778, 15, 418, 0, 500
0.073978, -58, 471, 0, 500
0.074178, 21, 559, 0, 500
0.074378, 1, 564, 0, 500
0.074578, 20, 421, 0, 500
0.074778, -29, 471, 0, 500
0.074978, 8, 539, 0, 500
0.075178, 44, 558, 0, 500
0.075378, -19, 474, 0, 500
0.075578, -36, 395, 0, 500
0.075778, -14, 589, 0, 500
0.075978, 94, 535, 0, 500
0.076180, -27, 431, 0, 500
0.076378, -75, 468, 0, 500
0.076578, 47, 558, 0, 500
0.076778, 76, 507, 0, 500
0.076978, -42, 456, 0, 500
0.077178, -75, 481, 0, 500
0.077378, 29, 555, 0, 500
0.077578, 75, 506, 0, 500
0.077778, -47, 478, 0, 500
0.077978, -61, 436, 0, 500
0.078178, 55, 544, 0, 500
0.078378, 1, 568, 0, 500
0.078578, -21, 468, 0, 500
0.078778, 11, 411, 0, 500
0.078978, 14, 503, 0, 500
0.079178, -53, 619, 0, 500
0.079378, -21, 575, 0, 500
0.079578, 85, 313, 0, 500
0.079778, 35, 464, 0, 500
0.079978, -76, 626, 0, 500
0.080178, -67, 575, 0, 500
0.080378, 83, 363, 0, 500
0.080578, 65, 435, 0, 500
0.080778, -64, 619, 0, 500
0.080978, -63, 551, 0, 500
0.081180, 40, 435, 0, 500
0.081378, 66, 424, 0, 500
0.081578, -116, 625, 0, 500
0.081778, -15, 474, 0, 500
0.081978, 124, 406, 0, 500
0.082178, 58, 453, 0, 500
0.082378, -124, 615, 0, 500
0.082578, -35, 434, 0, 500
0.082778, 75, 506, 0, 500
0.082978, 23, 568, 0, 500
0.083178, -34, 461, 0, 500
0.083378, -60, 471, 0, 500
0.083578, 72, 510, 0, 500
0.083778, 33, 542, 0, 500
0.083978, -67, 509, 0, 500
0.084378, 39, 487, 0, 500
0.084578, 32, 565, 0, 500
0.084778, -26, 445, 0, 500
0.084978, -56, 471, 0, 500
0.085178, 32, 555, 0, 500
0.085378, 56, 503, 0, 500
0.085578, -37, 472, 0, 500
0.085778, -32, 461, 0, 500
0.085978, 8, 513, 0, 500
0.086178, 25, 553, 0, 500
0.086378, 12, 437, 0, 500
0.086578, -43, 515, 0, 500
0.086778, -4, 567, 0, 500
0.086978, -68, 549, 0, 500
0.087178, 103, 403, 0, 500
0.087378, 9, 475, 0, 500
0.087580, -72, 517, 0, 500
0.087778, 16, 510, 0, 500
0.087978, 31, 496, 0, 500
0.088178, 19, 471, 0, 500
0.088378, -30, 523, 0, 500
0.088578, -25, 533, 0, 500
0.088778, 26, 490, 0, 500
0.088978, -4, 510, 0, 500
0.089178, 13, 450, 0, 500
0.089378, 11, 476, 0, 500
0.089578, -25, 591, 0, 500
0.089778, 5, 477, 0, 500
0.089978, 18, 421, 0, 500
0.090178, -17, 539, 0, 500
0.090378, -4, 531, 0, 500
0.090578, -7, 510, 0, 500
0.090778, 58, 453, 0, 500
0.090978, -46, 514, 0, 500
0.091180, -15, 513, 0, 500
0.091378, 52, 519, 0, 500
0.091578, 16, 461, 0, 500
0.091778, -34, 487, 0, 500
0.091978, -15, 513, 0, 500
0.092178, -17, 549, 0, 500
0.092378, 56, 453, 0, 500
0.092578, -3, 468, 0, 500
0.092778, -49, 518, 0, 500
0.092978, -16, 576, 0, 500
0.093178, 58, 453, 0, 500
0.093378, -16, 487, 0, 500
0.093578, -33, 497, 0, 500
0.093778, 47, 519, 0, 500
0.093978, -10, 523, 0, 500
0.094178, -17, 513, 0, 500
0.094378, -12, 474, 0, 500
0.094578, 2, 505, 0, 500
0.094778, 55, 466, 0, 500
0.094978, -79, 533, 0, 500
0.095178, -19, 579, 0, 500
0.095378, 125, 393, 0, 500
0.095578, 8, 437, 0, 500
0.095778, -110, 586, 0, 500
0.095978, -55, 599, 0, 500
0.096178, 130, 416, 0, 500
0.096378, -3, 419, 0, 500
0.096578, -172, 567, 0, 500
0.096778, 24, 594, 0, 500
0.096978, 172, 420, 0, 500
0.097178, -57, 481, 0, 500
0.097378, -83, 470, 0, 500
0.097578, 27, 555, 0, 500
0.097778, 39, 547, 0, 500
0.097978, 11, 424, 0, 500
0.098178, 1, 434, 0, 500
0.098378, -43, 591, 0, 500
0.098578, -6, 550, 0, 500
0.098778, 56, 453, 0, 500
0.098978, 15, 378, 0, 500
0.099178, -44, 565, 0, 500
0.099378, -63, 638, 0, 500
0.099578, 114, 381, 0, 500
0.099778, 44, 334, 0, 500
0.099978, -83, 602, 0, 500
0.000178, -71, 680, 0, 500
0.000378, 70, 408, 0, 500
0.000578, 44, 372, 0, 500
0.000778, -67, 577, 0, 500
0.000978, -17, 592, 0, 500
0.001178, 73, 434, 0, 500
0.001378, 11, 411, 0, 500
0.001578, -64, 567, 0, 500
0.001778, -31, 536, 0, 500
0.001978, 108, 377, 0, 500
0.002178, -17, 513, 0, 500
0.002378, -112, 612, 0, 500
0.002578, 51, 532, 0, 500
0.002778, 81, 414, 0, 500
0.002978, -31, 448, 0, 500
0.003378, 48, 545, 0, 500
0.003578, 26, 490, 0, 500
0.003778, -61, 431, 0, 500
0.003978, 2, 555, 0, 500
0.004178, 38, 552, 0, 500
0.004378, 14, 424, 0, 500
0.004578, -31, 435, 0, 500
0.004778, -49, 606, 0, 500
0.004978, 37, 565, 0, 500
0.005178, 60, 362, 0, 500
0.005378, -29, 448, 0, 500
0.005578, -71, 628, 0, 500
0.005778, 23, 568, 0, 500
0.005978, 54, 397, 0, 500
0.006178, -16, 461, 0, 500
0.006378, -19, 491, 0, 500
0.006578, 33, 529, 0, 500
0.006778, -5, 542, 0, 500
0.006978, -27, 471, 0, 500
0.007178, 9, 450, 0, 500
0.007378, 35, 490, 0, 500
0.007578, -35, 562, 0, 500
0.007778, -63, 510, 0, 500
0.007978, 74, 444, 0, 500
0.008178, 36, 494, 0, 500
0.008378, -32, 500, 0, 500
0.008578, -37, 500, 0, 500
0.008778, 9, 516, 0, 500
0.008978, 39, 487, 0, 500
0.009178, 16, 463, 0, 500
0.009378, -72, 601, 0, 500
0.009578, -28, 458, 0, 500
0.009778, 83, 453, 0, 500
0.009978, 36, 462, 0, 500
0.010178, -63, 602, 0, 500
0.010378, -24, 491, 0, 500
0.010578, -7, 484, 0, 500
0.010778, 57, 440, 0, 500
0.010978, 9, 516, 0, 500
0.011178, -67, 575, 0, 500
0.011378, 9, 477, 0, 500
0.011578, 30, 464, 0, 500
0.011778, 17, 474, 0, 500
0.011978, -13, 513, 0, 500
0.012178, 5, 542, 0, 500
0.012378, 11, 476, 0, 500
0.012578, -12, 439, 0, 500
0.012778, 9, 516, 0, 500
0.012978, 0, 581, 0, 500
0.013178, -51, 534, 0, 500
0.013378, 23, 408, 0, 500
0.013578, 60, 427, 0, 500
0.013778, -64, 615, 0, 500
0.013978, -66, 598, 0, 500
0.014178, 129, 418, 0, 500
0.014378, 4, 403, 0, 500
0.014578, -82, 537, 0, 500
0.014778, -16, 618, 0, 500
0.014978, 79, 454, 0, 500
0.015180, -12, 461, 0, 500
0.015378, -37, 473, 0, 500
0.015578, 4, 555, 0, 500
0.015778, 26, 529, 0, 500
0.015978, -13, 386, 0, 500
0.016178, -15, 513, 0, 500
0.016378, 44, 558, 0, 500
0.016578, -10, 563, 0, 500
0.016778, -25, 399, 0, 500
0.016978, -10, 500, 0, 500
0.017178, 29, 568, 0, 500
0.017378, -20, 513, 0, 500
0.017578, -4, 426, 0, 500
0.017778, 15, 474, 0, 500
0.018178, -19, 579, 0, 500
0.018378, -10, 461, 0, 500
0.018578, 11, 424, 0, 500
0.018778, 20, 513, 0, 500
0.018978, -46, 593, 0, 500
0.019178, -10, 474, 0, 500
0.019378, -2, 406, 0, 500
0.019578, 5, 551, 0, 500
0.019778, 7, 564, 0, 500
0.019978, -3, 484, 0, 500
0.020178, 13, 411, 0, 500
0.020378, -21, 491, 0, 500
0.020578, 0, 581, 0, 500
0.020778, 69, 434, 0, 500
0.020978, -34, 461, 0, 500
0.021178, -39, 684, 0, 500
0.021378, 13, 450, 0, 500
0.021578, 65, 309, 0, 500
0.021778, -21, 565, 0, 500
0.021978, -97, 643, 0, 500
0.022178, 35, 490, 0, 500
0.022378, 87, 324, 0, 500
0.022578, -31, 536, 0, 500
0.022778, -93, 634, 0, 500
0.022978, 26, 455, 0, 500
0.023178, 108, 402, 0, 500
0.023378, -37, 523, 0, 500
0.023578, -133, 576, 0, 500
0.023778, 57, 517, 0, 500
0.023978, 143, 422, 0, 500
0.024178, -96, 532, 0, 500
0.024378, -102, 535, 0, 500
0.024580, 49, 468, 0, 500
0.024778, 132, 416, 0, 500
0.024978, -41, 565, 0, 500
0.025178, -124, 521, 0, 500
0.025378, 33, 490, 0, 500
0.025578, 81, 531, 0, 500
0.025778, 9, 450, 0, 500
0.025978, -100, 456, 0, 500
0.026178, 20, 523, 0, 500
0.026378, 26, 568, 0, 500
0.026578, 10, 472, 0, 500
0.026778, -45, 479, 0, 500
0.026978, 0, 507, 0, 500
0.027178, 64, 450, 0, 500
0.027378, -16, 579, 0, 500
0.027578, -30, 484, 0, 500
0.027778, -46, 482, 0, 500
0.027978, 80, 466, 0, 500
0.028178, 29, 555, 0, 500
0.028378, -82, 497, 0, 500
0.028578, -14, 461, 0, 500
0.028778, 62, 450, 0, 500
0.028978, 18, 569, 0, 500
0.029178, -47, 525, 0, 500
0.029378, -12, 474, 0, 500
0.029578, 66, 424, 0, 500
0.029778, 15, 474, 0, 500
0.029978, -40, 592, 0, 500
0.030178, -55, 560, 0, 500
0.030378, 110, 377, 0, 500
0.030578, -23, 468, 0, 500
0.030778, -72, 600, 0, 500
0.030978, 16, 500, 0, 500
0.031178, 80, 442, 0, 500
0.031378, 12, 463, 0, 500
0.031578, -104, 561, 0, 500
0.031778, 15, 542, 0, 500
0.031978, 76, 405, 0, 500
0.032178, -27, 471, 0, 500
0.032380, -67, 615, 0, 500
0.032578, 15, 551, 0, 500
0.032778, 47, 421, 0, 500
0.032978, -8, 410, 0, 500
0.033180, -61, 612, 0, 500
0.033378, 15, 562, 0, 500
0.033578, 83, 412, 0, 500
0.033778, -102, 504, 0, 500
0.033978, -29, 497, 0, 500
0.034178, 133, 511, 0, 500
0.034378, -6, 507, 0, 500
0.034578, -75, 498, 0, 500
0.034778, 18, 460, 0, 500
0.034978, 29, 566, 0, 500
0.035178, -13, 487, 0, 500
0.035378, -5, 461, 0, 500
0.035578, 15, 474, 0, 500
0.035778, -24, 570, 0, 500
0.035978, 14, 476, 0, 500
0.036178, 2, 481, 0, 500
0.036378, -15, 520, 0, 500
0.036578, 9, 477, 0, 500
0.036778, 10, 513, 0, 500
0.036978, 14, 463, 0, 500
0.037178, -11, 521, 0, 500
0.037378, 14, 476, 0, 500
0.037578, -40, 512, 0, 500
0.037778, 10, 503, 0, 500
0.037978, 57, 479, 0, 500
0.038178, -59, 524, 0, 500
0.038378, -44, 528, 0, 500
0.038578, 61, 414, 0, 500
0.038778, 23, 499, 0, 500
0.038978, -33, 566, 0, 500
0.039178, -13, 513, 0, 500
0.039378, 65, 400, 0, 500
0.039578, -13, 488, 0, 500
0.039778, -81, 616, 0, 500
0.039978, 61, 492, 0, 500
0.040178, 60, 427, 0, 500
0.040378, -31, 474, 0, 500
0.040578, -44, 578, 0, 500
0.040778, 9, 516, 0, 500
0.040978, -3, 445, 0, 500
0.041178, -27, 508, 0, 500
0.041378, 27, 555, 0, 500
0.041578, 21, 447, 0, 500
0.041778, 9, 477, 0, 500
0.041978, -30, 500, 0, 500
0.042178, -10, 553, 0, 500
0.042378, 31, 490, 0, 500
0.042578, -2, 458, 0, 500
0.042778, 7, 477, 0, 500
0.042978, -14, 579, 0, 500
0.043178, 11, 476, 0, 500
0.043378, 18, 424, 0, 500
0.043578, -46, 597, 0, 500
0.043778, -12, 539, 0, 500
0.043978, 42, 410, 0, 500
0.044178, -7, 487, 0, 500
0.044378, -17, 551, 0, 500
0.044578, -17, 552, 0, 500
0.044778, 45, 428, 0, 500
0.044978, 31, 435, 0, 500
0.045178, -35, 605, 0, 500
0.045378, -24, 491, 0, 500
0.045578, 19, 346, 0, 500
0.045778, 57, 518, 0, 500
0.045978, -26, 596, 0, 500
0.046178, -49, 534, 0, 500
0.046378, 17, 417, 0, 500
0.046578, -54, 534, 0, 500
0.046778, 58, 536, 0, 500
0.046978, 64, 426, 0, 500
0.047178, -53, 511, 0, 500
0.047378, -59, 537, 0, 500
0.047578, 36, 516, 0, 500
0.047778, 62, 450, 0, 500
0.047978, -58, 511, 0, 500
0.048178, -29, 497, 0, 500
0.048378, 60, 529, 0, 500
0.048578, 38, 476, 0, 500
0.048778, -103, 557, 0, 500
0.048978, 16, 437, 0, 500
0.049178, 80, 466, 0, 500
0.049378, -12, 553, 0, 500
0.049578, 22, 460, 0, 500
0.049778, -58, 511, 0, 500
0.049978, 11, 483, 0, 500
0.050178, 61, 479, 0, 500
0.050378, -64, 576, 0, 500
0.050578, -30, 484, 0, 500
0.050778, 65, 437, 0, 500
0.050978, 6, 518, 0, 500
0.051178, -34, 539, 0, 500
0.051378, 15, 450, 0, 500
0.051578, -2, 510, 0, 500
0.051778, 7, 516, 0, 500
0.051978, -81, 570, 0, 500
0.052178, 61, 440, 0, 500
0.052378, 28, 455, 0, 500
0.052578, -57, 599, 0, 500
0.052778, -30, 499, 0, 500
0.052978, 65, 398, 0, 500
0.053178, 60, 453, 0, 500
0.053378, -68, 593, 0, 500
0.053578, -56, 573, 0, 500
0.053778, 58, 415, 0, 500
0.053978, 38, 461, 0, 500
0.054178, -28, 533, 0, 500
0.054378, -37, 500, 0, 500
0.054578, -13, 513, 0, 500
0.054778, 58, 453, 0, 500
0.054978, -12, 553, 0, 500
0.055178, -39, 500, 0, 500
0.055378, -10, 513, 0, 500
0.055578, 31, 490, 0, 500
0.055778, 5, 491, 0, 500
0.055978, -38, 502, 0, 500
0.056178, 16, 487, 0, 500
0.056378, 12, 554, 0, 500
0.056578, 18, 421, 0, 500
0.056778, -37, 539, 0, 500
0.056978, -19, 579, 0, 500
0.057178, 40, 474, 0, 500
0.057378, 28, 368, 0, 500
0.057578, -123, 551, 0, 500
0.057778, 30, 584, 0, 500
0.057978, 109, 428, 0, 500
0.058178, -34, 447, 0, 500
0.058378, -74, 525, 0, 500
0.058578, -13, 615, 0, 500
0.058778, 80, 466, 0, 500
0.058978, 24, 356, 0, 500
0.059178, -91, 551, 0, 500
0.059378, 4, 555, 0, 500
0.059578, 80, 442, 0, 500
0.059778, -10, 501, 0, 500
0.059978, -54, 537, 0, 500
0.060178, -10, 513, 0, 500
0.060378, 58, 427, 0, 500
0.060578, -4, 510, 0, 500
0.060778, -56, 577, 0, 500
0.060978, 14, 476, 0, 500
0.061178, 43, 422, 0, 500
0.061378, -46, 554, 0, 500
0.061578, 10, 503, 0, 500
0.061778, -6, 497, 0, 500
0.061978, 17, 456, 0, 500
0.062178, -12, 539, 0, 500
0.062378, -12, 553, 0, 500
0.062578, 0, 458, 0, 500
0.062778, 18, 421, 0, 500
0.062978, -16, 576, 0, 500
0.063178, -15, 605, 0, 500
0.063378, -5, 500, 0, 500
0.063578, 42, 372, 0, 500
0.063778, 17, 474, 0, 500
0.063978, -42, 588, 0, 500
0.064178, -16, 557, 0, 500
0.064378, 20, 460, 0, 500
0.064578, 28, 418, 0, 500
0.064778, -33, 523, 0, 500
0.064978, -16, 576, 0, 500
0.065178, -15, 513, 0, 500
0.065378, 40, 437, 0, 500
0.065778, -49, 596, 0, 500
0.065978, -56, 524, 0, 500
0.066178, 71, 397, 0, 500
0.066378, 88, 438, 0, 500
0.066578, -92, 617, 0, 500
0.066778, -39, 528, 0, 500
0.066978, 61, 414, 0, 500
0.067178, 54, 453, 0, 500
0.067378, -66, 602, 0, 500
0.067578, -51, 534, 0, 500
0.067778, 69, 397, 0, 500
0.067978, 60, 453, 0, 500
0.068178, -95, 616, 0, 500
0.068378, -35, 474, 0, 500
0.068578, 37, 464, 0, 500
0.068778, 56, 460, 0, 500
0.068978, -57, 593, 0, 500
0.069178, -50, 521, 0, 500
0.069378, 2, 458, 0, 500
0.069578, 82, 428, 0, 500
0.069778, 12, 565, 0, 500
0.069978, -111, 559, 0, 500
0.070178, -6, 458, 0, 500
0.070378, 130, 416, 0, 500
0.070578, -13, 526, 0, 500
0.070778, -133, 576, 0, 500
0.070978, 32, 477, 0, 500
0.071178, 132, 416, 0, 500
0.071380, 9, 477, 0, 500
0.071578, -156, 590, 0, 500
0.071778, 16, 539, 0, 500
0.071978, 139, 432, 0, 500
0.072178, -16, 442, 0, 500
0.072378, -144, 568, 0, 500
0.072578, 54, 518, 0, 500
0.072778, 21, 471, 0, 500
0.072978, 16, 463, 0, 500
0.073178, -12, 491, 0, 500
0.073378, -109, 605, 0, 500
0.073578, 51, 481, 0, 500
0.073778, 15, 450, 0, 500
0.073978, 18, 467, 0, 500
0.074178, 13, 542, 0, 500
0.074378, -28, 536, 0, 500
0.074578, 16, 424, 0, 500
0.074778, 7, 477, 0, 500
0.074978, -46, 597, 0, 500
0.075178, 1, 547, 0, 500
0.075378, 43, 385, 0, 500
0.075578, 15, 448, 0, 500
0.075778, -55, 599, 0, 500
0.075978, -14, 579, 0, 500
0.076178, 24, 395, 0, 500
0.076378, -10, 461, 0, 500
0.076578, 8, 542, 0, 500
0.076778, -27, 563, 0, 500
0.076978, -52, 485, 0, 500
0.077180, 33, 451, 0, 500
0.077378, 99, 470, 0, 500
0.077578, -57, 537, 0, 500
0.077778, -79, 524, 0, 500
0.077978, 35, 490, 0, 500
0.078178, 65, 437, 0, 500
0.078378, -25, 494, 0, 500
0.078578, -58, 603, 0, 500
0.078778, -2, 510, 0, 500
0.078978, 65, 400, 0, 500
0.079178, 30, 470, 0, 500
0.079378, -48, 552, 0, 500
0.079578, 11, 476, 0, 500
0.079778, 11, 476, 0, 500
0.079978, -17, 592, 0, 500
0.080178, 20, 460, 0, 500
0.080378, 13, 411, 0, 500
0.080578, -2, 460, 0, 500
0.080778, -28, 628, 0, 500
0.080978, 9, 477, 0, 500
0.081178, 11, 452, 0, 500
0.081378, -3, 599, 0, 500
0.081578, -3, 513, 0, 500
0.081778, -13, 386, 0, 500
0.081978, 38, 542, 0, 500
0.082178, 13, 581, 0, 500
0.082378, -26, 445, 0, 500
0.082578, -22, 419, 0, 500
0.082778, 11, 539, 0, 500
0.082978, 22, 581, 0, 500
0.083178, -10, 461, 0, 500
0.083378, -22, 419, 0, 500
0.083578, -14, 579, 0, 500
0.083778, 29, 530, 0, 500
0.083978, 22, 428, 0, 500
0.084178, -28, 458, 0, 500
0.084378, -44, 607, 0, 500
0.084578, 102, 456, 0, 500
0.084778, -47, 478, 0, 500
0.084978, -36, 487, 0, 500
0.085178, 29, 517, 0, 500
0.085378, 34, 555, 0, 500
0.085578, -1, 421, 0, 500
0.085778, -5, 461, 0, 500
0.085978, -66, 602, 0, 500
0.086178, 27, 555, 0, 500
0.086378, 66, 348, 0, 500
0.086578, -49, 534, 0, 500
0.086778, -49, 606, 0, 500
0.086978, 37, 464, 0, 500
0.087178, 45, 424, 0, 500
0.087378, -51, 534, 0, 500
0.087578, -27, 504, 0, 500
0.087778, -2, 406, 0, 500
0.087978, 45, 562, 0, 500
0.088178, -11, 579, 0, 500
0.088378, -57, 458, 0, 500
0.088578, 37, 424, 0, 500
0.088778, 37, 565, 0, 500
0.088978, -79, 564, 0, 500
0.089178, 14, 437, 0, 500
0.089378, 44, 486, 0, 500
0.089578, 3, 567, 0, 500
0.089778, -35, 474, 0, 500
0.089978, -12, 461, 0, 500
0.090178, 18, 510, 0, 500
0.090378, -87, 618, 0, 500
0.090578, 38, 437, 0, 500
0.090778, 107, 390, 0, 500
0.090978, -39, 539, 0, 500
0.091178, -79, 564, 0, 500
0.091378, 19, 473, 0, 500
0.091578, 67, 437, 0, 500
0.091778, -34, 539, 0, 500
0.091978, -30, 500, 0, 500
0.092178, 22, 473, 0, 500
0.092378, -4, 510, 0, 500
0.092778, -76, 521, 0, 500
0.092978, 54, 492, 0, 500
0.093178, 56, 492, 0, 500
0.093378, -53, 511, 0, 500
0.093578, -34, 487, 0, 500
0.093778, 60, 453, 0, 500
0.093978, 4, 544, 0, 500
0.094178, -32, 500, 0, 500
0.094378, -5, 500, 0, 500
0.094578, 36, 477, 0, 500
0.094778, -8, 513, 0, 500
0.094978, 14, 463, 0, 500
0.095178, -36, 515, 0, 500
0.095378, 9, 516, 0, 500
0.095578, 35, 467, 0, 500
0.095778, 13, 542, 0, 500
0.095978, -25, 501, 0, 500
0.096178, -26, 497, 0, 500
0.096378, 3, 494, 0, 500
0.096578, 21, 486, 0, 500
0.096778, -5, 513, 0, 500
0.096978, -24, 497, 0, 500
0.097178, 82, 466, 0, 500
0.097378, -35, 500, 0, 500
0.097578, -95, 545, 0, 500
0.097778, 29, 555, 0, 500
0.097978, 86, 426, 0, 500
0.098178, -50, 482, 0, 500
0.098378, -81, 573, 0, 500
0.098578, 51, 493, 0, 500
0.098778, 44, 486, 0, 500
0.098978, -8, 475, 0, 500
0.099178, -31, 474, 0, 500
0.099378, -10, 553, 0, 500
0.099578, 63, 491, 0, 500
0.099778, -27, 487, 0, 500
0.099978, -31, 474, 0, 500
0.000178, 12, 503, 0, 500
0.000378, 10, 542, 0, 500
0.000578, -11, 465, 0, 500
0.000778, 9, 477, 0, 500
0.000978, -42, 576, 0, 500
0.001178, 16, 476, 0, 500
0.001378, 42, 450, 0, 500
0.001578, -8, 513, 0, 500
0.001778, -24, 497, 0, 500
0.001978, 104, 456, 0, 500
0.002178, -53, 512, 0, 500
0.002378, -104, 561, 0, 500
0.002578, 27, 477, 0, 500
0.002778, 108, 454, 0, 500
0.002978, -3, 500, 0, 500
0.003178, -75, 485, 0, 500
0.003378, -17, 531, 0, 500
0.003578, 105, 507, 0, 500
0.003778, 14, 476, 0, 500
0.003978, -82, 497, 0, 500
0.004178, -3, 520, 0, 500
0.004378, 29, 555, 0, 500
0.004578, 40, 437, 0, 500
0.004778, -47, 472, 0, 500
0.004978, -35, 513, 0, 500
0.005178, 57, 518, 0, 500
0.005378, 22, 473, 0, 500
0.005578, -32, 484, 0, 500
0.005778, -28, 500, 0, 500
0.005978, 58, 492, 0, 500
0.006178, 2, 514, 0, 500
0.006378, -75, 537, 0, 500
0.006578, -14, 579, 0, 500
0.006778, 73, 397, 0, 500
0.006978, -4, 433, 0, 500
0.007178, -34, 539, 0, 500
0.007378, -14, 592, 0, 500
0.007578, 65, 452, 0, 500
0.007978, -29, 487, 0, 500
0.008178, -12, 602, 0, 500
0.008378, 35, 490, 0, 500
0.008578, 19, 411, 0, 500
0.008778, -35, 528, 0, 500
0.008978, 7, 555, 0, 500
0.009178, 17, 474, 0, 500
0.009378, 17, 450, 0, 500
0.009578, -57, 537, 0, 500
0.009778, 10, 542, 0, 500
0.009978, 38, 489, 0, 500
0.010178, 42, 400, 0, 500
0.010378, -73, 521, 0, 500
0.010578, -59, 629, 0, 500
0.010778, 52, 468, 0, 500
0.010978, 42, 411, 0, 500
0.011178, -56, 524, 0, 500
0.011378, -26, 537, 0, 500
0.011578, 62, 452, 0, 500
0.011778, -15, 513, 0, 500
0.011978, -35, 500, 0, 500
0.012178, 33, 496, 0, 500
0.012378, 0, 573, 0, 500
0.012578, -50, 482, 0, 500
0.012778, 30, 418, 0, 500
0.012978, 61, 492, 0, 500
0.013178, -60, 602, 0, 500
0.013378, -22, 458, 0, 500
0.013578, 13, 465, 0, 500
0.013778, 61, 492, 0, 500
0.013978, -27, 550, 0, 500
0.014178, -50, 515, 0, 500
0.014378, -7, 484, 0, 500
0.014578, 65, 515, 0, 500
0.014778, 125, 413, 0, 500
0.014978, -146, 507, 0, 500
0.015178, -130, 576, 0, 500
0.015378, 145, 485, 0, 500
0.015578, 107, 429, 0, 500
0.015778, -121, 496, 0, 500
0.015978, -92, 555, 0, 500
0.016178, 83, 544, 0, 500
0.016378, 79, 431, 0, 500
0.016578, -73, 419, 0, 500
0.016778, -77, 589, 0, 500
0.016978, 67, 528, 0, 500
0.017178, 43, 447, 0, 500
0.017378, -27, 448, 0, 500
0.017578, -55, 603, 0, 500
0.017778, 35, 490, 0, 500
0.017978, 53, 419, 0, 500
0.018178, -32, 487, 0, 500
0.018378, -78, 611, 0, 500
0.018578, 62, 452, 0, 500
0.018778, 59, 440, 0, 500
0.018978, -54, 537, 0, 500
0.019178, -41, 535, 0, 500
0.019378, 40, 437, 0, 500
0.019578, 41, 528, 0, 500
0.019778, -28, 522, 0, 500
0.019978, -55, 498, 0, 500
0.020178, 38, 489, 0, 500
0.020378, 65, 452, 0, 500
0.020578, -72, 508, 0, 500
0.020778, -29, 540, 0, 500
0.020978, -7, 510, 0, 500
0.021178, 38, 435, 0, 500
0.021378, 35, 467, 0, 500
0.021578, -49, 557, 0, 500
0.021778, -31, 536, 0, 500
0.021978, 62, 426, 0, 500
0.022178, 17, 474, 0, 500
0.022378, -56, 577, 0, 500
0.022578, -12, 539, 0, 500
0.022778, 40, 450, 0, 500
0.022978, 0, 507, 0, 500
0.023178, -15, 481, 0, 500
0.023378, 14, 503, 0, 500
0.023578, -3, 513, 0, 500
0.023778, -4, 510, 0, 500
0.023978, -15, 513, 0, 500
0.024178, 65, 452, 0, 500
0.024378, -8, 491, 0, 500
0.024578, -57, 537, 0, 500
0.024778, 15, 483, 0, 500
0.024978, 19, 473, 0, 500
0.025178, -4, 543, 0, 500
0.025378, -33, 502, 0, 500
0.025578, 45, 423, 0, 500
0.025778, 11, 516, 0, 500
0.025978, 12, 503, 0, 500
0.026178, -37, 500, 0, 500
0.026378, -44, 535, 0, 500
0.026578, 68, 449, 0, 500
0.026778, 22, 473, 0, 500
0.026978, -106, 560, 0, 500
0.027178, 20, 489, 0, 500
0.027378, 38, 489, 0, 500
0.027578, 18, 476, 0, 500
0.027778, -35, 500, 0, 500
0.027978, -43, 538, 0, 500
0.028178, 63, 491, 0, 500
0.028378, 25, 486, 0, 500
0.028578, -49, 433, 0, 500
0.028778, -30, 500, 0, 500
0.028978, 27, 594, 0, 500
0.029178, -10, 605, 0, 500
0.029378, 2, 370, 0, 500
0.029578, 24, 356, 0, 500
0.029778, 1, 607, 0, 500
0.029978, -30, 609, 0, 500
0.030178, -5, 461, 0, 500
0.030378, 14, 400, 0, 500
0.030578, -59, 576, 0, 500
0.030778, 64, 517, 0, 500
0.030978, 64, 413, 0, 500
0.031178, -71, 521, 0, 500
0.031378, -58, 555, 0, 500
0.031578, 53, 481, 0, 500
0.031778, 73, 345, 0, 500
0.031978, -82, 588, 0, 500
0.032178, -39, 625, 0, 500
0.032378, -46, 482, 0, 500
0.032578, 118, 360, 0, 500
0.032778, 32, 545, 0, 500
0.032978, -106, 560, 0, 500
0.033178, -8, 452, 0, 500
0.033378, 95, 449, 0, 500
0.033578, 9, 555, 0, 500
0.033778, -75, 547, 0, 500
0.033978, 19, 450, 0, 500
0.034178, 23, 447, 0, 500
0.034378, -14, 531, 0, 500
0.034578, -5, 553, 0, 500
0.034778, 25, 447, 0, 500
0.034978, -19, 468, 0, 500
0.035178, -8, 513, 0, 500
0.035378, -59, 524, 0, 500
0.035578, 79, 470, 0, 500
0.035778, 39, 568, 0, 500
0.035978, -95, 496, 0, 500
0.036178, -21, 432, 0, 500
0.036378, 108, 455, 0, 500
0.036578, -4, 615, 0, 500
0.036778, -102, 544, 0, 500
0.036978, -4, 435, 0, 500
0.037178, 84, 466, 0, 500
0.037378, -5, 563, 0, 500
0.037578, -101, 508, 0, 500
0.037778, 64, 413, 0, 500
0.037978, 153, 457, 0, 500
0.038178, -77, 590, 0, 500
0.038378, -186, 554, 0, 500
0.038578, 84, 440, 0, 500
0.038778, 156, 468, 0, 500
0.038978, -84, 552, 0, 500
0.039178, -140, 534, 0, 500
0.039378, 84, 479, 0, 500
0.039578, 129, 482, 0, 500
0.039778, -72, 485, 0, 500
0.039978, -105, 534, 0, 500
0.040378, 105, 429, 0, 500
0.040578, -51, 511, 0, 500
0.040778, -77, 524, 0, 500
0.040978, 38, 489, 0, 500
0.041178, 216, 367, 0, 500
0.041378, -99, 518, 0, 500
0.041578, -190, 650, 0, 500
0.041778, 80, 505, 0, 500
0.041978, 164, 349, 0, 500
0.042178, -74, 472, 0, 500
0.042378, -124, 614, 0, 500
0.042578, 62, 528, 0, 500
0.042778, 74, 409, 0, 500
0.042978, -84, 490, 0, 500
0.043178, -27, 563, 0, 500
0.043378, 79, 531, 0, 500
0.043578, 14, 424, 0, 500
0.043778, -87, 494, 0, 500
0.043978, 20, 542, 0, 500
0.044178, 36, 529, 0, 500
0.044378, 16, 437, 0, 500
0.044578, -27, 448, 0, 500
0.044778, 18, 542, 0, 500
0.044978, -10, 566, 0, 500
0.045178, 41, 448, 0, 500
0.045378, 1, 420, 0, 500
0.045578, -57, 537, 0, 500
0.045778, -5, 576, 0, 500
0.045978, 66, 450, 0, 500
0.046178, 22, 437, 0, 500
0.046378, -93, 549, 0, 500
0.046578, -46, 535, 0, 500
0.046778, 82, 449, 0, 500
0.046978, 16, 463, 0, 500
0.047178, -57, 516, 0, 500
0.047378, -8, 579, 0, 500
0.047578, 33, 467, 0, 500
0.047778, -2, 428, 0, 500
0.047978, -16, 494, 0, 500
0.048178, 9, 568, 0, 500
0.048378, 18, 483, 0, 500
0.048578, -33, 502, 0, 500
0.048778, 20, 437, 0, 500
0.048978, 5, 570, 0, 500
0.049178, 18, 476, 0, 500
0.049378, -44, 495, 0, 500
0.049578, -30, 499, 0, 500
0.049778, 67, 491, 0, 500
0.049978, 6, 510, 0, 500
0.050178, -51, 511, 0, 500
0.050378, -2, 472, 0, 500
0.050578, 58, 492, 0, 500
0.050778, -35, 528, 0, 500
0.050978, -54, 524, 0, 500
0.051178, 40, 489, 0, 500
0.051378, 62, 452, 0, 500
0.051578, -52, 538, 0, 500
0.051778, -19, 498, 0, 500
0.051978, -8, 579, 0, 500
0.052178, 38, 450, 0, 500
0.052378, 46, 360, 0, 500
0.052578, -32, 553, 0, 500
0.052778, -51, 581, 0, 500
0.052978, 63, 491, 0, 500
0.053178, 20, 424, 0, 500
0.053378, -24, 474, 0, 500
0.053578, -59, 576, 0, 500
0.053778, 59, 518, 0, 500
0.053978, 26, 434, 0, 500
0.054178, -32, 487, 0, 500
0.054378, -24, 537, 0, 500
0.054578, 62, 518, 0, 500
0.054778, -28, 500, 0, 500
0.054978, -52, 485, 0, 500
0.055178, -19, 498, 0, 500
0.055378, 107, 468, 0, 500
0.055578, 49, 484, 0, 500
0.055778, -117, 510, 0, 500
0.055978, -64, 522, 0, 500
0.056178, 107, 518, 0, 500
0.056378, 45, 476, 0, 500
0.056578, -108, 428, 0, 500
0.056778, 22, 483, 0, 500
0.056978, 61, 600, 0, 500
0.057178, -24, 497, 0, 500
0.057378, 1, 387, 0, 500
0.057578, 20, 529, 0, 500
0.057778, -12, 592, 0, 500
0.057978, -55, 476, 0, 500
0.058178, 32, 418, 0, 500
0.058378, 41, 528, 0, 500
0.058578, -19, 560, 0, 500
0.058778, -26, 474, 0, 500
0.058978, -2, 487, 0, 500
0.059178, 67, 452, 0, 500
0.059378, -8, 579, 0, 500
0.059578, -68, 508, 0, 500
0.059778, 26, 424, 0, 500
0.059978, 63, 491, 0, 500
0.060178, -34, 526, 0, 500
0.060378, -92, 546, 0, 500
0.060578, 64, 465, 0, 500
0.060778, 74, 462, 0, 500
0.060978, -98, 562, 0, 500
0.061178, -49, 525, 0, 500
0.061378, 64, 464, 0, 500
0.061578, 50, 486, 0, 500
0.061778, -45, 538, 0, 500
0.061978, -63, 496, 0, 500
0.062178, -2, 510, 0, 500
0.062378, 116, 490, 0, 500
0.062578, 19, 463, 0, 500
0.062778, -144, 520, 0, 500
0.062978, 8, 459, 0, 500
0.063178, 153, 509, 0, 500
0.063378, -13, 557, 0, 500
0.063578, -118, 483, 0, 500
0.063778, -37, 506, 0, 500
0.063978, 137, 441, 0, 500
0.064178, -11, 579, 0, 500
0.064378, -100, 514, 0, 500
0.064578, 2, 445, 0, 500
0.064778, 94, 462, 0, 500
0.064978, 11, 568, 0, 500
0.065178, -105, 526, 0, 500
0.065378, -5, 461, 0, 500
0.065578, 119, 424, 0, 500
0.065778, -23, 565, 0, 500
0.065978, -116, 575, 0, 500
0.066178, 3, 471, 0, 500
0.066378, 139, 432, 0, 500
0.066578, -49, 538, 0, 500
0.066778, -94, 533, 0, 500
0.066978, 67, 452, 0, 500
0.067178, 38, 489, 0, 500
0.067378, -48, 512, 0, 500
0.067578, 20, 489, 0, 500
0.067778, 0, 484, 0, 500
0.067978, 33, 467, 0, 500
0.068178, -34, 480, 0, 500
0.068378, -30, 565, 0, 500
0.068578, 46, 464, 0, 500
0.068778, 21, 450, 0, 500
0.068978, -5, 463, 0, 500
0.069178, -34, 645, 0, 500
0.069378, -3, 500, 0, 500
0.069578, 22, 358, 0, 500
0.069778, 24, 467, 0, 500
0.069978, -33, 633, 0, 500
0.070178, -4, 487, 0, 500
0.070378, 16, 400, 0, 500
0.070578, 21, 502, 0, 500
0.070778, -13, 618, 0, 500
0.070978, -33, 473, 0, 500
0.071178, 19, 411, 0, 500
0.071378, 70, 490, 0, 500
0.071578, -28, 579, 0, 500
0.071778, -66, 535, 0, 500
0.071978, 7, 455, 0, 500
0.072178, 58, 467, 0, 500
0.072378, -8, 579, 0, 500
0.072578, -25, 487, 0, 500
0.072778, 2, 445, 0, 500
0.072978, 37, 555, 0, 500
0.073178, -9, 518, 0, 500
0.073378, -41, 492, 0, 500
0.073578, 23, 450, 0, 500
0.073778, 61, 492, 0, 500
0.073978, -32, 540, 0, 500
0.074178, -66, 522, 0, 500
0.074378, 43, 476, 0, 500
0.074578, 91, 464, 0, 500
0.074778, -68, 522, 0, 500
0.074978, -49, 538, 0, 500
0.075178, 38, 489, 0, 500
0.075378, 71, 451, 0, 500
0.075578, -49, 525, 0, 500
0.075778, -51, 513, 0, 500
0.075978, 76, 446, 0, 500
0.076178, 4, 517, 0, 500
0.076378, -42, 538, 0, 500
0.076578, -25, 501, 0, 500
0.076778, 0, 484, 0, 500
0.076978, 48, 486, 0, 500
0.077178, 20, 476, 0, 500
0.077378, -68, 508, 0, 500
0.077578, -1, 491, 0, 500
0.077778, 67, 504, 0, 500
0.077978, 3, 485, 0, 500
0.078178, -64, 483, 0, 500
0.078378, -1, 513, 0, 500
0.078578, 64, 517, 0, 500
0.078778, 0, 485, 0, 500
0.078978, -49, 473, 0, 500
0.079178, -4, 488, 0, 500
0.079378, 64, 517, 0, 500
0.079578, 0, 527, 0, 500
0.079778, -87, 482, 0, 500
0.079978, 1, 500, 0, 500
0.080178, 69, 451, 0, 500
0.080378, 27, 476, 0, 500
0.080578, -66, 588, 0, 500
0.080778, -47, 538, 0, 500
0.080978, 44, 437, 0, 500
0.081178, 14, 491, 0, 500
0.081378, -8, 579, 0, 500
0.081578, 0, 475, 0, 500
0.081778, 24, 437, 0, 500
0.081978, -25, 524, 0, 500
0.082178, -3, 566, 0, 500
0.082378, 38, 470, 0, 500
0.082578, -4, 439, 0, 500
0.082778, -47, 538, 0, 500
0.082978, -1, 592, 0, 500
0.083178, 2, 497, 0, 500
0.083378, 29, 355, 0, 500
0.083578, -7, 540, 0, 500
0.083778, -44, 610, 0, 500
0.083978, 33, 446, 0, 500
0.084178, -1, 461, 0, 500
0.084378, 20, 476, 0, 500
0.084578, -28, 566, 0, 500
0.084778, -26, 503, 0, 500
0.084978, 56, 396, 0, 500
0.085178, -29, 539, 0, 500
0.085378, -54, 577, 0, 500
0.085578, 16, 504, 0, 500
0.085778, 92, 438, 0, 500
0.085978, -19, 445, 0, 500
0.086178, -64, 522, 0, 500
0.086378, 21, 539, 0, 500
0.086578, 91, 414, 0, 500
0.086778, -73, 554, 0, 500
0.086978, -8, 513, 0, 500
0.087178, 22, 473, 0, 500
0.087378, 26, 473, 0, 500
0.087578, -25, 501, 0, 500
0.087778, -49, 541, 0, 500
0.087978, 16, 504, 0, 500
0.088178, 67, 452, 0, 500
0.088378, -48, 512, 0, 500
0.088578, -14, 460, 0, 500
0.088778, -3, 566, 0, 500
0.088978, 12, 501, 0, 500
0.089178, -41, 535, 0, 500
0.089378, 40, 415, 0, 500
0.089578, 71, 451, 0, 500
0.089778, -82, 648, 0, 500
0.089978, -24, 461, 0, 500
0.090178, 40, 437, 0, 500
0.090378, 0, 510, 0, 500
0.090578, -40, 561, 0, 500
0.090778, 64, 517, 0, 500
0.090978, -66, 520, 0, 500
0.091178, 1, 387, 0, 500
0.091378, 20, 527, 0, 500
0.091578, 19, 568, 0, 500
0.091778, -45, 508, 0, 500
0.091978, -230, 584, 0, 500
0.092178, 186, 401, 0, 500
0.092378, 211, 402, 0, 500
0.092578, -118, 549, 0, 500
0.092762, -178, 627, 0, 500
0.092978, 91, 464, 0, 500
0.093178, 156, 391, 0, 500
0.093378, -61, 509, 0, 500
0.093578, -161, 570, 0, 500
0.093778, 60, 519, 0, 500
0.093978, 121, 424, 0, 500
0.094178, -62, 470, 0, 500
0.094378, -110, 560, 0, 500
0.094578, 53, 551, 0, 500
0.094778, 141, 393, 0, 500
0.094978, -64, 499, 0, 500
0.095178, -74, 525, 0, 500
0.095378, 25, 498, 0, 500
0.095578, 41, 476, 0, 500
0.095762, 5, 513, 0, 500
0.095962, -16, 488, 0, 500
0.096178, 17, 459, 0, 500
0.096378, -40, 574, 0, 500
0.096578, 29, 460, 0, 500
0.096778, 22, 476, 0, 500
0.096978, -45, 561, 0, 500
0.097178, -50, 498, 0, 500
0.097378, 33, 460, 0, 500
0.097578, 69, 517, 0, 500
0.097778, -22, 468, 0, 500
0.097978, -75, 521, 0, 500
0.098178, 2, 510, 0, 500
0.098378, 75, 514, 0, 500
0.098578, -39, 535, 0, 500
0.098778, -17, 396, 0, 500
0.098978, 19, 515, 0, 500
0.099178, -2, 618, 0, 500
0.099378, -6, 439, 0, 500
0.099578, 0, 448, 0, 500
0.099778, 0, 579, 0, 500
0.099978, 29, 460, 0, 500
0.000178, -14, 471, 0, 500
0.000378, -42, 571, 0, 500
0.000578, 28, 473, 0, 500
0.000778, 37, 444, 0, 500
0.000978, -24, 537, 0, 500
0.001178, -23, 566, 0, 500
0.001378, 26, 437, 0, 500
0.001578, 26, 460, 0, 500
0.001778, -49, 603, 0, 500
0.001978, -12, 485, 0, 500
0.002178, 14, 462, 0, 500
0.002378, -14, 548, 0, 500
0.002578, 8, 501, 0, 500
0.002778, 0, 474, 0, 500
0.002978, 25, 450, 0, 500
0.003178, -30, 535, 0, 500
0.003378, 22, 572, 0, 500
0.003578, 0, 487, 0, 500
0.003778, -33, 453, 0, 500
0.003978, 1, 500, 0, 500
0.004178, -3, 576, 0, 500
0.004378, 13, 504, 0, 500
0.004578, 4, 409, 0, 500
0.004778, 1, 487, 0, 500
0.004978, -35, 611, 0, 500
0.005178, 18, 476, 0, 500
0.005378, 42, 362, 0, 500
0.005762, -15, 593, 0, 500
0.005978, -28, 512, 0, 500
0.006178, 28, 421, 0, 500
0.006378, 29, 460, 0, 500
0.006578, -7, 542, 0, 500
0.006778, -22, 540, 0, 500
0.006962, 7, 455, 0, 500
0.007162, 11, 517, 0, 500
0.007378, -12, 485, 0, 500
0.007578, -35, 506, 0, 500
0.007778, 73, 464, 0, 500
0.007978, 9, 510, 0, 500
0.008178, -84, 550, 0, 500
0.008378, 16, 492, 0, 500
0.008578, 40, 554, 0, 500
0.008778, 29, 371, 0, 500
0.008978, -22, 474, 0, 500
0.009178, -32, 592, 0, 500
0.009378, 26, 525, 0, 500
0.009578, 4, 409, 0, 500
0.009778, -44, 535, 0, 500
0.009978, 1, 579, 0, 500
0.010178, 16, 491, 0, 500
0.010378, 28, 371, 0, 500
0.010578, -21, 501, 0, 500
0.010778, -51, 656, 0, 500
0.010978, 29, 447, 0, 500
0.011178, 31, 394, 0, 500
0.011378, 0, 579, 0, 500
0.011578, -49, 600, 0, 500
0.011778, 32, 362, 0, 500
0.011978, 1, 487, 0, 500
0.012178, 21, 581, 0, 500
0.012378, -21, 501, 0, 500
0.012578, 7, 371, 0, 500
0.012778, -64, 612, 0, 500
0.012978, 34, 535, 0, 500
0.013178, 4, 458, 0, 500
0.013378, 22, 424, 0, 500
0.013578, -46, 577, 0, 500
0.013778, -24, 526, 0, 500
0.013978, 25, 450, 0, 500
0.014178, 7, 497, 0, 500
0.014378, -3, 513, 0, 500
0.014578, -91, 563, 0, 500
0.014778, 51, 473, 0, 500
0.014978, 72, 449, 0, 500
0.015178, -20, 488, 0, 500
0.015362, -62, 526, 0, 500
0.015578, 0, 550, 0, 500
0.015778, 71, 399, 0, 500
0.015978, -21, 501, 0, 500
0.016178, -46, 591, 0, 500
0.016378, 2, 510, 0, 500
0.016578, 57, 395, 0, 500
0.016762, -34, 522, 0, 500
0.016978, 21, 515, 0, 500
0.017178, 1, 513, 0, 500
0.017378, -26, 490, 0, 500
0.017578, 20, 476, 0, 500
0.017778, 18, 483, 0, 500
0.017978, -28, 500, 0, 500
0.018178, -10, 491, 0, 500
0.018378, 31, 538, 0, 500
0.018562, -34, 542, 0, 500
0.018778, 4, 461, 0, 500
0.018978, 49, 423, 0, 500
0.019178, -64, 529, 0, 500
0.019378, -11, 557, 0, 500
0.019578, 40, 489, 0, 500
0.019778, 25, 463, 0, 500
0.019978, -35, 513, 0, 500
0.020178, -22, 551, 0, 500
0.020378, 71, 451, 0, 500
0.020578, 26, 437, 0, 500
0.020778, -96, 562, 0, 500
0.020962, -11, 537, 0, 500
0.021178, 40, 489, 0, 500
0.021378, -127, 546, 0, 500
0.021578, 64, 466, 0, 500
0.021762, 120, 437, 0, 500
0.021978, -67, 526, 0, 500
0.022178, -97, 580, 0, 500
0.022362, 52, 462, 0, 500
0.022578, 48, 450, 0, 500
0.022778, -88, 563, 0, 500
0.022962, 0, 491, 0, 500
0.023178, 30, 473, 0, 500
0.023378, 1, 513, 0, 500
0.023578, -20, 566, 0, 500
0.023778, -38, 522, 0, 500
0.023978, 73, 386, 0, 500
0.024178, 6, 510, 0, 500
0.024378, -51, 577, 0, 500
0.024560, 2, 491, 0, 500
0.024778, 30, 473, 0, 500
0.025178, 1, 513, 0, 500
0.025378, -14, 471, 0, 500
0.025578, 0, 527, 0, 500
0.025778, 19, 515, 0, 500
0.025978, -17, 491, 0, 500
0.026178, -39, 483, 0, 500
0.026378, 69, 451, 0, 500
0.026578, 5, 556, 0, 500
0.026778, -71, 554, 0, 500
0.026978, 8, 452, 0, 500
0.027178, 47, 489, 0, 500
0.027378, -3, 513, 0, 500
0.027578, -45, 538, 0, 500
0.027762, 5, 513, 0, 500
0.027978, 19, 478, 0, 500
0.028178, 6, 459, 0, 500
0.028378, -15, 498, 0, 500
0.028578, -13, 511, 0, 500
0.028778, 25, 476, 0, 500
0.028978, 22, 476, 0, 500
0.029178, -21, 527, 0, 500
0.029378, -27, 553, 0, 500
0.029578, -19, 484, 0, 500
0.029778, 45, 463, 0, 500
0.029978, 32, 470, 0, 500
0.030178, -18, 501, 0, 500
0.030378, -41, 529, 0, 500
0.030578, 0, 540, 0, 500
0.030778, 74, 425, 0, 500
0.030962, -38, 486, 0, 500
0.031178, -39, 535, 0, 500
0.031362, 50, 554, 0, 500
0.031578, 25, 411, 0, 500
0.031778, -39, 476, 0, 500
0.031962, -11, 550, 0, 500
0.032178, 42, 467, 0, 500
0.032378, -3, 478, 0, 500
0.032578, -21, 501, 0, 500
0.032778, -31, 568, 0, 500
0.032978, 11, 570, 0, 500
0.033178, 11, 419, 0, 500
0.033378, 2, 554, 0, 500
0.033578, -26, 490, 0, 500
0.033778, 32, 420, 0, 500
0.033960, 30, 515, 0, 500
0.034162, -40, 578, 0, 500
0.034378, -26, 490, 0, 500
0.034578, 69, 399, 0, 500
0.034778, -39, 535, 0, 500
0.034978, -24, 550, 0, 500
0.035178, 69, 451, 0, 500
0.035378, -44, 512, 0, 500
0.035578, -45, 538, 0, 500
0.035778, 42, 467, 0, 500
0.035978, 50, 450, 0, 500
0.036178, -66, 577, 0, 500
0.036378, -45, 538, 0, 500
0.036578, 78, 409, 0, 500
0.036778, 4, 497, 0, 500
0.036978, -52, 590, 0, 500
0.037178, -1, 461, 0, 500
0.037378, 45, 463, 0, 500
0.037578, -26, 568, 0, 500
0.037778, -44, 525, 0, 500
0.037978, 17, 452, 0, 500
0.038178, 49, 488, 0, 500
0.038378, -45, 538, 0, 500
0.038562, -16, 501, 0, 500
0.038778, 30, 473, 0, 500
0.038978, 1, 513, 0, 500
0.039178, -47, 538, 0, 500
0.039378, 22, 476, 0, 500
0.039562, 77, 450, 0, 500
0.039778, -66, 493, 0, 500
0.039978, -68, 565, 0, 500
0.040162, 56, 537, 0, 500
0.040362, 76, 398, 0, 500
0.040578, -93, 516, 0, 500
0.040778, -103, 606, 0, 500
0.040978, 114, 439, 0, 500
0.041162, 75, 424, 0, 500
0.041378, -64, 526, 0, 500
0.041578, -88, 563, 0, 500
0.041762, 61, 547, 0, 500
0.041978, 28, 378, 0, 500
0.042178, -60, 470, 0, 500
0.042378, 21, 581, 0, 500
0.042562, 73, 516, 0, 500
0.042778, -87, 511, 0, 500
0.042962, -43, 451, 0, 500
0.043178, 71, 503, 0, 500
0.043378, 32, 499, 0, 500
0.043578, -64, 500, 0, 500
0.043778, -25, 487, 0, 500
0.043962, 50, 527, 0, 500
0.044178, 8, 447, 0, 500
0.044378, -90, 537, 0, 500
0.044578, 7, 570, 0, 500
0.044778, 94, 425, 0, 500
0.044978, 28, 437, 0, 500
0.045162, -102, 548, 0, 500
0.045362, 4, 553, 0, 500
0.045562, 51, 488, 0, 500
0.045762, -32, 470, 0, 500
0.045978, -13, 498, 0, 500
0.046178, 17, 531, 0, 500
0.046378, 29, 512, 0, 500
0.046578, -22, 461, 0, 500
0.046778, -41, 516, 0, 500
0.046960, 36, 538, 0, 500
0.047178, 27, 463, 0, 500
0.047378, -85, 494, 0, 500
0.047578, 0, 553, 0, 500
0.047778, 50, 486, 0, 500
0.047978, -43, 486, 0, 500
0.048178, 1, 487, 0, 500
0.048378, 27, 512, 0, 500
0.048578, -19, 526, 0, 500
0.048778, 21, 463, 0, 500
0.048978, 27, 476, 0, 500
0.049178, -69, 578, 0, 500
0.049362, 5, 513, 0, 500
0.049578, 33, 440, 0, 500
0.049778, -47, 525, 0, 500
0.049978, -1, 513, 0, 500
0.050178, 44, 489, 0, 500
0.050378, -21, 524, 0, 500
0.050578, -13, 481, 0, 500
0.050778, 25, 463, 0, 500
0.050978, 21, 515, 0, 500
0.051178, -15, 498, 0, 500
0.051378, -20, 488, 0, 500
0.051578, 1, 488, 0, 500
0.051778, 26, 489, 0, 500
0.051978, 2, 553, 0, 500
0.052178, -36, 535, 0, 500
0.052378, 51, 373, 0, 500
0.052560, 14, 491, 0, 500
0.052762, -81, 626, 0, 500
0.052978, 48, 449, 0, 500
0.053178, 66, 414, 0, 500
0.053378, -18, 501, 0, 500
0.053578, -93, 628, 0, 500
0.053778, 25, 463, 0, 500
0.053962, 82, 395, 0, 500
0.054178, -20, 553, 0, 500
0.054378, -95, 602, 0, 500
0.054578, 39, 430, 0, 500
0.054778, 48, 436, 0, 500
0.054978, -21, 501, 0, 500
0.055178, -17, 563, 0, 500
0.055378, 24, 502, 0, 500
0.055578, 3, 436, 0, 500
0.055762, -77, 561, 0, 500
0.055978, 13, 494, 0, 500
0.056178, 94, 412, 0, 500
0.056362, -22, 510, 0, 500
0.056578, -22, 461, 0, 500
0.056778, 22, 565, 0, 500
0.056960, 31, 489, 0, 500
0.057178, -23, 501, 0, 500
0.057378, -20, 475, 0, 500
0.057578, -13, 504, 0, 500
0.057778, 10, 677, 0, 500
0.057962, 14, 399, 0, 500
0.058178, -8, 468, 0, 500
0.058360, 7, 579, 0, 500
0.058562, 29, 476, 0, 500
0.058778, -43, 486, 0, 500
0.058962, -10, 498, 0, 500
0.059162, 5, 540, 0, 500
0.059362, 11, 510, 0, 500
0.059562, 30, 436, 0, 500
0.059778, -36, 529, 0, 500
0.059978, -33, 539, 0, 500
0.060178, 48, 515, 0, 500
0.060378, -12, 458, 0, 500
0.060578, -37, 483, 0, 500
0.060778, 2, 540, 0, 500
0.060978, 9, 517, 0, 500
0.061178, 31, 460, 0, 500
0.061378, -29, 487, 0, 500
0.061562, 5, 540, 0, 500
0.061762, 29, 463, 0, 500
0.061978, -15, 485, 0, 500
0.062178, -52, 603, 0, 500
0.062378, -88, 566, 0, 500
0.062578, 144, 335, 0, 500
0.062778, 34, 433, 0, 500
0.062962, -122, 661, 0, 500
0.063162, 29, 449, 0, 500
0.063378, 69, 438, 0, 500
0.063578, -18, 501, 0, 500
0.063778, -91, 572, 0, 500
0.063978, 36, 470, 0, 500
0.064178, 53, 473, 0, 500
0.064378, -34, 506, 0, 500
0.064578, -44, 604, 0, 500
0.064778, 80, 395, 0, 500
0.064978, -23, 477, 0, 500
0.065178, -87, 559, 0, 500
0.065378, 2, 510, 0, 500
0.065578, 115, 427, 0, 500
0.065762, -10, 498, 0, 500
0.065978, -72, 616, 0, 500
0.066178, 7, 497, 0, 500
0.066360, 78, 385, 0, 500
0.066578, -25, 501, 0, 500
0.066778, -66, 591, 0, 500
0.066978, 1, 513, 0, 500
0.067178, 75, 383, 0, 500
0.067378, -17, 498, 0, 500
0.067578, -87, 638, 0, 500
0.067760, 53, 488, 0, 500
0.067978, 25, 411, 0, 500
0.068178, -49, 525, 0, 500
0.068378, -14, 562, 0, 500
0.068578, 43, 440, 0, 500
0.068760, 31, 476, 0, 500
0.068962, -85, 564, 0, 500
0.069178, 4, 497, 0, 500
0.069378, 114, 452, 0, 500
0.069578, -18, 475, 0, 500
0.069762, -114, 566, 0, 500
0.069978, 64, 479, 0, 500
0.070178, 178, 332, 0, 500
0.070378, -142, 586, 0, 500
0.070578, -75, 617, 0, 500
0.070762, 121, 412, 0, 500
0.070978, -20, 488, 0, 500
0.071178, -69, 525, 0, 500
0.071362, -23, 568, 0, 500
0.071578, 74, 425, 0, 500
0.071760, 14, 458, 0, 500
0.071978, -61, 509, 0, 500
0.072178, -14, 563, 0, 500
0.072378, 47, 489, 0, 500
0.072562, -15, 474, 0, 500
0.072762, -34, 535, 0, 500
0.072978, 31, 460, 0, 500
0.073178, 25, 476, 0, 500
0.073378, 23, 515, 0, 500
0.073578, -47, 538, 0, 500
0.073762, -10, 485, 0, 500
0.073978, 44, 489, 0, 500
0.074162, 31, 502, 0, 500
0.074378, -86, 520, 0, 500
0.074562, 6, 487, 0, 500
0.074762, 23, 504, 0, 500
0.074978, -22, 486, 0, 500
0.075178, 3, 500, 0, 500
0.075378, 55, 422, 0, 500
0.075578, -44, 604, 0, 500
0.075762, -16, 501, 0, 500
0.075962, 6, 487, 0, 500
0.076178, -33, 532, 0, 500
0.076378, 44, 489, 0, 500
0.076578, -23, 488, 0, 500
0.076778, 27, 482, 0, 500
0.076978, -29, 594, 0, 500
0.077162, 29, 449, 0, 500
0.077378, 27, 463, 0, 500
0.077578, -18, 501, 0, 500
0.077778, -46, 577, 0, 500
0.077978, 4, 510, 0, 500
0.078178, 6, 445, 0, 500
0.078378, 22, 476, 0, 500
0.078578, -44, 617, 0, 500
0.078978, 32, 420, 0, 500
0.079178, 33, 466, 0, 500
0.079378, -43, 575, 0, 500
0.079578, -29, 540, 0, 500
0.079778, 72, 399, 0, 500
0.079978, 27, 450, 0, 500
0.080178, -67, 605, 0, 500
0.080378, -45, 538, 0, 500
0.080578, 54, 446, 0, 500
0.080762, 52, 449, 0, 500
0.080978, -54, 516, 0, 500
0.081178, -47, 604, 0, 500
0.081378, 48, 463, 0, 500
0.081578, 6, 409, 0, 500
0.081778, -20, 488, 0, 500
0.081962, 4, 579, 0, 500
0.082178, -1, 478, 0, 500
0.082378, 27, 450, 0, 500
0.082562, -34, 535, 0, 500
0.082778, 0, 500, 0, 500
0.082978, 141, 401, 0, 500
0.083178, -58, 510, 0, 500
0.083378, -98, 505, 0, 500
0.083578, 71, 529, 0, 500
0.083778, 28, 473, 0, 500
0.083978, -36, 509, 0, 500
0.084178, -20, 488, 0, 500
0.084378, 6, 510, 0, 500
0.084578, 24, 566, 0, 500
0.084778, 34, 420, 0, 500
0.084978, -42, 552, 0, 500
0.085178, -18, 488, 0, 500
0.085362, 52, 476, 0, 500
0.085578, -41, 499, 0, 500
0.085778, -18, 501, 0, 500
0.085978, 28, 552, 0, 500
0.086178, 16, 491, 0, 500
0.086378, -47, 472, 0, 500
0.086562, 6, 488, 0, 500
0.086778, 20, 476, 0, 500
0.086978, -4, 528, 0, 500
0.087178, -6, 491, 0, 500
0.087378, -18, 501, 0, 500
0.087578, 35, 533, 0, 500
0.087778, 9, 497, 0, 500
0.087978, -19, 448, 0, 500
0.088178, -35, 532, 0, 500
0.088378, 27, 563, 0, 500
0.088578, 68, 426, 0, 500
0.088762, -15, 449, 0, 500
0.088978, -51, 577, 0, 500
0.089178, 7, 504, 0, 500
0.089378, 94, 438, 0, 500
0.089578, -24, 474, 0, 500
0.089778, -64, 522, 0, 500
0.089978, 7, 504, 0, 500
0.090178, 77, 500, 0, 500
0.090378, -12, 485, 0, 500
0.090578, -82, 534, 0, 500
0.090778, 27, 476, 0, 500
0.090978, 70, 476, 0, 500
0.091178, -39, 535, 0, 500
0.091378, -79, 537, 0, 500
0.091578, 73, 451, 0, 500
0.091762, 51, 488, 0, 500
0.091960, -37, 526, 0, 500
0.092178, -15, 498, 0, 500
0.092378, 71, 438, 0, 500
0.092562, -40, 539, 0, 500
0.092778, 3, 500, 0, 500
0.092978, -22, 538, 0, 500
0.093178, 9, 484, 0, 500
0.093378, 44, 453, 0, 500
0.093562, -40, 539, 0, 500
0.093778, 25, 463, 0, 500
0.093978, 77, 448, 0, 500
0.094178, -67, 526, 0, 500
0.094378, -21, 501, 0, 500
0.094578, 42, 545, 0, 500
0.094762, 5, 513, 0, 500
0.094960, -12, 422, 0, 500
0.095178, -21, 501, 0, 500
0.095378, 1, 589, 0, 500
0.095578, 31, 460, 0, 500
0.095762, 6, 474, 0, 500
0.095962, -17, 527, 0, 500
0.096178, -98, 541, 0, 500
0.096378, 71, 438, 0, 500
0.096578, 141, 402, 0, 500
0.096778, -89, 603, 0, 500
0.096978, -138, 627, 0, 500
0.097178, 79, 421, 0, 500
0.097378, 101, 389, 0, 500
0.097578, -93, 563, 0, 500
0.097762, -69, 594, 0, 500
0.097978, 64, 428, 0, 500
0.098178, 71, 399, 0, 500
0.098378, -66, 578, 0, 500
0.098578, -83, 586, 0, 500
0.098778, 73, 423, 0, 500
0.098978, 53, 459, 0, 500
0.099178, -40, 568, 0, 500
0.099378, 23, 463, 0, 500
0.099578, 3, 500, 0, 500
0.099778, -21, 501, 0, 500
0.099962, 29, 476, 0, 500
0.000128, 25, 528, 0, 0
0.000328, -29, 34, 0, 0
0.000528, 28, -15, 0, 0
0.000728, -17, 9, 0, 0
0.000930, 0, 0, 0, 0
0.001130, 0, -13, 0, 0
0.001328, -11, 19, 0, 0
0.001528, 0, 0, 0, 0
0.001728, 21, -87, 0, 0
0.001930, 0, 0, 0, 0
0.002130, 39, 5, 0, 0
0.002330, -5, 2, 0, 0
0.002530, 0, 0, 0, 0
0.002728, -5, 2, 0, 0
0.002930, 10, 7, 0, 0
0.003130, -4, -10, 0, 0
0.003330, -6, 15, 0, 0
0.003530, -1, 13, 0, 0
0.003730, -6, 15, 0, 0
0.003930, -6, 15, 0, 0
0.004128, -6, 15, 0, 0
0.004330, -34, 3, 0, 0
0.004528, -147, 69, 0, 0
0.004728, -46, 8, 0, 0
0.004930, -7, 15, 0, 0
0.005130, -4, -10, 0, 0
0.005330, -1, 13, 0, 0
0.005530, 3, -39, 0, 0
0.005730, -7, 15, 0, 0
0.005928, 0, 0, 0, 0
0.006130, 3, 23, 0, 0
0.006330, 0, 0, 0, 0
0.006528, 46, -9, 0, 0
0.006728, -4, -10, 0, 0
0.006930, -1, 13, 0, 0
0.007130, -8, 28, 0, 0
0.007328, -3, -23, 0, 0
0.007528, -5, 2, 0, 0
0.007730, -7, 28, 0, 0
0.007930, -12, 18, 0, 0
0.008130, -5, 2, 0, 0
0.008330, 0, 0, 0, 0
0.008530, -4, -10, 0, 0
0.008730, 0, 0, 0, 0
0.008928, -4, -10, 0, 0
0.009130, -5, 2, 0, 0
0.009330, -14, 44, 0, 0
0.009530, 0, 0, 0, 0
0.009730, -12, 94, 0, 0
0.009930, -17, 8, 0, 0
0.010130, 29, -14, 0, 0
0.010330, 5, -2, 0, 0
0.010530, -7, 28, 0, 0
0.010730, -1, 13, 0, 0
0.010930, 0, 0, 0, 0
0.011128, 1, -13, 0, 0
0.011330, -5, 2, 0, 0
0.011530, 1, -13, 0, 0
0.011728, -5, 2, 0, 0
0.011930, 0, 0, 0, 0
0.012130, -1, 13, 0, 0
0.012330, -28, 7, 0, 0
0.012530, 5, -64, 0, 0
0.012730, -8, 28, 0, 0
0.012930, 9, 20, 0, 0
0.013128, -5, 2, 0, 0
0.013330, -1, 13, 0, 0
0.013530, 11, -5, 0, 0
0.013730, -6, 15, 0, 0
0.013928, 0, 0, 0, 0
0.014128, 12, -18, 0, 0
0.014330, 40, -6, 0, 0
0.014530, -23, 11, 0, 0
0.014728, -8, 28, 0, 0
0.014928, -6, 15, 0, 0
0.015130, -1, 13, 0, 0
0.015330, -13, 31, 0, 0
0.015530, 2, -26, 0, 0
0.015730, -2, 26, 0, 0
0.015930, -5, 2, 0, 0
0.016128, -1, 13, 0, 0
0.016330, -18, 21, 0, 0
0.016530, -6, 15, 0, 0
0.016730, -7, 28, 0, 0
0.016930, -7, 28, 0, 0
0.017128, -5, 2, 0, 0
0.017330, -4, -10, 0, 0
0.017530, -8, 28, 0, 0
0.017728, -8, 28, 0, 0
0.017930, 5, -2, 0, 0
0.018130, 27, 12, 0, 0
0.018328, -4, -10, 0, 0
0.018528, -5, 2, 0, 0
0.018730, -5, 2, 0, 0
0.018930, -18, 21, 0, 0
0.019130, -6, 15, 0, 0
0.019328, -4, -10, 0, 0
0.019530, 0, 13, 0, 0
0.019730, 11, -5, 0, 0
0.019928, -4, -10, 0, 0
0.020128, 7, -15, 0, 0
0.020330, -2, 26, 0, 0
0.020530, -4, -10, 0, 0
0.020730, 5, -2, 0, 0
0.020930, 5, -2, 0, 0
0.021128, -7, 15, 0, 0
0.021330, 0, 0, 0, 0
0.021528, -5, 2, 0, 0
0.021730, 0, 0, 0, 0
0.021930, 0, 0, 0, 0
0.022128, 40, -6, 0, 0
0.022328, -10, -7, 0, 0
0.022530, -8, 28, 0, 0
0.022728, -8, 91, 0, 0
0.022930, -1, 13, 0, 0
0.023130, -1, 13, 0, 0
0.023330, 10, 7, 0, 0
0.023530, 0, 0, 0, 0
0.023730, 0, 0, 0, 0
0.023928, -2, 26, 0, 0
0.024130, -1, 13, 0, 0
0.024328, -11, 5, 0, 0
0.024528, -4, -10, 0, 0
0.024730, 0, 0, 0, 0
0.024930, -1, 13, 0, 0
0.025128, -2, 26, 0, 0
0.025330, -1, 13, 0, 0
0.025530, 1, -13, 0, 0
0.025730, -7, 15, 0, 0
0.025930, -7, 15, 0, 0
0.026130, 41, -19, 0, 0
0.026330, 0, 13, 0, 0
0.026530, -1, 13, 0, 0
0.026730, 5, -2, 0, 0
0.026930, 0, 0, 0, 0
0.027130, 10, 7, 0, 0
0.027330, -5, 2, 0, 0
0.027530, -7, 15, 0, 0
0.027730, -5, 2, 0, 0
0.027930, 40, -6, 0, 0
0.028128, 1, -12, 0, 0
0.028330, -50, 60, 0, 0
0.028528, 16, 4, 0, 0
0.028730, -1, 13, 0, 0
0.028930, 1, -19, 0, 0
0.029130, 9, 20, 0, 0
0.029328, -4, -10, 0, 0
0.029530, -7, 15, 0, 0
0.029728, -8, 28, 0, 0
0.029928, -4, -10, 0, 0
0.030128, -17, 8, 0, 0
0.030328, 0, 0, 0, 0
0.030530, -7, 28, 0, 0
0.030730, -5, 2, 0, 0
0.030928, 1, -13, 0, 0
0.031130, -4, -10, 0, 0
0.031330, -3, -23, 0, 0
0.031530, -5, 2, 0, 0
0.031730, 26, -50, 0, 0
0.031930, -7, 15, 0, 0
0.032128, 5, -2, 0, 0
0.032328, -18, 21, 0, 0
0.032530, -3, -23, 0, 0
0.032730, -18, 21, 0, 0
0.032930, -1, 13, 0, 0
0.033128, 0, 0, 0, 0
0.033330, -4, -10, 0, 0
0.033530, 1, -13, 0, 0
0.033728, -6, 15, 0, 0
0.033930, -4, -10, 0, 0
0.034128, 10, -179, 0, 0
0.034330, -7, 28, 0, 0
0.034528, 41, -19, 0, 0
0.034730, -18, 21, 0, 0
0.034928, 4, 10, 0, 0
0.035128, -11, 5, 0, 0
0.035328, -47, 21, 0, 0
0.035528, -3, -23, 0, 0
0.035730, 1, -13, 0, 0
0.035928, -1, 13, 0, 0
0.036130, -30, 26, 0, 0
0.036328, 0, 0, 0, 0
0.036528, -4, -10, 0, 0
0.036730, -5, 2, 0, 0
0.036930, 67, -56, 0, 0
0.037128, 5, -2, 0, 0
0.037328, -54, 38, 0, 0
0.037528, 41, -19, 0, 0
0.037730, -1, 13, 0, 0
0.037930, -1, 13, 0, 0
0.038130, -6, 15, 0, 0
0.038328, -5, 2, 0, 0
0.038530, 23, -11, 0, 0
0.038728, -5, 2, 0, 0
0.038930, -5, 2, 0, 0
0.039130, -7, 15, 0, 0
0.039330, 1, -13, 0, 0
0.039528, -2, 26, 0, 0
0.039728, 9, 20, 0, 0
0.039928, 13, -18, 0, 0
0.040130, -11, 5, 0, 0
0.040330, -4, -10, 0, 0
0.040530, 12, -18, 0, 0
0.040728, -5, 2, 0, 0
0.040928, -5, 2, 0, 0
0.041130, -6, 15, 0, 0
0.041328, 0, 0, 0, 0
0.041530, -1, 13, 0, 0
0.041728, -8, 28, 0, 0
0.041928, -13, 80, 0, 0
0.042128, 0, 0, 0, 0
0.042330, -4, -10, 0, 0
0.042530, 5, -2, 0, 0
0.042730, 0, 0, 0, 0
0.042928, 0, 0, 0, 0
0.043128, 40, -5, 0, 0
0.043328, 0, 0, 0, 0
0.043528, 0, 0, 0, 0
0.043730, -1, 13, 0, 0
0.043928, -13, 18, 0, 0
0.044128, 0, 0, 0, 0
0.044328, -24, -51, 0, 0
0.044528, 24, -17, 0, 0
0.044730, -5, 2, 0, 0
0.044930, -4, -10, 0, 0
0.045130, -2, 26, 0, 0
0.045330, -5, 2, 0, 0
0.045530, 1, -13, 0, 0
0.045728, -7, 15, 0, 0
0.045930, -1, 13, 0, 0
0.046128, -5, 2, 0, 0
0.046328, -4, -10, 0, 0
0.046530, -7, 15, 0, 0
0.046728, -47, 21, 0, 0
0.046928, -7, 77, 0, 0
0.047128, -136, 139, 0, 0
0.047328, -5, 2, 0, 0
0.047530, 2, -26, 0, 0
0.047728, 14, -44, 0, 0
0.047928, 0, 0, 0, 0
0.048130, -5, 2, 0, 0
0.048328, -5, 2, 0, 0
0.048528, -5, 2, 0, 0
0.048728, 5, -2, 0, 0
0.048928, -1, 12, 0, 0
0.049130, 1, -13, 0, 0
0.049330, -5, 2, 0, 0
0.049530, -5, 2, 0, 0
0.049728, -7, 15, 0, 0
0.049928, 0, 0, 0, 0
0.050130, -4, -10, 0, 0
0.050328, -1, 12, 0, 0
0.050528, 11, -5, 0, 0
0.050730, 1, -13, 0, 0
0.050928, -5, 2, 0, 0
0.051128, -3, -23, 0, 0
0.051330, -17, 8, 0, 0
0.051528, 0, 0, 0, 0
0.051728, -5, 2, 0, 0
0.051930, -2, 26, 0, 0
0.052128, 42, -32, 0, 0
0.052330, -5, 2, 0, 0
0.052530, -7, 15, 0, 0
0.052728, -4, -10, 0, 0
0.052928, 1, -13, 0, 0
0.053130, -1, 13, 0, 0
0.053328, -4, -10, 0, 0
0.053528, 41, -18, 0, 0
0.053730, -5, 2, 0, 0
0.053930, 0, 0, 0, 0
0.054130, -2, 26, 0, 0
0.054328, -2, 25, 0, 0
0.054530, -7, 15, 0, 0
0.054730, -1, 13, 0, 0
0.054928, -5, 2, 0, 0
0.055130, -5, 2, 0, 0
0.055330, -1, 13, 0, 0
0.055530, 13, -18, 0, 0
0.055728, -1, 12, 0, 0
0.055928, -7, 15, 0, 0
0.056130, 2, -26, 0, 0
0.056328, 0, 0, 0, 0
0.056530, -8, 28, 0, 0
0.056728, 13, -143, 0, 0
0.056930, -11, 5, 0, 0
0.057128, -4, -10, 0, 0
0.057330, -5, 2, 0, 0
0.057530, -8, 28, 0, 0
0.057728, 1, -12, 0, 0
0.057930, -5, 2, 0, 0
0.058130, 1, -13, 0, 0
0.058328, -13, 18, 0, 0
0.058528, -4, -10, 0, 0
0.058728, -42, 32, 0, 0
0.058928, -5, 2, 0, 0
0.059328, 0, 0, 0, 0
0.059530, -1, 13, 0, 0
0.059730, -19, 34, 0, 0
0.059930, 0, 0, 0, 0
0.060130, 43, -45, 0, 0
0.060328, 0, 0, 0, 0
0.060528, -23, 10, 0, 0
0.060728, -5, 2, 0, 0
0.060930, -11, 67, 0, 0
0.061128, 0, 0, 0, 0
0.061328, -8, 28, 0, 0
0.061530, 6, -140, 0, 0
0.061728, -4, -10, 0, 0
0.061930, -8, 28, 0, 0
0.062130, -4, -10, 0, 0
0.062328, 10, 7, 0, 0
0.062528, -5, 2, 0, 0
0.062728, -14, 31, 0, 0
0.062928, -11, 5, 0, 0
0.063128, -5, 2, 0, 0
0.063328, 1, -13, 0, 0
0.063528, -7, 15, 0, 0
0.063730, -3, -23, 0, 0
0.063928, -3, -23, 0, 0
0.064130, -8, 28, 0, 0
0.064330, -4, -10, 0, 0
0.064530, -8, -33, 0, 0
0.064728, 0, 0, 0, 0
0.064930, 0, 0, 0, 0
0.065128, -5, 2, 0, 0
0.065328, 5, -2, 0, 0
0.065530, -4, -10, 0, 0
0.065728, -124, 56, 0, 0
0.065930, 0, 0, 0, 0
0.066128, -35, 16, 0, 0
0.066330, -1, 13, 0, 0
0.066528, -93, 30, 0, 0
0.066730, -34, 3, 0, 0
0.066928, -1, 13, 0, 0
0.067130, -28, 0, 0, 0
0.067328, 11, -5, 0, 0
0.067528, -16, -4, 0, 0
0.067728, -7, 15, 0, 0
0.067930, 1, -19, 0, 0
0.068130, -5, 2, 0, 0
0.068328, 42, -32, 0, 0
0.068530, 0, 0, 0, 0
0.068728, -4, -10, 0, 0
0.068928, -58, 75, 0, 0
0.069128, -7, 15, 0, 0
0.069328, -7, 15, 0, 0
0.069528, 0, 0, 0, 0
0.069728, 1, -13, 0, 0
0.069928, -5, 2, 0, 0
0.070130, -8, 28, 0, 0
0.070330, -5, 2, 0, 0
0.070530, -6, 15, 0, 0
0.070728, -5, 2, 0, 0
0.070930, 0, 0, 0, 0
0.071128, -4, -10, 0, 0
0.071330, -5, 2, 0, 0
0.071530, -4, -10, 0, 0
0.071730, -8, 28, 0, 0
0.071928, 1, -12, 0, 0
0.072128, 0, 0, 0, 0
0.072328, -4, -10, 0, 0
0.072528, 0, 0, 0, 0
0.072728, -7, 15, 0, 0
0.072928, -4, -10, 0, 0
0.073130, -5, 2, 0, 0
0.073330, 5, -2, 0, 0
0.073528, 0, 0, 0, 0
0.073730, -1, 13, 0, 0
0.073928, 17, -8, 0, 0
0.074128, -10, 54, 0, 0
0.074328, -8, 28, 0, 0
0.074528, 1, -13, 0, 0
0.074728, -5, 2, 0, 0
0.074928, -23, 10, 0, 0
0.075128, -5, 2, 0, 0
0.075328, -2, 26, 0, 0
0.075530, 41, -19, 0, 0
0.075728, -47, 21, 0, 0
0.075930, 7, -22, 0, 0
0.076128, -5, 2, 0, 0
0.076328, -60, 40, 0, 0
0.076530, -3, -23, 0, 0
0.076728, -52, 11, 0, 0
0.076928, 7, -15, 0, 0
0.077128, -4, -10, 0, 0
0.077328, -1, 12, 0, 0
0.077528, 0, 0, 0, 0
0.077730, -7, 15, 0, 0
0.077928, 11, -5, 0, 0
0.078128, -5, 2, 0, 0
0.078330, -5, 2, 0, 0
0.078528, -9, 41, 0, 0
0.078728, 1, -13, 0, 0
0.078930, -7, 15, 0, 0
0.079128, -4, -10, 0, 0
0.079328, 36, 33, 0, 0
0.079528, -4, -10, 0, 0
0.079730, -6, 15, 0, 0
0.079928, -2, 25, 0, 0
0.080130, -1, 13, 0, 0
0.080330, 39, 6, 0, 0
0.080530, -5, 2, 0, 0
0.080728, 0, 0, 0, 0
0.080928, -4, -10, 0, 0
0.081130, -2, 26, 0, 0
0.081330, -1, 13, 0, 0
0.081528, 42, -31, 0, 0
0.081728, -7, 15, 0, 0
0.081928, -5, 2, 0, 0
0.082128, 4, 10, 0, 0
0.082330, 0, 0, 0, 0
0.082530, -7, 15, 0, 0
0.082730, -4, -10, 0, 0
0.082930, -11, 5, 0, 0
0.083130, 0, 0, 0, 0
0.083330, 41, -19, 0, 0
0.083530, -5, 2, 0, 0
0.083730, 18, -21, 0, 0
0.083928, 5, -2, 0, 0
0.084128, -4, -10, 0, 0
0.084330, 0, 0, 0, 0
0.084528, -2, 25, 0, 0
0.084730, -7, 15, 0, 0
0.084928, 1, -12, 0, 0
0.085128, -4, -10, 0, 0
0.085328, -5, 2, 0, 0
0.085528, 7, -15, 0, 0
0.085728, -7, 15, 0, 0
0.085928, -5, 2, 0, 0
0.086130, -7, 15, 0, 0
0.086330, 10, 7, 0, 0
0.086528, 28, 0, 0, 0
0.086730, 0, 0, 0, 0
0.086930, -93, 31, 0, 0
0.087128, -4, -10, 0, 0
0.087330, -4, -10, 0, 0
0.087530, -5, 2, 0, 0
0.087730, 1, -13, 0, 0
0.087930, -1, 13, 0, 0
0.088128, -29, 13, 0, 0
0.088330, 1, -13, 0, 0
0.088528, -11, 5, 0, 0
0.088728, 0, 0, 0, 0
0.088928, -4, -10, 0, 0
0.089130, -5, 2, 0, 0
0.089330, 0, 0, 0, 0
0.089530, -5, 2, 0, 0
0.089730, -4, -10, 0, 0
0.090130, -4, -10, 0, 0
0.090330, 0, -75, 0, 0
0.090530, -5, 2, 0, 0
0.090728, 1, -12, 0, 0
0.090928, 1, -13, 0, 0
0.091128, -5, 2, 0, 0
0.091330, 1, -13, 0, 0
0.091530, -1, 13, 0, 0
0.091728, -1, 13, 0, 0
0.091930, -2, 26, 0, 0
0.092130, -4, -10, 0, 0
0.092328, 2, 85, 0, 0
0.092528, -2, 26, 0, 0
0.092730, -8, 28, 0, 0
0.092928, -1, 12, 0, 0
0.093128, -7, 15, 0, 0
0.093328, -3, -23, 0, 0
0.093530, 1, -13, 0, 0
0.093728, -4, -10, 0, 0
0.093928, -5, 2, 0, 0
0.094130, 13, -18, 0, 0
0.094328, -8, 28, 0, 0
0.094530, -5, 2, 0, 0
0.094730, 42, -32, 0, 0
0.094928, -1, 13, 0, 0
0.095128, -7, 15, 0, 0
0.095330, 0, 0, 0, 0
0.095528, -2, -36, 0, 0
0.095730, -53, 24, 0, 0
0.095928, -24, 24, 0, 0
0.096128, -1, 12, 0, 0
0.096330, -7, 15, 0, 0
0.096528, -1, 12, 0, 0
0.096730, -2, 26, 0, 0
0.096928, -7, 15, 0, 0
0.097128, -5, 2, 0, 0
0.097328, 23, -10, 0, 0
0.097530, -7, 15, 0, 0
0.097730, -7, 15, 0, 0
0.097930, -5, 2, 0, 0
0.098128, 0, -6, 0, 0
0.098328, 1, -13, 0, 0
0.098530, -95, 57, 0, 0
0.098728, -1, 13, 0, 0
0.098928, 1, -12, 0, 0
0.099128, 1, -12, 0, 0
0.099330, -34, 3, 0, 0
0.099528, 7, -15, 0, 0
0.099730, -8, 28, 0, 0
0.099928, 9, 20, 0, 0
0.000128, -7, 15, 0, 0
0.000328, -1, 12, 0, 0
0.000528, -2, 26, 0, 0
0.000730, -5, 2, 0, 0
0.000928, 0, 0, 0, 0
0.001128, -4, -10, 0, 0
0.001330, 4, 10, 0, 0
0.001530, 0, 0, 0, 0
0.001728, -17, 8, 0, 0
0.001928, -7, 22, 0, 0
0.002130, 3, 23, 0, 0
0.002330, 0, 0, 0, 0
0.002530, -5, 2, 0, 0
0.002728, -1, 13, 0, 0
0.002928, -36, 29, 0, 0
0.003130, 0, 0, 0, 0
0.003328, 13, -18, 0, 0
0.003530, 24, -24, 0, 0
0.003728, 3, -39, 0, 0
0.003928, -5, 2, 0, 0
0.004130, -4, -10, 0, 0
0.004328, -5, 2, 0, 0
0.004528, 0, 0, 0, 0
0.004730, -2, 26, 0, 0
0.004930, -7, 15, 0, 0
0.005128, -11, 5, 0, 0
0.005328, 2, -25, 0, 0
0.005528, 0, 0, 0, 0
0.005730, -12, 18, 0, 0
0.005928, 44, -44, 0, 0
0.006130, -4, -10, 0, 0
0.006328, -13, 18, 0, 0
0.006528, -1, 13, 0, 0
0.006730, 0, 0, 0, 0
0.006930, -30, 26, 0, 0
0.007128, -4, -10, 0, 0
0.007328, 23, -60, 0, 0
0.007530, -5, 2, 0, 0
0.007730, -7, 15, 0, 0
0.007928, -7, 15, 0, 0
0.008130, 0, 0, 0, 0
0.008328, -4, -10, 0, 0
0.008528, -4, -10, 0, 0
0.008730, 4, 10, 0, 0
0.008930, -5, 2, 0, 0
0.009130, -5, 2, 0, 0
0.009328, -5, 2, 0, 0
0.009530, -5, 2, 0, 0
0.009728, 11, -5, 0, 0
0.009930, 1, -13, 0, 0
0.010130, 18, -14, 0, 0
0.010330, 1, -13, 0, 0
0.010528, -5, 2, 0, 0
0.010730, 1, -13, 0, 0
0.010928, -5, 2, 0, 0
0.011130, 0, 0, 0, 0
0.011328, -1, 12, 0, 0
0.011530, -36, 29, 0, 0
0.011730, 0, 0, 0, 0
0.011928, -7, 15, 0, 0
0.012130, 1, -13, 0, 0
0.012328, 67, -56, 0, 0
0.012528, -5, 2, 0, 0
0.012730, -3, -23, 0, 0
0.012930, -5, 2, 0, 0
0.013130, -5, 2, 0, 0
0.013328, 0, 0, 0, 0
0.013528, 8, -153, 0, 0
0.013728, -2, 26, 0, 0
0.013930, 1, -13, 0, 0
0.014130, 10, 7, 0, 0
0.014328, 1, -13, 0, 0
0.014530, -1, 13, 0, 0
0.014728, -13, 31, 0, 0
0.014928, -109, 74, 0, 0
0.015128, 0, 0, 0, 0
0.015330, -7, 15, 0, 0
0.015530, -1, 13, 0, 0
0.015730, -5, 2, 0, 0
0.015930, 47, -28, 0, 0
0.016130, -7, 22, 0, 0
0.016330, -1, 13, 0, 0
0.016528, -7, 15, 0, 0
0.016728, -5, 2, 0, 0
0.016930, -5, 2, 0, 0
0.017130, -1, 13, 0, 0
0.017328, 0, 0, 0, 0
0.017530, -1, 13, 0, 0
0.017730, -5, 2, 0, 0
0.017930, -34, 3, 0, 0
0.018128, -6, 15, 0, 0
0.018330, -7, 15, 0, 0
0.018528, -1, 13, 0, 0
0.018730, -47, 22, 0, 0
0.018930, 0, 6, 0, 0
0.019128, -3, -23, 0, 0
0.019328, -5, 2, 0, 0
0.019530, -5, 2, 0, 0
0.019728, -2, 26, 0, 0
0.019930, -7, 22, 0, 0
0.020128, 0, 0, 0, 0
0.020328, 0, 0, 0, 0
0.020528, 5, -2, 0, 0
0.020730, -4, -10, 0, 0
0.020928, 4, -51, 0, 0
0.021128, -8, 28, 0, 0
0.021330, -1, 13, 0, 0
0.021530, -4, -10, 0, 0
0.021728, 17, -8, 0, 0
0.021930, -22, -2, 0, 0
0.022130, -1, 13, 0, 0
0.022328, 5, -2, 0, 0
0.022528, 14, -44, 0, 0
0.022730, -18, 21, 0, 0
0.022928, 1, -12, 0, 0
0.023130, -2, 26, 0, 0
0.023330, 1, -19, 0, 0
0.023528, 0, 0, 0, 0
0.023730, 9, 20, 0, 0
0.023928, -5, 2, 0, 0
0.024130, -1, 13, 0, 0
0.024330, 0, 0, 0, 0
0.024530, 0, 0, 0, 0
0.024730, -1, 13, 0, 0
0.024930, 48, -97, 0, 0
0.025128, 0, 0, 0, 0
0.025328, 3, 23, 0, 0
0.025528, 0, 0, 0, 0
0.025730, -2, 26, 0, 0
0.025930, -7, 15, 0, 0
0.026130, -5, 2, 0, 0
0.026328, -5, 2, 0, 0
0.026530, -8, 28, 0, 0
0.026728, -19, 21, 0, 0
0.026930, -7, 15, 0, 0
0.027128, 9, 20, 0, 0
0.027328, 5, -2, 0, 0
0.027530, -8, 28, 0, 0
0.027730, -11, 67, 0, 0
0.027930, 0, 0, 0, 0
0.028130, -7, 15, 0, 0
0.028328, -28, 0, 0, 0
0.028530, -2, 26, 0, 0
0.028728, -4, -10, 0, 0
0.028928, -1, 13, 0, 0
0.029130, -6, 15, 0, 0
0.029330, -7, 15, 0, 0
0.029530, 10, 7, 0, 0
0.029728, 0, 0, 0, 0
0.029930, -4, -10, 0, 0
0.030130, 0, 0, 0, 0
0.030330, -5, 2, 0, 0
0.030530, -14, 93, 0, 0
0.030730, -7, 15, 0, 0
0.030930, -4, -10, 0, 0
0.031128, -80, 135, 0, 0
0.031328, 5, -2, 0, 0
0.031528, 11, -5, 0, 0
0.031730, 1, -13, 0, 0
0.031928, 17, -8, 0, 0
0.032130, -5, 2, 0, 0
0.032330, -5, 2, 0, 0
0.032530, -5, 2, 0, 0
0.032728, -5, -3, 0, 0
0.032930, -2, 26, 0, 0
0.033130, -5, 2, 0, 0
0.033330, 1, -13, 0, 0
0.033530, -5, 2, 0, 0
0.033730, -6, 15, 0, 0
0.033930, 0, 0, 0, 0
0.034128, 0, 0, 0, 0
0.034328, 7, -140, 0, 0
0.034528, -129, 46, 0, 0
0.034728, -4, -10, 0, 0
0.034930, -1, 13, 0, 0
0.035128, -2, 26, 0, 0
0.035330, -1, 13, 0, 0
0.035530, -5, 2, 0, 0
0.035730, 1, -13, 0, 0
0.035930, -7, 15, 0, 0
0.036130, 7, -15, 0, 0
0.036330, -4, -10, 0, 0
0.036530, -7, 15, 0, 0
0.036730, -7, 15, 0, 0
0.036928, -5, 2, 0, 0
0.037128, -1, 12, 0, 0
0.037330, -7, 15, 0, 0
0.037528, -7, 15, 0, 0
0.037728, -1, 13, 0, 0
0.037930, -1, 13, 0, 0
0.038130, -2, 26, 0, 0
0.038330, 0, 0, 0, 0
0.038528, 17, -8, 0, 0
0.038730, 0, 0, 0, 0
0.038930, -5, 2, 0, 0
0.039130, -4, -10, 0, 0
0.039328, -1, 12, 0, 0
0.039528, -53, 31, 0, 0
0.039730, 2, -26, 0, 0
0.039930, -40, 6, 0, 0
0.040128, -15, 119, 0, 0
0.040328, -12, 11, 0, 0
0.040528, -5, 2, 0, 0
0.040730, 5, -2, 0, 0
0.040930, -5, 2, 0, 0
0.041130, -5, 2, 0, 0
0.041330, -5, 2, 0, 0
0.041530, -5, 2, 0, 0
0.041730, -1, 13, 0, 0
0.041928, -13, 18, 0, 0
0.042128, -1, 13, 0, 0
0.042328, -19, 21, 0, 0
0.042528, 3, -38, 0, 0
0.042728, 1, -13, 0, 0
0.042930, 1, -13, 0, 0
0.043130, -4, -10, 0, 0
0.043330, -7, 15, 0, 0
0.043530, -4, -10, 0, 0
0.043730, 99, -33, 0, 0
0.043930, -7, 15, 0, 0
0.044130, -2, 26, 0, 0
0.044330, -29, 13, 0, 0
0.044528, -8, 28, 0, 0
0.044730, 0, 0, 0, 0
0.044928, -5, 2, 0, 0
0.045128, -4, -10, 0, 0
0.045330, -7, 15, 0, 0
0.045528, -2, 25, 0, 0
0.045730, -7, 15, 0, 0
0.045930, -5, 2, 0, 0
0.046130, -4, -10, 0, 0
0.046328, -5, 2, 0, 0
0.046530, -5, 2, 0, 0
0.046728, -8, 28, 0, 0
0.046928, -8, 28, 0, 0
0.047130, -5, 2, 0, 0
0.047330, -9, -20, 0, 0
0.047528, 0, 0, 0, 0
0.047728, -7, 15, 0, 0
0.047930, -21, 47, 0, 0
0.048128, -8, 28, 0, 0
0.048330, -1, 13, 0, 0
0.048528, 1, -13, 0, 0
0.048730, 1, -13, 0, 0
0.048930, -12, 18, 0, 0
0.049130, -1, 13, 0, 0
0.049330, -4, -10, 0, 0
0.049530, 75, -23, 0, 0
0.049730, 1, -13, 0, 0
0.049928, -5, 2, 0, 0
0.050128, -1, 13, 0, 0
0.050330, -4, -10, 0, 0
0.050528, -5, 2, 0, 0
0.050728, 1, -13, 0, 0
0.050930, -2, 26, 0, 0
0.051128, -5, 2, 0, 0
0.051328, 9, 20, 0, 0
0.051530, 9, 20, 0, 0
0.051730, -4, -10, 0, 0
0.051928, 0, 0, 0, 0
0.052130, -6, 15, 0, 0
0.052330, 1, -13, 0, 0
0.052530, 133, -37, 0, 0
0.052730, -1, 13, 0, 0
0.052930, -4, -10, 0, 0
0.053128, -5, 2, 0, 0
0.053330, 0, -75, 0, 0
0.053530, -13, 25, 0, 0
0.053730, -5, 2, 0, 0
0.053930, 0, 0, 0, 0
0.054130, -1, 13, 0, 0
0.054330, -7, 15, 0, 0
0.054528, 0, 0, 0, 0
0.054728, 134, -51, 0, 0
0.054928, 0, 0, 0, 0
0.055128, -7, 15, 0, 0
0.055330, 1, -13, 0, 0
0.055528, -8, 28, 0, 0
0.055730, -3, -23, 0, 0
0.055928, -5, 2, 0, 0
0.056128, -2, 26, 0, 0
0.056328, 135, -49, 0, 0
0.056530, -14, 31, 0, 0
0.056730, -4, -10, 0, 0
0.056930, -5, 2, 0, 0
0.057130, -5, 2, 0, 0
0.057330, -2, 26, 0, 0
0.057530, 0, 0, 0, 0
0.057728, -4, -10, 0, 0
0.057928, -2, 26, 0, 0
0.058128, 5, -2, 0, 0
0.058328, -6, 15, 0, 0
0.058530, -5, 2, 0, 0
0.058728, 48, -34, 0, 0
0.058930, -12, 18, 0, 0
0.059130, 9, 20, 0, 0
0.059328, -8, 28, 0, 0
0.059528, -19, 34, 0, 0
0.059730, 5, -2, 0, 0
0.059928, -6, 15, 0, 0
0.060130, 42, -32, 0, 0
0.060330, -5, 2, 0, 0
0.060530, 4, 10, 0, 0
0.060730, 1, -13, 0, 0
0.060928, -4, -10, 0, 0
0.061128, -5, 2, 0, 0
0.061330, 0, 0, 0, 0
0.061530, -5, 2, 0, 0
0.061728, 1, -12, 0, 0
0.061930, -1, 13, 0, 0
0.062130, -4, -10, 0, 0
0.062328, -9, 41, 0, 0
0.062530, 5, -2, 0, 0
0.062928, 0, 0, 0, 0
0.063128, -5, 2, 0, 0
0.063330, -14, 31, 0, 0
0.063530, -5, 2, 0, 0
0.063730, -11, 5, 0, 0
0.063930, 0, 0, 0, 0
0.064130, -7, 15, 0, 0
0.064330, 0, 0, 0, 0
0.064530, 0, 0, 0, 0
0.064728, 0, 0, 0, 0
0.064928, -59, 89, 0, 0
0.065130, -5, 2, 0, 0
0.065330, 27, -50, 0, 0
0.065530, -1, 13, 0, 0
0.065730, -5, 2, 0, 0
0.065930, -5, 2, 0, 0
0.066130, -6, 15, 0, 0
0.066330, -5, 2, 0, 0
0.066530, -1, 13, 0, 0
0.066730, 9, 20, 0, 0
0.066930, 0, 0, 0, 0
0.067130, -15, 44, 0, 0
0.067328, -4, -10, 0, 0
0.067530, 41, -19, 0, 0
0.067730, 1, -13, 0, 0
0.067930, -18, 21, 0, 0
0.068128, -41, 19, 0, 0
0.068328, -5, 2, 0, 0
0.068530, 1, -13, 0, 0
0.068730, -2, 26, 0, 0
0.068928, 0, 0, 0, 0
0.069130, -4, -10, 0, 0
0.069330, 0, 0, 0, 0
0.069530, -1, 13, 0, 0
0.069730, -5, -3, 0, 0
0.069930, 1, -13, 0, 0
0.070128, -1, 13, 0, 0
0.070330, 53, -31, 0, 0
0.070528, 2, -32, 0, 0
0.070728, -5, 2, 0, 0
0.070930, -4, -10, 0, 0
0.071128, -7, 15, 0, 0
0.071330, -8, 28, 0, 0
0.071528, 1, -13, 0, 0
0.071730, 1, -13, 0, 0
0.071930, -4, -10, 0, 0
0.072130, 7, -15, 0, 0
0.072328, -18, 21, 0, 0
0.072530, -5, 2, 0, 0
0.072730, -5, 2, 0, 0
0.072930, 0, 0, 0, 0
0.073130, -5, 2, 0, 0
0.073328, -5, 2, 0, 0
0.073530, 39, 6, 0, 0
0.073728, -7, 15, 0, 0
0.073930, -5, 2, 0, 0
0.074130, -5, 2, 0, 0
0.074328, -6, 15, 0, 0
0.074530, -5, 2, 0, 0
0.074730, 0, 0, 0, 0
0.074930, -45, -3, 0, 0
0.075128, 40, -6, 0, 0
0.075328, -1, 13, 0, 0
0.075528, -8, 28, 0, 0
0.075730, -2, 26, 0, 0
0.075928, 12, -18, 0, 0
0.076130, -5, 2, 0, 0
0.076328, -16, -4, 0, 0
0.076530, -8, 28, 0, 0
0.076728, 6, -9, 0, 0
0.076928, -120, 67, 0, 0
0.077130, -8, 28, 0, 0
0.077330, -33, -9, 0, 0
0.077530, -8, 28, 0, 0
0.077728, -17, 8, 0, 0
0.077930, 1, -13, 0, 0
0.078128, -1, 13, 0, 0
0.078330, -5, 2, 0, 0
0.078530, -1, 13, 0, 0
0.078730, -4, -10, 0, 0
0.078928, 89, -54, 0, 0
0.079130, -5, 2, 0, 0
0.079330, 41, -19, 0, 0
0.079528, -2, 26, 0, 0
0.079728, -4, -10, 0, 0
0.079930, -2, 26, 0, 0
0.080130, 1, -13, 0, 0
0.080330, -5, 2, 0, 0
0.080530, -7, 15, 0, 0
0.080728, -5, 2, 0, 0
0.080930, 1, -13, 0, 0
0.081128, -5, 2, 0, 0
0.081330, 0, 0, 0, 0
0.081528, 0, 0, 0, 0
0.081728, 41, -19, 0, 0
0.081930, -3, 114, 0, 0
0.082128, 0, 0, 0, 0
0.082330, 1, -13, 0, 0
0.082528, -5, 2, 0, 0
0.082730, -1, 13, 0, 0
0.082930, 0, 0, 0, 0
0.083128, -1, 13, 0, 0
0.083330, -4, -10, 0, 0
0.083530, -54, 37, 0, 0
0.083730, -6, 15, 0, 0
0.083930, 9, 20, 0, 0
0.084130, -11, 67, 0, 0
0.084330, -8, 28, 0, 0
0.084530, -2, 26, 0, 0
0.084728, -1, 13, 0, 0
0.084930, 40, -6, 0, 0
0.085130, -4, -10, 0, 0
0.085328, 12, -18, 0, 0
0.085528, -25, 23, 0, 0
0.085730, -18, 21, 0, 0
0.085930, -4, -10, 0, 0
0.086130, 0, 0, 0, 0
0.086328, -1, 13, 0, 0
0.086530, 15, -182, 0, 0
0.086730, -4, -10, 0, 0
0.086928, -4, -10, 0, 0
0.087130, 0, 0, 0, 0
0.087330, -2, 26, 0, 0
0.087528, -4, -10, 0, 0
0.087728, 4, 10, 0, 0
0.087930, -8, 28, 0, 0
0.088130, 0, 0, 0, 0
0.088330, -4, -10, 0, 0
0.088528, 0, 0, 0, 0
0.088730, 0, 0, 0, 0
0.088930, -8, 28, 0, 0
0.089130, 1, -13, 0, 0
0.089328, -4, -10, 0, 0
0.089528, 0, 0, 0, 0
0.089730, -5, 2, 0, 0
0.089930, -5, 2, 0, 0
0.090128, -7, 15, 0, 0
0.090330, -4, -10, 0, 0
0.090530, 0, 0, 0, 0
0.090730, -7, 15, 0, 0
0.090928, -19, 21, 0, 0
0.091128, -1, 13, 0, 0
0.091330, 0, 0, 0, 0
0.091530, 6, -78, 0, 0
0.091728, 1, -13, 0, 0
0.091930, -1, 13, 0, 0
0.092130, -4, -10, 0, 0
0.092328, -5, 2, 0, 0
0.092528, -13, 18, 0, 0
0.092730, -8, 28, 0, 0
0.092930, -18, 21, 0, 0
0.093128, -1, 13, 0, 0
0.093328, 0, 0, 0, 0
0.093530, -5, 2, 0, 0
0.093728, 11, -5, 0, 0
0.093928, 13, -24, 0, 0
0.094130, 6, -15, 0, 0
0.094328, 6, -15, 0, 0
0.094530, 0, 0, 0, 0
0.094730, -8, 28, 0, 0
0.094930, -1, 13, 0, 0
0.095130, 1, -13, 0, 0
0.095330, -6, 15, 0, 0
0.095528, -7, 15, 0, 0
0.095730, -52, 11, 0, 0
0.095928, -8, 28, 0, 0
0.096130, -1, 13, 0, 0
0.096330, 1, -13, 0, 0
0.096528, -5, 2, 0, 0
0.096730, -15, 44, 0, 0
0.096930, -41, 19, 0, 0
0.097128, 9, 20, 0, 0
0.097328, -8, 28, 0, 0
0.097528, -5, 2, 0, 0
0.097730, -1, 13, 0, 0
0.097930, -4, -10, 0, 0
0.098128, -4, -10, 0, 0
0.098330, 86, -16, 0, 0
0.098528, -5, 2, 0, 0
0.098730, -6, 15, 0, 0
0.098930, 5, -2, 0, 0
0.099128, 10, 7, 0, 0
0.099330, -5, 2, 0, 0
0.099530, -5, 2, 0, 0
0.099730, 12, -18, 0, 0
0.099930, -7, 28, 0, 0
0.000130, -7, 15, 0, 0
0.000328, 11, -5, 0, 0
0.000528, -96, 56, 0, 0
0.000728, 0, 0, 0, 0
0.000930, -4, -10, 0, 0
0.001128, -4, -10, 0, 0
0.001330, 0, 0, 0, 0
0.001528, 8, -35, 0, 0
0.001728, 1, -13, 0, 0
0.001930, -41, 19, 0, 0
0.002130, -5, 2, 0, 0
0.002330, 42, -32, 0, 0
0.002530, 41, -19, 0, 0
0.002728, -7, 15, 0, 0
0.002928, 9, 20, 0, 0
0.003130, -21, 47, 0, 0
0.003330, -6, 15, 0, 0
0.003528, -1, 13, 0, 0
0.003730, -1, 13, 0, 0
0.003928, -19, 21, 0, 0
0.004130, 0, 0, 0, 0
0.004328, -4, -10, 0, 0
0.004528, -4, -10, 0, 0
0.004730, 14, -31, 0, 0
0.004930, -5, 2, 0, 0
0.005128, -1, 13, 0, 0
0.005330, -7, 15, 0, 0
0.005528, 1, -12, 0, 0
0.005730, -1, 13, 0, 0
0.005930, 2, -26, 0, 0
0.006128, 41, -19, 0, 0
0.006328, -7, 15, 0, 0
0.006528, 1, -13, 0, 0
0.006730, -7, 22, 0, 0
0.006928, -5, 2, 0, 0
0.007128, 1, -13, 0, 0
0.007330, 0, 0, 0, 0
0.007528, -8, 28, 0, 0
0.007730, -6, 15, 0, 0
0.007930, 29, -13, 0, 0
0.008128, 113, -66, 0, 0
0.008330, -7, 15, 0, 0
0.008528, -28, 0, 0, 0
0.008728, 0, 0, 0, 0
0.008930, -1, 13, 0, 0
0.009128, -1, 13, 0, 0
0.009330, -6, 15, 0, 0
0.009528, -1, 12, 0, 0
0.009730, -7, 15, 0, 0
0.009928, -8, 28, 0, 0
0.010130, -1, 13, 0, 0
0.010330, 0, 0, 0, 0
0.010528, -2, 25, 0, 0
0.010730, -4, -10, 0, 0
0.010930, -5, 2, 0, 0
0.011128, 5, -2, 0, 0
0.011328, -12, 18, 0, 0
0.011528, 19, -21, 0, 0
0.011728, 11, -5, 0, 0
0.011928, -1, 13, 0, 0
0.012130, 11, -5, 0, 0
0.012328, 5, -2, 0, 0
0.012530, 1, -13, 0, 0
0.012730, 9, 20, 0, 0
0.012928, 0, 0, 0, 0
0.013130, -4, -10, 0, 0
0.013330, 5, -78, 0, 0
0.013530, 0, 0, 0, 0
0.013730, -1, 13, 0, 0
0.013930, -5, 2, 0, 0
0.014130, -5, 2, 0, 0
0.014328, -7, 15, 0, 0
0.014528, 5, -2, 0, 0
0.014730, -7, 15, 0, 0
0.014930, -7, 15, 0, 0
0.015130, 1, -13, 0, 0
0.015330, 17, -8, 0, 0
0.015530, 2, -26, 0, 0
0.015730, -8, 28, 0, 0
0.015928, -1, 13, 0, 0
0.016130, -4, -10, 0, 0
0.016328, -1, 13, 0, 0
0.016530, -5, 2, 0, 0
0.016730, -7, 15, 0, 0
0.016930, 5, 59, 0, 0
0.017128, -8, 28, 0, 0
0.017330, -9, -20, 0, 0
0.017528, 0, 0, 0, 0
0.017728, -18, 21, 0, 0
0.017930, -11, 5, 0, 0
0.018128, 47, -22, 0, 0
0.018330, 0, 0, 0, 0
0.018528, -4, -10, 0, 0
0.018728, -2, 26, 0, 0
0.018928, 11, -5, 0, 0
0.019130, 0, 0, 0, 0
0.019330, -2, 26, 0, 0
0.019530, -5, 2, 0, 0
0.019730, -8, 28, 0, 0
0.019928, 2, -26, 0, 0
0.020128, -6, 15, 0, 0
0.020328, -4, -10, 0, 0
0.020530, -5, 2, 0, 0
0.020728, 0, 0, 0, 0
0.020928, 41, -19, 0, 0
0.021130, 18, -83, 0, 0
0.021328, 0, 0, 0, 0
0.021528, 141, -52, 0, 0
0.021728, 1, -12, 0, 0
0.021930, 0, 0, 0, 0
0.022130, -7, 15, 0, 0
0.022330, -13, 93, 0, 0
0.022528, -3, -29, 0, 0
0.022728, 0, 0, 0, 0
0.022930, 5, -2, 0, 0
0.023130, -19, 34, 0, 0
0.023330, 0, 0, 0, 0
0.023530, 3, -39, 0, 0
0.023730, 7, -15, 0, 0
0.023930, 0, 0, 0, 0
0.024130, -1, 13, 0, 0
0.024330, -5, 2, 0, 0
0.024528, -57, 76, 0, 0
0.024730, -8, 28, 0, 0
0.024930, -5, 2, 0, 0
0.025128, 0, 0, 0, 0
0.025330, -5, 2, 0, 0
0.025530, 0, 0, 0, 0
0.025730, -11, 5, 0, 0
0.025930, 2, -101, 0, 0
0.026128, -7, 15, 0, 0
0.026330, 0, 0, 0, 0
0.026530, -8, 28, 0, 0
0.026730, 7, -15, 0, 0
0.026930, 24, -24, 0, 0
0.027130, 1, -13, 0, 0
0.027330, -4, -10, 0, 0
0.027528, 0, 0, 0, 0
0.027730, 0, 0, 0, 0
0.027930, -5, 2, 0, 0
0.028130, 0, 0, 0, 0
0.028330, 0, 0, 0, 0
0.028530, -4, -10, 0, 0
0.028730, 1, -13, 0, 0
0.028930, -4, -10, 0, 0
0.029128, 19, -34, 0, 0
0.029330, -3, -23, 0, 0
0.029528, -2, -36, 0, 0
0.029730, -4, -10, 0, 0
0.029928, 0, -6, 0, 0
0.030130, -8, 28, 0, 0
0.030330, 6, -78, 0, 0
0.030530, -5, 2, 0, 0
0.030730, 0, 0, 0, 0
0.030930, 41, -19, 0, 0
0.031128, -5, 2, 0, 0
0.031328, -7, 15, 0, 0
0.031530, 41, -19, 0, 0
0.031730, -7, 15, 0, 0
0.031930, -4, -10, 0, 0
0.032130, -7, 15, 0, 0
0.032330, -1, 13, 0, 0
0.032528, -1, 13, 0, 0
0.032730, -6, 15, 0, 0
0.032928, 1, -13, 0, 0
0.033128, -12, 18, 0, 0
0.033330, -1, 13, 0, 0
0.033528, 15, 17, 0, 0
0.033728, -6, 15, 0, 0
0.033930, 64, -30, 0, 0
0.034330, -5, 2, 0, 0
0.034530, 0, 0, 0, 0
0.034730, -8, 28, 0, 0
0.034928, -4, -10, 0, 0
0.035130, 1, -13, 0, 0
0.035328, 0, -75, 0, 0
0.035528, -11, 5, 0, 0
0.035730, -2, 26, 0, 0
0.035930, -1, 13, 0, 0
0.036130, 88, -41, 0, 0
0.036330, -7, 15, 0, 0
0.036530, 1, -26, 0, 0
0.036730, 6, -15, 0, 0
0.036930, -1, 13, 0, 0
0.037130, -4, -10, 0, 0
0.037330, -8, 35, 0, 0
0.037528, -4, -10, 0, 0
0.037728, 0, 0, 0, 0
0.037930, -5, 2, 0, 0
0.038130, -47, 22, 0, 0
0.038330, -7, 15, 0, 0
0.038530, -2, 26, 0, 0
0.038730, 0, 0, 0, 0
0.038928, -13, 93, 0, 0
0.039128, -5, 2, 0, 0
0.039330, 5, -2, 0, 0
0.039530, 9, 20, 0, 0
0.039728, 0, 0, 0, 0
0.039930, 52, -25, 0, 0
0.040130, -14, 31, 0, 0
0.040328, -12, 18, 0, 0
0.040530, -4, -10, 0, 0
0.040730, 11, -5, 0, 0
0.040930, -18, 21, 0, 0
0.041130, 0, 0, 0, 0
0.041328, -46, 9, 0, 0
0.041530, -12, 18, 0, 0
0.041730, -7, 15, 0, 0
0.041930, 0, 0, 0, 0
0.042130, -7, 15, 0, 0
0.042328, 0, 0, 0, 0
0.042530, 12, -18, 0, 0
0.042728, -8, 28, 0, 0
0.042930, 5, -2, 0, 0
0.043130, 1, -13, 0, 0
0.043330, -5, 2, 0, 0
0.043530, -4, -10, 0, 0
0.043730, 5, -2, 0, 0
0.043930, -8, 28, 0, 0
0.044130, 5, -2, 0, 0
0.044330, -5, 2, 0, 0
0.044530, -4, -10, 0, 0
0.044728, 0, 0, 0, 0
0.044930, 3, -39, 0, 0
0.045130, -19, 34, 0, 0
0.045328, -5, 2, 0, 0
0.045530, 5, -78, 0, 0
0.045730, 0, 0, 0, 0
0.045928, -4, -10, 0, 0
0.046130, 39, 6, 0, 0
0.046330, -5, 2, 0, 0
0.046530, -4, -10, 0, 0
0.046730, -4, -10, 0, 0
0.046930, 0, 0, 0, 0
0.047128, -7, 15, 0, 0
0.047328, -6, 15, 0, 0
0.047530, -1, 13, 0, 0
0.047728, -5, 2, 0, 0
0.047930, 39, 6, 0, 0
0.048128, 4, 10, 0, 0
0.048330, 0, 0, 0, 0
0.048528, -13, 31, 0, 0
0.048730, -8, 28, 0, 0
0.048930, -49, 48, 0, 0
0.049130, -95, 71, 0, 0
0.049330, 0, 13, 0, 0
0.049528, -1, 13, 0, 0
0.049730, -5, 2, 0, 0
0.049930, 1, -13, 0, 0
0.050130, 0, -13, 0, 0
0.050330, -19, 34, 0, 0
0.050530, -4, -10, 0, 0
0.050728, -40, 6, 0, 0
0.050930, -4, -10, 0, 0
0.051130, -6, 15, 0, 0
0.051330, -17, 8, 0, 0
0.051528, -1, 13, 0, 0
0.051730, -4, -10, 0, 0
0.051928, 0, 0, 0, 0
0.052128, -4, -10, 0, 0
0.052330, -4, -10, 0, 0
0.052528, -5, 2, 0, 0
0.052730, -5, 2, 0, 0
0.052930, 42, -32, 0, 0
0.053128, -6, 15, 0, 0
0.053330, -17, 8, 0, 0
0.053530, -4, -10, 0, 0
0.053730, 46, -23, 0, 0
0.053928, -5, 2, 0, 0
0.054130, 1, -13, 0, 0
0.054330, -17, 8, 0, 0
0.054530, -1, 13, 0, 0
0.054730, 0, 0, 0, 0
0.054928, 5, 3, 0, 0
0.055130, 0, 0, 0, 0
0.055330, 20, -47, 0, 0
0.055530, -1, 13, 0, 0
0.055728, 41, -19, 0, 0
0.055930, -4, -10, 0, 0
0.056130, 0, 0, 0, 0
0.056330, -5, 2, 0, 0
0.056530, 0, 0, 0, 0
0.056730, -6, 15, 0, 0
0.056930, 6, -15, 0, 0
0.057130, -5, 2, 0, 0
0.057530, -8, 28, 0, 0
0.057730, 1, -13, 0, 0
0.057930, -18, 21, 0, 0
0.058128, -8, 28, 0, 0
0.058330, -3, -23, 0, 0
0.058530, -6, 15, 0, 0
0.058730, -13, 25, 0, 0
0.058928, -6, 15, 0, 0
0.059130, -1, 26, 0, 0
0.059330, -4, -10, 0, 0
0.059530, -11, 5, 0, 0
0.059730, 0, 13, 0, 0
0.059930, -4, -10, 0, 0
0.060130, -5, 2, 0, 0
0.060330, -5, 2, 0, 0
0.060530, 0, 0, 0, 0
0.060730, -3, -23, 0, 0
0.060930, -1, 26, 0, 0
0.061130, -17, 8, 0, 0
0.061328, -2, 26, 0, 0
0.061730, -6, 15, 0, 0
0.061930, -12, 107, 0, 0
0.062130, -17, 8, 0, 0
0.062330, -5, 2, 0, 0
0.062530, -5, 2, 0, 0
0.062730, 12, -18, 0, 0
0.062930, 0, 0, 0, 0
0.063130, 47, -36, 0, 0
0.063330, 12, -18, 0, 0
0.063530, 0, 0, 0, 0
0.063730, 0, -6, 0, 0
0.063930, 24, -24, 0, 0
0.064130, 0, -13, 0, 0
0.064330, -1, 26, 0, 0
0.064530, 183, -85, 0, 0
0.064730, -18, 21, 0, 0
0.064930, -4, -10, 0, 0
0.065130, -6, 15, 0, 0
0.065330, 112, -81, 0, 0
0.065530, 0, 13, 0, 0
0.065730, -5, 2, 0, 0
0.065930, 0, 13, 0, 0
0.066130, -4, -10, 0, 0
0.066330, -19, 34, 0, 0
0.066530, 41, -20, 0, 0
0.066730, -1, 13, 0, 0
0.066930, -11, 5, 0, 0
0.067130, 0, -13, 0, 0
0.067330, 0, 13, 0, 0
0.067530, 0, 0, 0, 0
0.067730, 1, -26, 0, 0
0.067930, -5, -10, 0, 0
0.068130, -5, -10, 0, 0
0.068330, -5, 2, 0, 0
0.068530, -5, 2, 0, 0
0.068730, 10, 7, 0, 0
0.068928, 2, -26, 0, 0
0.069130, 0, 0, 0, 0
0.069330, 12, -18, 0, 0
0.069530, 9, 20, 0, 0
0.069730, -5, 2, 0, 0
0.069930, -1, 26, 0, 0
0.070130, -7, 28, 0, 0
0.070330, 0, -13, 0, 0
0.070528, 0, 13, 0, 0
0.070730, -5, 2, 0, 0
0.070930, 0, 0, 0, 0
0.071130, 3, 23, 0, 0
0.071330, 40, -7, 0, 0
0.071530, 0, 0, 0, 0
0.071730, -6, 15, 0, 0
0.071930, -3, -36, 0, 0
0.072130, -18, 21, 0, 0
0.072330, -5, -10, 0, 0
0.072530, -7, 28, 0, 0
0.072730, 6, -15, 0, 0
0.072930, -5, 2, 0, 0
0.073130, -5, 2, 0, 0
0.073330, 0, 13, 0, 0
0.073530, -6, 15, 0, 0
0.073730, -12, 18, 0, 0
0.073928, 12, -18, 0, 0
0.074130, -5, 2, 0, 0
0.074330, -5, 2, 0, 0
0.074530, -4, -23, 0, 0
0.074730, -4, -10, 0, 0
0.074930, -36, 43, 0, 0
0.075128, -3, -36, 0, 0
0.075330, -6, 15, 0, 0
0.075530, -71, 60, 0, 0
0.075730, -5, 2, 0, 0
0.075930, 0, 13, 0, 0
0.076128, -6, 15, 0, 0
0.076330, 6, -16, 0, 0
0.076530, -5, -10, 0, 0
0.076730, 0, 0, 0, 0
0.076928, 12, -18, 0, 0
0.077128, -5, 2, 0, 0
0.077328, -5, 2, 0, 0
0.077530, 11, -5, 0, 0
0.077730, 0, 13, 0, 0
0.077928, -5, -10, 0, 0
0.078128, 11, -5, 0, 0
0.078330, 0, 13, 0, 0
0.078530, -5, -10, 0, 0
0.078730, -15, -17, 0, 0
0.078930, 0, -19, 0, 0
0.079130, 0, 0, 0, 0
0.079330, 6, -15, 0, 0
0.079530, -19, 34, 0, 0
0.079730, -5, 2, 0, 0
0.079930, 0, -13, 0, 0
0.080130, -5, 2, 0, 0
0.080330, 0, -13, 0, 0
0.080528, 0, 0, 0, 0
0.080728, 0, 0, 0, 0
0.080930, 0, 0, 0, 0
0.081130, 0, -13, 0, 0
0.081330, 0, 13, 0, 0
0.081528, 0, -13, 0, 0
0.081730, -5, 2, 0, 0
0.081930, -5, -10, 0, 0
0.082130, -6, 15, 0, 0
0.082330, -5, -10, 0, 0
0.082528, 0, -13, 0, 0
0.082730, 40, -20, 0, 0
0.082930, -34, 17, 0, 0
0.083128, 42, 54, 0, 0
0.083330, -4, -10, 0, 0
0.083530, -6, 15, 0, 0
0.083730, -5, -10, 0, 0
0.083928, 0, -13, 0, 0
0.084130, 0, 0, 0, 0
0.084330, -5, 3, 0, 0
0.084528, -5, 3, 0, 0
0.084728, 46, -23, 0, 0
0.084930, 0, 0, 0, 0
0.085130, 11, -5, 0, 0
0.085328, -51, 13, 0, 0
0.085530, -7, 28, 0, 0
0.085730, -6, 16, 0, 0
0.085930, -6, 15, 0, 0
0.086128, 0, 13, 0, 0
0.086330, 12, -18, 0, 0
0.086530, 111, -69, 0, 0
0.086728, -5, 2, 0, 0
0.086930, -5, -10, 0, 0
0.087130, -5, -10, 0, 0
0.087330, 0, 0, 0, 0
0.087530, -5, 2, 0, 0
0.087730, 5, -2, 0, 0
0.087930, 155, -55, 0, 0
0.088130, 0, 0, 0, 0
0.088330, 0, -13, 0, 0
0.088530, -17, 8, 0, 0
0.088730, 0, 13, 0, 0
0.088930, 0, 13, 0, 0
0.089128, 6, -16, 0, 0
0.089330, -1, 26, 0, 0
0.089530, 0, 0, 0, 0
0.089730, 0, 13, 0, 0
0.089930, -7, 29, 0, 0
0.090130, -5, 2, 0, 0
0.090330, -6, 15, 0, 0
0.090528, -6, 15, 0, 0
0.090730, -5, 2, 0, 0
0.090928, 0, 0, 0, 0
0.091130, 0, 0, 0, 0
0.091330, 6, -16, 0, 0
0.091530, -1, 26, 0, 0
0.091730, 87, -44, 0, 0
0.091930, -5, 2, 0, 0
0.092130, 5, -2, 0, 0
0.092330, 0, 0, 0, 0
0.092530, 39, 5, 0, 0
0.092730, 0, 13, 0, 0
0.092930, -6, 15, 0, 0
0.093128, 1, -26, 0, 0
0.093330, 5, -2, 0, 0
0.093528, 0, 0, 0, 0
0.093730, 0, 0, 0, 0
0.093928, 0, 0, 0, 0
0.094130, -6, 16, 0, 0
0.094330, -5, -10, 0, 0
0.094530, 40, -20, 0, 0
0.094728, -5, 2, 0, 0
0.094928, 0, 13, 0, 0
0.095130, -6, 16, 0, 0
0.095330, 0, 13, 0, 0
0.095528, -5, -9, 0, 0
0.095728, -5, -10, 0, 0
0.095930, -7, 28, 0, 0
0.096130, -5, -10, 0, 0
0.096330, 29, -14, 0, 0
0.096528, -5, -10, 0, 0
0.096728, 0, 0, 0, 0
0.096930, -5, 2, 0, 0
0.097130, 0, 0, 0, 0
0.097330, -6, 15, 0, 0
0.097530, -10, 94, 0, 0
0.097730, 12, -19, 0, 0
0.097930, 40, -7, 0, 0
0.098130, -5, 2, 0, 0
0.098330, -5, 2, 0, 0
0.098528, -5, 3, 0, 0
0.098730, 0, -13, 0, 0
0.098930, -6, 16, 0, 0
0.099128, 0, -13, 0, 0
0.099330, 0, -13, 0, 0
0.099528, -1, 26, 0, 0
0.099730, -6, 16, 0, 0
0.099930, -5, 2, 0, 0
0.000130, 0, 0, 0, 0
0.000330, 0, 0, 0, 0
0.000528, -4, -23, 0, 0
0.000728, 0, 13, 0, 0
0.000928, -18, 35, 0, 0
0.001130, 0, -13, 0, 0
0.001328, 0, -13, 0, 0
0.001530, 0, 0, 0, 0
0.001730, -5, -10, 0, 0
0.001930, -11, 5, 0, 0
0.002130, -5, -10, 0, 0
0.002328, 0, 0, 0, 0
0.002528, 40, -21, 0, 0
0.002730, 0, -13, 0, 0
0.002930, 0, 0, 0, 0
0.003130, 40, -20, 0, 0
0.003328, 0, -13, 0, 0
0.003530, -12, 18, 0, 0
0.003730, -1, 26, 0, 0
0.003930, -5, 3, 0, 0
0.004128, -34, 18, 0, 0
0.004330, 1, -39, 0, 0
0.004530, 0, -13, 0, 0
0.004728, 0, -13, 0, 0
0.004930, -5, 3, 0, 0
0.005130, -5, -10, 0, 0
0.005328, 63, -33, 0, 0
0.005530, 0, -13, 0, 0
0.005728, 70, -49, 0, 0
0.005930, -11, 5, 0, 0
0.006128, -6, 16, 0, 0
0.006330, 5, -3, 0, 0
0.006528, 0, 0, 0, 0
0.006728, -5, 3, 0, 0
0.006930, 40, -34, 0, 0
0.007130, -5, -10, 0, 0
0.007328, -17, 22, 0, 0
0.007528, -5, 3, 0, 0
0.007730, -6, 16, 0, 0
0.007930, -5, 3, 0, 0
0.008128, -51, 14, 0, 0
0.008328, 0, 13, 0, 0
0.008528, -6, 16, 0, 0
0.008728, 0, 13, 0, 0
0.008930, 5, -3, 0, 0
0.009128, 5, 10, 0, 0
0.009328, 0, -13, 0, 0
0.009530, -6, 16, 0, 0
0.009728, 1, -26, 0, 0
0.009930, -5, -10, 0, 0
0.010130, 0, 13, 0, 0
0.010328, 87, -44, 0, 0
0.010530, 0, 0, 0, 0
0.010730, 39, 5, 0, 0
0.010930, 0, -13, 0, 0
0.011128, -5, 3, 0, 0
0.011328, 0, -6, 0, 0
0.011528, 110, -84, 0, 0
0.011730, 7, 85, 0, 0
0.011928, 39, 4, 0, 0
0.012130, -5, 3, 0, 0
0.012328, 0, 13, 0, 0
0.012528, -14, -56, 0, 0
0.012728, -5, -10, 0, 0
0.012930, -18, 48, 0, 0
0.013128, -5, -9, 0, 0
0.013328, -34, 18, 0, 0
0.013528, 5, -3, 0, 0
0.013728, 17, -22, 0, 0
0.014130, -4, -23, 0, 0
0.014330, -5, -10, 0, 0
0.014528, -12, 19, 0, 0
0.014728, 0, 0, 0, 0
0.014930, -5, 3, 0, 0
0.015128, 1, -26, 0, 0
0.015328, 41, -34, 0, 0
0.015530, -17, 9, 0, 0
0.015728, -6, 16, 0, 0
0.015928, 16, 3, 0, 0
0.016130, 5, -3, 0, 0
0.016328, -5, -9, 0, 0
0.016528, 0, -13, 0, 0
0.016728, 0, -19, 0, 0
0.016930, 10, 20, 0, 0
0.017128, -5, 3, 0, 0
0.017328, -6, 16, 0, 0
0.017530, -5, 3, 0, 0
0.017730, -5, -10, 0, 0
0.017930, -5, -10, 0, 0
0.018128, 39, 4, 0, 0
0.018328, -5, 3, 0, 0
0.018528, 0, 0, 0, 0
0.018730, 0, 0, 0, 0
0.018928, -6, 16, 0, 0
0.019128, 0, -13, 0, 0
0.019330, 109, -57, 0, 0
0.019528, -5, -10, 0, 0
0.019728, -5, -3, 0, 0
0.019930, 5, 10, 0, 0
0.020128, -6, 29, 0, 0
0.020328, 5, -3, 0, 0
0.020530, -5, 3, 0, 0
0.020730, 0, -19, 0, 0
0.020928, -6, 29, 0, 0
0.021128, -5, 3, 0, 0
0.021328, -5, 3, 0, 0
0.021528, 0, 0, 0, 0
0.021728, -17, 22, 0, 0
0.021928, -5, 3, 0, 0
0.022128, -23, 12, 0, 0
0.022330, -6, 16, 0, 0
0.022528, -5, 3, 0, 0
0.022730, 0, 0, 0, 0
0.022928, -6, 16, 0, 0
0.023130, -5, 2, 0, 0
0.023330, -5, 3, 0, 0
0.023528, -5, 3, 0, 0
0.023720, 0, 13, 0, 0
0.023930, 0, 0, 0, 0
0.024120, 0, -13, 0, 0
0.024320, -6, 29, 0, 0
0.024530, 11, 6, 0, 0
0.024728, 40, -34, 0, 0
0.024930, -52, 27, 0, 0
0.025128, 0, 0, 0, 0
0.025328, 0, 26, 0, 0
0.025528, 5, 9, 0, 0
0.025730, -5, -9, 0, 0
0.025930, 0, 13, 0, 0
0.026128, -45, 24, 0, 0
0.026328, 0, 0, 0, 0
0.026530, 0, -13, 0, 0
0.026728, -5, 3, 0, 0
0.026928, -5, 3, 0, 0
0.027128, 0, 0, 0, 0
0.027330, 0, 13, 0, 0
0.027528, -5, 3, 0, 0
0.027728, -16, -3, 0, 0
0.027930, -5, 3, 0, 0
0.028130, 45, -11, 0, 0
0.028328, -5, -9, 0, 0
0.028520, 0, 0, 0, 0
0.028730, 0, 13, 0, 0
0.028928, 0, -13, 0, 0
0.029128, 0, 0, 0, 0
0.029330, -11, 19, 0, 0
0.029530, 86, -46, 0, 0
0.029728, 0, -13, 0, 0
0.029928, -6, 29, 0, 0
0.030128, -6, 29, 0, 0
0.030330, -5, -9, 0, 0
0.030528, 5, 9, 0, 0
0.030728, -50, -11, 0, 0
0.030920, 0, 13, 0, 0
0.031128, -52, 40, 0, 0
0.031328, -17, 22, 0, 0
0.031530, -6, 16, 0, 0
0.031728, -5, -16, 0, 0
0.031928, -5, -22, 0, 0
0.032128, 0, 13, 0, 0
0.032330, -1, 39, 0, 0
0.032530, 39, -8, 0, 0
0.032728, -6, 29, 0, 0
0.032920, -5, -22, 0, 0
0.033128, 0, -13, 0, 0
0.033320, -17, 35, 0, 0
0.033528, -34, 31, 0, 0
0.033728, -6, 16, 0, 0
0.033920, -5, 3, 0, 0
0.034128, 0, 0, 0, 0
0.034320, -5, 3, 0, 0
0.034528, 0, -13, 0, 0
0.034728, -6, 16, 0, 0
0.034928, -2, 104, 0, 0
0.035130, 0, -13, 0, 0
0.035330, 0, -19, 0, 0
0.035528, -6, 29, 0, 0
0.035720, -5, -9, 0, 0
0.035920, -5, 3, 0, 0
0.036128, 40, -34, 0, 0
0.036330, 5, -3, 0, 0
0.036520, 0, 13, 0, 0
0.036728, 40, -21, 0, 0
0.036920, -5, 3, 0, 0
0.037128, -5, 3, 0, 0
0.037320, -6, 16, 0, 0
0.037528, -11, 19, 0, 0
0.037720, 0, 0, 0, 0
0.037920, 0, -13, 0, 0
0.038120, -17, 9, 0, 0
0.038320, -5, 3, 0, 0
0.038528, 6, -16, 0, 0
0.038720, -4, -36, 0, 0
0.038920, 0, 0, 0, 0
0.039120, -51, 15, 0, 0
0.039320, -11, 19, 0, 0
0.039528, 0, -13, 0, 0
0.039728, 11, -6, 0, 0
0.039920, 40, -21, 0, 0
0.040120, 40, -35, 0, 0
0.040330, -2, 91, 0, 0
0.040528, 45, -11, 0, 0
0.040728, 0, 0, 0, 0
0.040920, -5, 3, 0, 0
0.041128, 40, -34, 0, 0
0.041328, 6, -195, 0, 0
0.041520, 0, 13, 0, 0
0.041720, 5, 22, 0, 0
0.041930, -6, 16, 0, 0
0.042128, 0, 13, 0, 0
0.042320, 0, -13, 0, 0
0.042520, 0, 0, 0, 0
0.042720, -5, 16, 0, 0
0.042920, -6, 16, 0, 0
0.043120, 0, -13, 0, 0
0.043320, -5, 16, 0, 0
0.043528, -6, 29, 0, 0
0.043720, -5, 3, 0, 0
0.043920, -6, 29, 0, 0
0.044120, 11, -6, 0, 0
0.044320, 5, -3, 0, 0
0.044520, -18, 48, 0, 0
0.044720, -5, -9, 0, 0
0.044920, 0, 0, 0, 0
0.045128, -6, 16, 0, 0
0.045328, 16, 3, 0, 0
0.045530, -5, 3, 0, 0
0.045720, 5, 22, 0, 0
0.045920, 5, 9, 0, 0
0.046128, -11, 6, 0, 0
0.046320, -5, 16, 0, 0
0.046520, 0, 0, 0, 0
0.046720, -5, 3, 0, 0
0.046920, -5, 3, 0, 0
0.047120, 0, 0, 0, 0
0.047320, -5, 16, 0, 0
0.047520, -5, -9, 0, 0
0.047720, -5, -9, 0, 0
0.047920, -4, -36, 0, 0
0.048122, 0, 13, 0, 0
0.048328, 86, -59, 0, 0
0.048520, 0, -13, 0, 0
0.048728, -17, 35, 0, 0
0.048930, 0, 0, 0, 0
0.049120, -5, 3, 0, 0
0.049320, 0, 0, 0, 0
0.049520, -6, 16, 0, 0
0.049720, 0, 0, 0, 0
0.049920, -5, 3, 0, 0
0.050120, 0, 6, 0, 0
0.050320, -96, 40, 0, 0
0.050520, -7, 107, 0, 0
0.050722, -5, 3, 0, 0
0.050928, 0, 0, 0, 0
0.051120, -5, 16, 0, 0
0.051328, -5, 3, 0, 0
0.051520, -5, 3, 0, 0
0.051722, -34, 32, 0, 0
0.051920, -45, 25, 0, 0
0.052120, -22, 0, 0, 0
0.052320, -6, 29, 0, 0
0.052520, 0, 13, 0, 0
0.052720, 39, -22, 0, 0
0.052920, 17, -9, 0, 0
0.053120, -5, 16, 0, 0
0.053322, 0, 0, 0, 0
0.053520, -34, 32, 0, 0
0.053720, -5, 16, 0, 0
0.053920, 0, 0, 0, 0
0.054122, -5, 16, 0, 0
0.054320, -11, 19, 0, 0
0.054520, -5, 16, 0, 0
0.054722, 0, 0, 0, 0
0.054922, -5, 3, 0, 0
0.055122, -5, 29, 0, 0
0.055330, -5, -9, 0, 0
0.055520, -5, 3, 0, 0
0.055720, -5, -9, 0, 0
0.055920, 39, 3, 0, 0
0.056122, -5, -9, 0, 0
0.056320, -5, -9, 0, 0
0.056522, 0, 13, 0, 0
0.056720, -5, -9, 0, 0
0.056920, -6, 29, 0, 0
0.057120, 0, 13, 0, 0
0.057322, 0, -39, 0, 0
0.057522, 39, 42, 0, 0
0.057720, -5, 3, 0, 0
0.057922, 0, -13, 0, 0
0.058120, 0, 26, 0, 0
0.058322, -5, 16, 0, 0
0.058520, 0, -13, 0, 0
0.058720, -5, 16, 0, 0
0.058922, -5, 3, 0, 0
0.059120, -5, 16, 0, 0
0.059320, 39, -22, 0, 0
0.059520, -5, 3, 0, 0
0.059720, 0, -13, 0, 0
0.059920, -5, 3, 0, 0
0.060120, 0, 0, 0, 0
0.060320, 0, 0, 0, 0
0.060520, 0, 0, 0, 0
0.060722, -5, 3, 0, 0
0.060920, 11, -19, 0, 0
0.061120, -5, -9, 0, 0
0.061322, 0, -39, 0, 0
0.061520, 0, 13, 0, 0
0.061722, -5, 3, 0, 0
0.061920, 0, -13, 0, 0
0.062120, -5, -9, 0, 0
0.062320, -5, 16, 0, 0
0.062522, -45, 38, 0, 0
0.062730, 0, 13, 0, 0
0.062922, -5, 29, 0, 0
0.063122, 39, -9, 0, 0
0.063322, 39, -22, 0, 0
0.063522, 0, 13, 0, 0
0.063722, -5, -22, 0, 0
0.063922, -5, 16, 0, 0
0.064120, 17, -22, 0, 0
0.064322, -5, 3, 0, 0
0.064520, 0, -13, 0, 0
0.064720, -11, 6, 0, 0
0.064920, -11, 6, 0, 0
0.065122, 39, -9, 0, 0
0.065322, 11, -6, 0, 0
0.065522, -5, -9, 0, 0
0.065722, 0, -26, 0, 0
0.065922, -5, 3, 0, 0
0.066120, -5, -9, 0, 0
0.066320, 0, 13, 0, 0
0.066522, -5, 3, 0, 0
0.066722, -6, 94, 0, 0
0.066922, 0, -13, 0, 0
0.067122, -5, 29, 0, 0
0.067322, 0, 13, 0, 0
0.067520, 5, -3, 0, 0
0.067722, -5, 16, 0, 0
0.067922, 0, -13, 0, 0
0.068120, -5, 3, 0, 0
0.068322, 0, -13, 0, 0
0.068522, -5, 29, 0, 0
0.068722, 0, 0, 0, 0
0.068922, 39, -22, 0, 0
0.069120, -5, 3, 0, 0
0.069322, -5, -9, 0, 0
0.069522, -17, 9, 0, 0
0.069722, 0, 0, 0, 0
0.069920, -5, 3, 0, 0
0.070120, -5, 3, 0, 0
0.070322, -5, 3, 0, 0
0.070520, 17, -35, 0, 0
0.070722, -5, 3, 0, 0
0.070922, 0, -117, 0, 0
0.071122, 0, 13, 0, 0
0.071322, -5, 3, 0, 0
0.071522, -5, 3, 0, 0
0.071720, 0, -13, 0, 0
0.071922, -16, 9, 0, 0
0.072120, -5, 16, 0, 0
0.072320, -17, 22, 0, 0
0.072522, 5, -3, 0, 0
0.072722, -5, 3, 0, 0
0.072922, -5, -9, 0, 0
0.073122, -5, 29, 0, 0
0.073322, -5, 94, 0, 0
0.073522, -5, 3, 0, 0
0.073722, 0, -13, 0, 0
0.073922, -5, -9, 0, 0
0.074122, -5, 3, 0, 0
0.074320, 39, -9, 0, 0
0.074522, -5, 29, 0, 0
0.074722, 11, -6, 0, 0
0.074922, 22, -13, 0, 0
0.075122, -5, 3, 0, 0
0.075322, 0, 13, 0, 0
0.075520, -5, 3, 0, 0
0.075722, 5, 22, 0, 0
0.075922, 0, 13, 0, 0
0.076122, 0, -13, 0, 0
0.076322, -5, 22, 0, 0
0.076522, 11, 6, 0, 0
0.076722, 28, -16, 0, 0
0.076922, -6, 107, 0, 0
0.077122, 0, -13, 0, 0
0.077322, -5, 3, 0, 0
0.077522, 0, 26, 0, 0
0.077722, -5, 3, 0, 0
0.077922, -11, 6, 0, 0
0.078122, 0, 0, 0, 0
0.078322, -5, 35, 0, 0
0.078522, -5, -35, 0, 0
0.078722, -5, 3, 0, 0
0.078922, -5, -9, 0, 0
0.079122, 0, 13, 0, 0
0.079322, 0, 0, 0, 0
0.079522, -5, -9, 0, 0
0.079722, 0, 0, 0, 0
0.079922, -5, 29, 0, 0
0.080122, 0, -13, 0, 0
0.080322, -11, 19, 0, 0
0.080522, 0, 13, 0, 0
0.080722, 0, -13, 0, 0
0.080920, 0, -13, 0, 0
0.081122, -5, 3, 0, 0
0.081322, -5, 3, 0, 0
0.081522, -16, 35, 0, 0
0.081722, -5, -9, 0, 0
0.081922, -5, 3, 0, 0
0.082122, 11, -19, 0, 0
0.082322, -5, 3, 0, 0
0.082522, 11, 6, 0, 0
0.082722, -5, 3, 0, 0
0.082922, 11, -6, 0, 0
0.083122, 5, 22, 0, 0
0.083322, 11, 6, 0, 0
0.083522, -5, 29, 0, 0
0.083722, 0, 0, 0, 0
0.083922, -5, 3, 0, 0
0.084122, -16, 22, 0, 0
0.084322, -5, 3, 0, 0
0.084522, -5, 3, 0, 0
0.084722, 5, 9, 0, 0
0.084922, -5, 16, 0, 0
0.085122, 0, -13, 0, 0
0.085322, 0, 13, 0, 0
0.085522, 0, 0, 0, 0
0.085722, -50, 29, 0, 0
0.085922, 0, -13, 0, 0
0.086122, 0, 13, 0, 0
0.086322, 0, 13, 0, 0
0.086522, -5, 3, 0, 0
0.086722, 39, -55, 0, 0
0.086922, -5, 16, 0, 0
0.087122, 0, 0, 0, 0
0.087322, 39, -10, 0, 0
0.087522, -5, 3, 0, 0
0.087722, -16, 23, 0, 0
0.087924, -5, 3, 0, 0
0.088122, -17, 9, 0, 0
0.088322, -11, -6, 0, 0
0.088522, 0, -13, 0, 0
0.088722, 0, 0, 0, 0
0.088922, 0, 13, 0, 0
0.089122, 0, 26, 0, 0
0.089322, -5, 16, 0, 0
0.089522, -5, -9, 0, 0
0.089722, -5, 29, 0, 0
0.089922, 39, 3, 0, 0
0.090122, -5, -9, 0, 0
0.090322, -5, -9, 0, 0
0.090522, 0, -13, 0, 0
0.090722, 0, 13, 0, 0
0.090922, 0, 26, 0, 0
0.091122, 0, 0, 0, 0
0.091322, -5, 29, 0, 0
0.091522, -73, 15, 0, 0
0.091722, -5, 107, 0, 0
0.091922, -5, -9, 0, 0
0.092122, -5, 29, 0, 0
0.092322, 0, 13, 0, 0
0.092522, -5, 16, 0, 0
0.092722, -5, 16, 0, 0
0.092922, 0, -13, 0, 0
0.093122, 0, 0, 0, 0
0.093322, -5, 3, 0, 0
0.093522, -5, -9, 0, 0
0.093722, -5, 3, 0, 0
0.093922, -5, 3, 0, 0
0.094122, -16, 9, 0, 0
0.094322, -5, 16, 0, 0
0.094522, -11, 19, 0, 0
0.094722, 5, -3, 0, 0
0.094922, 0, 13, 0, 0
0.095122, -5, 3, 0, 0
0.095322, -5, 16, 0, 0
0.095522, 39, -22, 0, 0
0.095722, 0, 26, 0, 0
0.095922, -5, 3, 0, 0
0.096122, 10, -45, 0, 0
0.096322, -5, -9, 0, 0
0.096522, 5, -3, 0, 0
0.096722, -5, 42, 0, 0
0.096922, 0, 13, 0, 0
0.097122, 0, 0, 0, 0
0.097322, 0, -13, 0, 0
0.097522, 0, 13, 0, 0
0.097722, 39, -22, 0, 0
0.097922, -10, 45, 0, 0
0.098122, 22, -13, 0, 0
0.098322, 0, 0, 0, 0
0.098522, -5, -9, 0, 0
0.098722, -5, 29, 0, 0
0.098922, -5, -9, 0, 0
0.099122, 0, 0, 0, 0
0.099322, -10, 32, 0, 0
0.099522, -5, 3, 0, 0
0.099722, -50, 29, 0, 0
0.099922, -50, 55, 0, 0
0.000122, 39, -22, 0, 0
0.000322, -5, 16, 0, 0
0.000522, 0, 0, 0, 0
0.000722, -5, -16, 0, 0
0.000922, -5, 3, 0, 0
0.001122, -5, 16, 0, 0
0.001322, 0, 0, 0, 0
0.001522, 22, -39, 0, 0
0.001722, -5, 3, 0, 0
0.001922, 0, 13, 0, 0
0.002122, 0, 26, 0, 0
0.002322, -11, 19, 0, 0
0.002522, -5, -9, 0, 0
0.002722, -5, 3, 0, 0
0.002922, -11, 45, 0, 0
0.003122, -5, 16, 0, 0
0.003322, -32, 97, 0, 0
0.003522, -11, 6, 0, 0
0.003722, 0, 0, 0, 0
0.003922, -5, 3, 0, 0
0.004122, 5, 9, 0, 0
0.004322, 0, -13, 0, 0
0.004522, 0, -13, 0, 0
0.004722, 0, 13, 0, 0
0.004922, 0, 26, 0, 0
0.005122, -5, -9, 0, 0
0.005322, -5, 29, 0, 0
0.005522, -5, 3, 0, 0
0.005722, 0, 0, 0, 0
0.005922, -5, 29, 0, 0
0.006122, -5, -9, 0, 0
0.006322, 0, 0, 0, 0
0.006522, 0, -13, 0, 0
0.006722, -5, 16, 0, 0
0.006922, 0, -13, 0, 0
0.007122, -5, 107, 0, 0
0.007322, 5, -16, 0, 0
0.007522, 0, 26, 0, 0
0.007722, 39, -22, 0, 0
0.007922, 0, 0, 0, 0
0.008122, 0, 0, 0, 0
0.008322, -5, 3, 0, 0
0.008522, -5, 29, 0, 0
0.008722, 0, 13, 0, 0
0.008922, -5, 3, 0, 0
0.009122, -5, 3, 0, 0
0.009322, 0, -13, 0, 0
0.009522, -6, -35, 0, 0
0.009724, -5, 29, 0, 0
0.009922, 0, 0, 0, 0
0.010122, -5, 3, 0, 0
0.010322, -5, 16, 0, 0
0.010522, 0, 13, 0, 0
0.010722, -5, 3, 0, 0
0.010922, 28, -16, 0, 0
0.011122, 0, 13, 0, 0
0.011322, -65, 104, 0, 0
0.011522, -5, 3, 0, 0
0.011722, 39, -36, 0, 0
0.011922, 0, 13, 0, 0
0.012122, -5, 3, 0, 0
0.012322, -28, 29, 0, 0
0.012522, -5, 3, 0, 0
0.012722, -50, 29, 0, 0
0.012922, -5, -9, 0, 0
0.013122, -5, 16, 0, 0
0.013322, 5, 22, 0, 0
0.013524, 5, -3, 0, 0
0.013722, -5, 16, 0, 0
0.013922, 0, 0, 0, 0
0.014122, -11, 13, 0, 0
0.014322, -5, 16, 0, 0
0.014522, 0, 0, 0, 0
0.014722, 0, -52, 0, 0
0.014922, -5, 29, 0, 0
0.015122, -5, 3, 0, 0
0.015322, -5, -9, 0, 0
0.015524, -5, -9, 0, 0
0.015722, -5, 16, 0, 0
0.015922, 5, -3, 0, 0
0.016122, 0, 0, 0, 0
0.016322, 0, -13, 0, 0
0.016522, 0, -13, 0, 0
0.016722, -5, 16, 0, 0
0.016922, -5, 16, 0, 0
0.017122, 0, 13, 0, 0
0.017322, 22, 12, 0, 0
0.017522, 0, 13, 0, 0
0.017722, 0, 0, 0, 0
0.017922, 0, 0, 0, 0
0.018122, 5, 22, 0, 0
0.018322, -5, 16, 0, 0
0.018522, -5, 16, 0, 0
0.018722, 0, 0, 0, 0
0.018922, -16, 35, 0, 0
0.019124, 84, -62, 0, 0
0.019322, 0, 13, 0, 0
0.019524, -5, 35, 0, 0
0.019722, -5, 16, 0, 0
0.019922, -5, 29, 0, 0
0.020122, -5, 3, 0, 0
0.020322, 0, -13, 0, 0
0.020522, 0, 13, 0, 0
0.020722, 0, 0, 0, 0
0.020922, -33, 32, 0, 0
0.021122, 0, 0, 0, 0
0.021322, -5, -9, 0, 0
0.021522, -5, 29, 0, 0
0.021722, 0, 0, 0, 0
0.021922, -5, 3, 0, 0
0.022122, 0, 13, 0, 0
0.022322, -11, 32, 0, 0
0.022522, -11, 19, 0, 0
0.022722, -5, 3, 0, 0
0.022922, 0, 13, 0, 0
0.023122, -16, 23, 0, 0
0.023322, -5, -9, 0, 0
0.023522, 0, 13, 0, 0
0.023722, 0, 13, 0, 0
0.023922, -6, -35, 0, 0
0.024122, -10, 45, 0, 0
0.024322, 0, -13, 0, 0
0.024522, -5, 3, 0, 0
0.024722, 101, -59, 0, 0
0.024922, -5, 3, 0, 0
0.025122, 0, 13, 0, 0
0.025322, 0, -39, 0, 0
0.025522, -22, 26, 0, 0
0.025722, -90, 39, 0, 0
0.025922, 22, -13, 0, 0
0.026122, -5, -9, 0, 0
0.026322, -5, 3, 0, 0
0.026522, -28, 35, 0, 0
0.026722, -5, -9, 0, 0
0.026922, 5, -22, 0, 0
0.027122, 40, -75, 0, 0
0.027322, -5, 29, 0, 0
0.027522, -5, 16, 0, 0
0.027724, -5, 16, 0, 0
0.027922, -117, 146, 0, 0
0.028122, -5, 16, 0, 0
0.028322, -5, 3, 0, 0
0.028522, -5, -9, 0, 0
0.028722, 5, 9, 0, 0
0.028922, -5, 3, 0, 0
0.029122, -5, -22, 0, 0
0.029322, 5, 22, 0, 0
0.029522, 39, -62, 0, 0
0.029722, -5, 3, 0, 0
0.029922, 0, 0, 0, 0
0.030122, -39, 10, 0, 0
0.030322, -5, 3, 0, 0
0.030522, -5, 16, 0, 0
0.030722, -5, -9, 0, 0
0.030922, -5, 3, 0, 0
0.031122, 39, -36, 0, 0
0.031322, -50, 29, 0, 0
0.031522, -5, 16, 0, 0
0.031722, 0, -13, 0, 0
0.031922, -5, 3, 0, 0
0.032122, -5, 16, 0, 0
0.032322, 5, -3, 0, 0
0.032522, 129, -76, 0, 0
0.032722, 39, 3, 0, 0
0.032922, 0, -26, 0, 0
0.033122, 0, 13, 0, 0
0.033322, -5, -9, 0, 0
0.033522, 11, 26, 0, 0
0.033722, -124, 58, 0, 0
0.033922, -5, 3, 0, 0
0.034122, -96, 68, 0, 0
0.034322, -5, 3, 0, 0
0.034522, 0, -13, 0, 0
0.034722, -5, -9, 0, 0
0.034922, 0, 13, 0, 0
0.035122, -5, 3, 0, 0
0.035322, 0, 0, 0, 0
0.035522, -16, 9, 0, 0
0.035722, 0, 13, 0, 0
0.035920, -6, 29, 0, 0
0.036122, -16, 36, 0, 0
0.036322, 129, -75, 0, 0
0.036522, 16, -36, 0, 0
0.036722, -5, -9, 0, 0
0.036922, -28, 16, 0, 0
0.037122, 16, -36, 0, 0
0.037322, 11, -6, 0, 0
0.037522, -5, 3, 0, 0
0.037722, -17, 35, 0, 0
0.037922, 11, 19, 0, 0
0.038122, -5, 3, 0, 0
0.038322, 0, -13, 0, 0
0.038522, 0, -13, 0, 0
0.038720, -6, 29, 0, 0
0.038922, -11, 32, 0, 0
0.039122, 0, -13, 0, 0
0.039322, -5, 16, 0, 0
0.039522, 0, 0, 0, 0
0.039722, 0, 26, 0, 0
0.039920, 0, -13, 0, 0
0.040122, 67, -25, 0, 0
0.040322, -5, 16, 0, 0
0.040522, 0, 0, 0, 0
0.040722, -5, 16, 0, 0
0.040922, -5, 3, 0, 0
0.041122, 5, 22, 0, 0
0.041322, -5, -9, 0, 0
0.041522, -5, 16, 0, 0
0.041722, -11, 6, 0, 0
0.041922, -5, 3, 0, 0
0.042122, -5, 3, 0, 0
0.042322, -5, 29, 0, 0
0.042522, -5, 3, 0, 0
0.042722, 0, -13, 0, 0
0.042922, 0, -71, 0, 0
0.043122, 0, 0, 0, 0
0.043322, -5, 16, 0, 0
0.043522, -5, 16, 0, 0
0.043722, -5, -9, 0, 0
0.043922, 0, -13, 0, 0
0.044122, -5, -9, 0, 0
0.044322, -5, 16, 0, 0
0.044522, -5, 16, 0, 0
0.044722, 0, 13, 0, 0
0.044922, 0, 0, 0, 0
0.045120, -5, 3, 0, 0
0.045322, -5, 29, 0, 0
0.045520, -5, 16, 0, 0
0.045722, -5, -22, 0, 0
0.045922, 0, -26, 0, 0
0.046122, -5, 29, 0, 0
0.046322, 45, -32, 0, 0
0.046522, 11, -19, 0, 0
0.046722, -5, 3, 0, 0
0.046922, 0, -45, 0, 0
0.047122, 0, -13, 0, 0
0.047322, -5, 3, 0, 0
0.047522, -5, 3, 0, 0
0.047722, -5, 16, 0, 0
0.047922, 0, -13, 0, 0
0.048122, -28, 3, 0, 0
0.048322, -5, 3, 0, 0
0.048522, 0, 13, 0, 0
0.048722, -5, 3, 0, 0
0.048922, 0, -13, 0, 0
0.049120, 0, -52, 0, 0
0.049322, -5, -9, 0, 0
0.049522, 5, -3, 0, 0
0.049722, 0, 13, 0, 0
0.049922, 5, 9, 0, 0
0.050122, 0, 0, 0, 0
0.050322, 0, 0, 0, 0
0.050522, -22, -13, 0, 0
0.050722, -5, 3, 0, 0
0.050922, -6, 55, 0, 0
0.051122, 0, 0, 0, 0
0.051322, -5, 29, 0, 0
0.051522, 39, -35, 0, 0
0.051722, -22, 26, 0, 0
0.051922, -5, 107, 0, 0
0.052120, -17, 22, 0, 0
0.052322, -5, -9, 0, 0
0.052522, -5, -75, 0, 0
0.052720, -5, 3, 0, 0
0.052922, -22, 45, 0, 0
0.053122, 0, 26, 0, 0
0.053322, -45, 25, 0, 0
0.053522, -5, 16, 0, 0
0.053722, -5, -9, 0, 0
0.053922, 0, -39, 0, 0
0.054122, -5, 16, 0, 0
0.054322, -5, 16, 0, 0
0.054522, -5, 29, 0, 0
0.054722, 0, -13, 0, 0
0.054922, -5, 29, 0, 0
0.055122, 17, -22, 0, 0
0.055322, -5, 16, 0, 0
0.055522, -5, -35, 0, 0
0.055720, 0, 13, 0, 0
0.055922, 5, 22, 0, 0
0.056120, -5, 3, 0, 0
0.056322, -28, 29, 0, 0
0.056520, 0, 0, 0, 0
0.056722, 28, 22, 0, 0
0.056920, -5, 16, 0, 0
0.057122, -5, 3, 0, 0
0.057322, 0, -19, 0, 0
0.057520, 0, -39, 0, 0
0.057722, -5, 16, 0, 0
0.057922, 5, 9, 0, 0
0.058122, 0, 0, 0, 0
0.058322, 0, 13, 0, 0
0.058522, -5, -22, 0, 0
0.058722, 0, 26, 0, 0
0.058922, 0, 13, 0, 0
0.059122, 39, -23, 0, 0
0.059322, 5, 9, 0, 0
0.059522, 0, 0, 0, 0
0.059720, 5, 9, 0, 0
0.059922, 0, 13, 0, 0
0.060122, -5, 3, 0, 0
0.060322, 73, -29, 0, 0
0.060522, -5, 29, 0, 0
0.060720, 0, 6, 0, 0
0.060922, -5, -22, 0, 0
0.061122, 5, 9, 0, 0
0.061320, 46, -44, 0, 0
0.061522, -5, -9, 0, 0
0.061722, 11, 19, 0, 0
0.061922, 0, -13, 0, 0
0.062122, -142, 80, 0, 0
0.062322, -11, 6, 0, 0
0.062522, -5, 3, 0, 0
0.062722, -11, 19, 0, 0
0.062922, 0, 26, 0, 0
0.063120, 5, -16, 0, 0
0.063322, 0, -13, 0, 0
0.063522, 45, -13, 0, 0
0.063722, -5, -9, 0, 0
0.063922, -5, 3, 0, 0
0.064120, -5, 3, 0, 0
0.064322, -5, 3, 0, 0
0.064522, -5, -9, 0, 0
0.064722, -5, 3, 0, 0
0.064922, -5, -9, 0, 0
0.065122, -5, -9, 0, 0
0.065322, 0, 13, 0, 0
0.065522, -5, -9, 0, 0
0.065720, -5, 16, 0, 0
0.065922, 39, -35, 0, 0
0.066122, -5, 3, 0, 0
0.066320, 5, -16, 0, 0
0.066522, 0, -26, 0, 0
0.066722, 0, 0, 0, 0
0.066922, -5, 9, 0, 0
0.067122, -5, -9, 0, 0
0.067322, -17, 22, 0, 0
0.067522, 0, -13, 0, 0
0.067722, -5, 3, 0, 0
0.067922, -5, -9, 0, 0
0.068322, 39, -22, 0, 0
0.068522, 0, 0, 0, 0
0.068722, -17, 35, 0, 0
0.068922, -5, -9, 0, 0
0.069122, 0, 26, 0, 0
0.069320, 0, -13, 0, 0
0.069522, -5, 16, 0, 0
0.069722, 16, -9, 0, 0
0.069920, -12, 45, 0, 0
0.070122, -5, 3, 0, 0
0.070322, 0, 13, 0, 0
0.070522, 0, 0, 0, 0
0.070722, 5, 9, 0, 0
0.070922, 39, -9, 0, 0
0.071122, -5, 3, 0, 0
0.071322, 0, 0, 0, 0
0.071522, 0, -13, 0, 0
0.071722, 0, -13, 0, 0
0.071922, -5, 29, 0, 0
0.072122, 0, 0, 0, 0
0.072322, 0, -13, 0, 0
0.072520, 39, -22, 0, 0
0.072722, 39, -22, 0, 0
0.072922, 5, -3, 0, 0
0.073120, 0, 0, 0, 0
0.073322, 0, 0, 0, 0
0.073522, -5, 16, 0, 0
0.073722, 39, -35, 0, 0
0.073920, -5, 3, 0, 0
0.074122, 11, -19, 0, 0
0.074322, -5, 3, 0, 0
0.074522, 22, -39, 0, 0
0.074720, -5, -9, 0, 0
0.074922, 0, 13, 0, 0
0.075122, -5, 3, 0, 0
0.075322, 0, 0, 0, 0
0.075522, -5, 16, 0, 0
0.075722, 0, 0, 0, 0
0.075922, 5, -3, 0, 0
0.076122, 0, 0, 0, 0
0.076322, -16, 9, 0, 0
0.076522, 0, -13, 0, 0
0.076720, -5, 3, 0, 0
0.076922, 0, 0, 0, 0
0.077122, -28, 42, 0, 0
0.077322, 0, 13, 0, 0
0.077522, 0, 13, 0, 0
0.077722, -45, 39, 0, 0
0.077922, 0, 13, 0, 0
0.078122, 0, 0, 0, 0
0.078320, -22, 0, 0, 0
0.078522, 5, 9, 0, 0
0.078720, -5, 16, 0, 0
0.078922, 0, 13, 0, 0
0.079122, 39, -9, 0, 0
0.079320, -6, 16, 0, 0
0.079520, -5, 16, 0, 0
0.079720, -11, 32, 0, 0
0.079922, -5, -9, 0, 0
0.080120, -5, 3, 0, 0
0.080320, -34, 32, 0, 0
0.080520, 6, -81, 0, 0
0.080720, -5, 3, 0, 0
0.080920, -5, -9, 0, 0
0.081122, -5, 3, 0, 0
0.081322, 0, 26, 0, 0
0.081522, -5, 3, 0, 0
0.081722, 0, 0, 0, 0
0.081922, -5, -9, 0, 0
0.082120, 11, 6, 0, 0
0.082320, -6, 29, 0, 0
0.082522, 0, 0, 0, 0
0.082720, 0, 0, 0, 0
0.082920, -5, 3, 0, 0
0.083120, -28, 28, 0, 0
0.083320, -5, -9, 0, 0
0.083522, -5, 3, 0, 0
0.083722, -51, 42, 0, 0
0.083920, 5, 9, 0, 0
0.084120, 39, -22, 0, 0
0.084322, -5, 3, 0, 0
0.084522, 11, -32, 0, 0
0.084720, 17, -9, 0, 0
0.084920, -5, 3, 0, 0
0.085120, -6, 29, 0, 0
0.085320, -5, 16, 0, 0
0.085520, -5, 3, 0, 0
0.085722, -5, -9, 0, 0
0.085922, -5, 3, 0, 0
0.086120, -5, 16, 0, 0
0.086320, -5, 3, 0, 0
0.086522, -5, -9, 0, 0
0.086720, -5, 3, 0, 0
0.086922, 0, -32, 0, 0
0.087120, 0, 13, 0, 0
0.087322, -5, 16, 0, 0
0.087522, -5, 3, 0, 0
0.087720, 40, -35, 0, 0
0.087920, 5, 9, 0, 0
0.088120, -5, 16, 0, 0
0.088320, 5, 9, 0, 0
0.088522, 0, 0, 0, 0
0.088722, 0, 0, 0, 0
0.088920, 1, -91, 0, 0
0.089120, 0, -13, 0, 0
0.089320, -5, -9, 0, 0
0.089520, -22, 0, 0, 0
0.089720, -5, 3, 0, 0
0.089920, 5, -3, 0, 0
0.090120, -5, 3, 0, 0
0.090320, 0, 0, 0, 0
0.090520, 6, -16, 0, 0
0.090720, 41, -74, 0, 0
0.090920, 0, 0, 0, 0
0.091120, 11, -19, 0, 0
0.091320, 0, -13, 0, 0
0.091530, -6, 16, 0, 0
0.091720, 17, -22, 0, 0
0.091920, 11, 6, 0, 0
0.092120, -23, 25, 0, 0
0.092330, 0, -13, 0, 0
0.092520, -5, -9, 0, 0
0.092728, -5, -16, 0, 0
0.092920, 0, 26, 0, 0
0.093120, 11, -19, 0, 0
0.093330, 5, -3, 0, 0
0.093528, 5, -3, 0, 0
0.093728, 0, 13, 0, 0
0.093920, -5, -9, 0, 0
0.094128, 40, -21, 0, 0
0.094320, -34, 18, 0, 0
0.094520, -6, 16, 0, 0
0.094728, -1, 39, 0, 0
0.094928, -6, 16, 0, 0
0.095120, 0, 0, 0, 0
0.095328, 0, -13, 0, 0
0.095528, -5, -9, 0, 0
0.095728, -5, 3, 0, 0
0.095930, 0, -13, 0, 0
0.096128, 6, -16, 0, 0
0.096328, -5, -9, 0, 0
0.096528, -18, 35, 0, 0
0.096728, -6, 16, 0, 0
0.096928, 0, 13, 0, 0
0.097128, 11, -19, 0, 0
0.097328, -6, 29, 0, 0
0.097528, 0, -13, 0, 0
0.097728, -5, 3, 0, 0
0.097930, 0, 13, 0, 0
0.098128, -6, 16, 0, 0
0.098328, -34, 18, 0, 0
0.098528, 18, -35, 0, 0
0.098730, -5, 3, 0, 0
0.098920, -5, 3, 0, 0
0.099128, -6, 29, 0, 0
0.099330, -5, 3, 0, 0
0.099528, 0, 0, 0, 0
0.099728, 39, -8, 0, 0
0.099928, 0, -13, 0, 0
0.000128, 0, -19, 0, 0
0.000328, 0, 0, 0, 0
0.000528, 0, -13, 0, 0
0.000728, -126, 54, 0, 0
0.000930, 1, -26, 0, 0
0.001128, -17, 9, 0, 0
0.001320, -5, 9, 0, 0
0.001528, 0, -13, 0, 0
0.001730, 0, 0, 0, 0
0.001920, 0, 13, 0, 0
0.002120, -5, -9, 0, 0
0.002330, 86, -58, 0, 0
0.002528, 0, 13, 0, 0
0.002720, 0, -13, 0, 0
0.002928, 11, -19, 0, 0
0.003128, -5, 3, 0, 0
0.003320, -23, 25, 0, 0
0.003520, 0, -19, 0, 0
0.003720, 11, -6, 0, 0
0.003922, 22, -6, 0, 0
0.004130, -5, 3, 0, 0
0.004328, 40, -21, 0, 0
0.004520, -5, -9, 0, 0
0.004720, -5, 16, 0, 0
0.004920, 5, -3, 0, 0
0.005120, 5, 22, 0, 0
0.005320, 0, 13, 0, 0
0.005520, -5, 3, 0, 0
0.005720, 11, -19, 0, 0
0.005920, -5, 3, 0, 0
0.006120, -5, 3, 0, 0
0.006320, 0, -13, 0, 0
0.006528, -17, 22, 0, 0
0.006730, -6, 16, 0, 0
0.006920, 11, -19, 0, 0
0.007120, -86, 60, 0, 0
0.007328, 6, -16, 0, 0
0.007520, 0, 0, 0, 0
0.007720, -5, 3, 0, 0
0.007920, -5, 16, 0, 0
0.008120, 0, 13, 0, 0
0.008330, 0, 0, 0, 0
0.008520, -6, 29, 0, 0
0.008720, -5, 16, 0, 0
0.008920, 5, -3, 0, 0
0.009120, 0, -13, 0, 0
0.009328, -5, -9, 0, 0
0.009520, 0, 0, 0, 0
0.009720, -75, 118, 0, 0
0.009920, -5, 3, 0, 0
0.010120, -17, 22, 0, 0
0.010320, 0, -13, 0, 0
0.010528, -5, 3, 0, 0
0.010728, -5, -9, 0, 0
0.010920, 0, 13, 0, 0
0.011120, 0, 0, 0, 0
0.011320, 0, 13, 0, 0
0.011520, -6, 29, 0, 0
0.011720, -1, 65, 0, 0
0.011920, 0, 0, 0, 0
0.012120, -5, -9, 0, 0
0.012320, 0, -13, 0, 0
0.012520, -17, 9, 0, 0
0.012720, 0, 0, 0, 0
0.012920, -34, 19, 0, 0
0.013120, 11, -6, 0, 0
0.013320, 0, 0, 0, 0
0.013520, -5, -22, 0, 0
0.013720, 5, -3, 0, 0
0.013920, 0, -13, 0, 0
0.014120, -6, 42, 0, 0
0.014320, 0, 6, 0, 0
0.014520, -52, 54, 0, 0
0.014720, -5, 3, 0, 0
0.014920, 5, -3, 0, 0
0.015120, 0, -13, 0, 0
0.015320, -5, 3, 0, 0
0.015520, 40, -35, 0, 0
0.015720, -6, 16, 0, 0
0.015920, -5, 3, 0, 0
0.016120, -6, 29, 0, 0
0.016320, -5, 16, 0, 0
0.016520, -6, 16, 0, 0
0.016728, 0, -13, 0, 0
0.016920, 0, 0, 0, 0
0.017120, 0, 0, 0, 0
0.017328, 0, 13, 0, 0
0.017520, -5, 3, 0, 0
0.017728, 0, -13, 0, 0
0.017920, -11, 6, 0, 0
0.018120, -5, 3, 0, 0
0.018320, 39, -22, 0, 0
0.018520, -11, 19, 0, 0
0.018920, -5, -9, 0, 0
0.019120, 5, -3, 0, 0
0.019320, -5, -9, 0, 0
0.019528, -17, 22, 0, 0
0.019720, 0, 0, 0, 0
0.019920, 0, 0, 0, 0
0.020120, -17, 22, 0, 0
0.020320, -5, 3, 0, 0
0.020520, -5, 16, 0, 0
0.020720, -11, 19, 0, 0
0.020920, -5, -9, 0, 0
0.021120, -5, 16, 0, 0
0.021320, -17, 22, 0, 0
0.021528, 0, 13, 0, 0
0.021720, -5, 3, 0, 0
0.021920, -6, 29, 0, 0
0.022130, -5, 3, 0, 0
0.022322, 0, 13, 0, 0
0.022520, 39, -9, 0, 0
0.022728, 5, -3, 0, 0
0.022920, -5, 3, 0, 0
0.023120, -6, 29, 0, 0
0.023320, -5, 16, 0, 0
0.023530, -11, 6, 0, 0
0.023720, -5, 3, 0, 0
0.023920, 0, 0, 0, 0
0.024128, 0, 13, 0, 0
0.024320, -5, 3, 0, 0
0.024520, -5, 3, 0, 0
0.024720, 5, -3, 0, 0
0.024920, 22, -12, 0, 0
0.025120, 0, 0, 0, 0
0.025320, 0, 0, 0, 0
0.025520, -5, -36, 0, 0
0.025722, 0, -26, 0, 0
0.025920, 0, 0, 0, 0
0.026120, -17, 9, 0, 0
0.026320, 0, 0, 0, 0
0.026520, -5, -9, 0, 0
0.026720, 0, 13, 0, 0
0.026920, 0, 0, 0, 0
0.027120, 0, 0, 0, 0
0.027320, 0, 26, 0, 0
0.027528, 11, -6, 0, 0
0.027720, -5, 3, 0, 0
0.027922, 5, -16, 0, 0
0.028120, -5, 3, 0, 0
0.028320, -17, 35, 0, 0
0.028520, -51, 28, 0, 0
0.028720, 40, -48, 0, 0
0.028928, -5, -9, 0, 0
0.029120, -5, 3, 0, 0
0.029328, 57, -17, 0, 0
0.029528, -4, -23, 0, 0
0.029720, -6, 16, 0, 0
0.029920, 28, -2, 0, 0
0.030120, 0, 0, 0, 0
0.030320, 0, 0, 0, 0
0.030520, 41, -100, 0, 0
0.030720, -5, -9, 0, 0
0.030920, 0, 26, 0, 0
0.031120, 0, 26, 0, 0
0.031320, 0, 0, 0, 0
0.031520, 11, -32, 0, 0
0.031920, -6, 16, 0, 0
0.032128, 0, 0, 0, 0
0.032320, -5, 3, 0, 0
0.032520, -5, -9, 0, 0
0.032728, -5, -9, 0, 0
0.032920, 0, -13, 0, 0
0.033120, -5, -16, 0, 0
0.033320, -6, 16, 0, 0
0.033530, -6, 29, 0, 0
0.033720, 0, -13, 0, 0
0.033928, -6, 29, 0, 0
0.034120, -6, 29, 0, 0
0.034320, -279, 156, 0, 0
0.034528, -5, -9, 0, 0
0.034728, -6, 16, 0, 0
0.034920, -17, 22, 0, 0
0.035120, -5, 3, 0, 0
0.035328, -5, -9, 0, 0
0.035520, -5, -9, 0, 0
0.035720, 0, 0, 0, 0
0.035920, 0, 0, 0, 0
0.036120, -5, 16, 0, 0
0.036320, -47, 90, 0, 0
0.036520, -12, 32, 0, 0
0.036720, 39, -8, 0, 0
0.036920, -6, 29, 0, 0
0.037120, -5, 3, 0, 0
0.037328, -6, 16, 0, 0
0.037520, 0, -13, 0, 0
0.037720, 40, -35, 0, 0
0.037920, 0, 0, 0, 0
0.038120, 40, -35, 0, 0
0.038320, -5, -9, 0, 0
0.038528, 10, 19, 0, 0
0.038720, -5, -9, 0, 0
0.038920, 0, 26, 0, 0
0.039120, 0, 0, 0, 0
0.039320, -6, 29, 0, 0
0.039528, 0, 0, 0, 0
0.039720, -5, 3, 0, 0
0.039920, 0, -13, 0, 0
0.040130, 0, 13, 0, 0
0.040320, -5, 3, 0, 0
0.040530, -17, 22, 0, 0
0.040730, 0, -26, 0, 0
0.040920, -97, 79, 0, 0
0.041120, -12, 45, 0, 0
0.041330, -6, 29, 0, 0
0.041520, 40, -21, 0, 0
0.041720, -22, 12, 0, 0
0.041920, -17, 22, 0, 0
0.042120, 11, -19, 0, 0
0.042320, 5, -16, 0, 0
0.042520, -11, 19, 0, 0
0.042720, 0, 13, 0, 0
0.042920, -6, 29, 0, 0
0.043120, 11, -6, 0, 0
0.043328, 39, -8, 0, 0
0.043520, 11, -19, 0, 0
0.043722, 5, -16, 0, 0
0.043920, 5, -3, 0, 0
0.044120, -5, 16, 0, 0
0.044320, 0, 0, 0, 0
0.044520, 11, -19, 0, 0
0.044720, -5, 3, 0, 0
0.044928, -6, 29, 0, 0
0.045120, 17, -35, 0, 0
0.045328, -98, 65, 0, 0
0.045520, -5, 3, 0, 0
0.045722, -5, 16, 0, 0
0.045920, -5, 16, 0, 0
0.046122, 11, 6, 0, 0
0.046328, 4, 23, 0, 0
0.046530, -2, -101, 0, 0
0.046720, -5, -9, 0, 0
0.046928, -6, 29, 0, 0
0.047128, -6, 16, 0, 0
0.047320, 0, 26, 0, 0
0.047520, 5, 22, 0, 0
0.047730, -5, 3, 0, 0
0.047928, 11, -6, 0, 0
0.048120, 6, -22, 0, 0
0.048330, 10, 19, 0, 0
0.048520, 0, 0, 0, 0
0.048720, 0, 0, 0, 0
0.048920, 0, -13, 0, 0
0.049120, -5, -9, 0, 0
0.049320, 0, -19, 0, 0
0.049520, 0, 13, 0, 0
0.049720, 0, 0, 0, 0
0.049928, -5, -9, 0, 0
0.050130, -6, 16, 0, 0
0.050328, -17, 22, 0, 0
0.050528, 5, -3, 0, 0
0.050720, -5, 16, 0, 0
0.050920, -5, -9, 0, 0
0.051120, -5, -9, 0, 0
0.051328, -6, 16, 0, 0
0.051520, 0, 13, 0, 0
0.051720, 40, -21, 0, 0
0.051920, -5, 3, 0, 0
0.052130, 11, 6, 0, 0
0.052320, -5, -3, 0, 0
0.052520, 39, -22, 0, 0
0.052730, -5, -9, 0, 0
0.052930, -5, 3, 0, 0
0.053120, 0, 13, 0, 0
0.053330, 0, 13, 0, 0
0.053528, -5, -9, 0, 0
0.053728, 0, 0, 0, 0
0.053920, -5, 3, 0, 0
0.054130, -6, 16, 0, 0
0.054320, 0, 13, 0, 0
0.054520, -6, 16, 0, 0
0.054728, 0, 0, 0, 0
0.054920, -5, -9, 0, 0
0.055120, -5, -9, 0, 0
0.055320, 0, 26, 0, 0
0.055520, 0, 0, 0, 0
0.055728, -5, 3, 0, 0
0.055920, -5, 16, 0, 0
0.056128, 48, 63, 0, 0
0.056320, -6, 16, 0, 0
0.056530, -6, 29, 0, 0
0.056728, -5, 3, 0, 0
0.056920, -17, 22, 0, 0
0.057120, 0, 0, 0, 0
0.057320, -11, 6, 0, 0
0.057520, -5, 16, 0, 0
0.057720, 0, -13, 0, 0
0.057920, -6, 29, 0, 0
0.058120, 0, 26, 0, 0
0.058320, -5, 3, 0, 0
0.058520, 5, -3, 0, 0
0.058720, -5, 3, 0, 0
0.058920, -1, 91, 0, 0
0.059130, 22, 0, 0, 0
0.059320, -6, 16, 0, 0
0.059520, 0, 0, 0, 0
0.059720, -5, 3, 0, 0
0.059920, -5, -9, 0, 0
0.060120, -5, -9, 0, 0
0.060320, 39, -22, 0, 0
0.060520, 16, 3, 0, 0
0.060720, 2, -143, 0, 0
0.060922, 45, -38, 0, 0
0.061120, -11, 6, 0, 0
0.061320, -6, 16, 0, 0
0.061520, 0, 26, 0, 0
0.061720, -5, -9, 0, 0
0.061920, 0, 0, 0, 0
0.062128, -5, -9, 0, 0
0.062320, -5, 3, 0, 0
0.062520, 0, 13, 0, 0
0.062730, -6, 29, 0, 0
0.062920, -5, -9, 0, 0
0.063128, -5, 3, 0, 0
0.063330, -6, 16, 0, 0
0.063520, -5, -9, 0, 0
0.063720, 22, -12, 0, 0
0.063920, -5, -9, 0, 0
0.064120, -11, 32, 0, 0
0.064320, -5, -9, 0, 0
0.064522, 90, -64, 0, 0
0.064730, -5, 3, 0, 0
0.064928, -5, 3, 0, 0
0.065120, -6, 29, 0, 0
0.065320, 0, 0, 0, 0
0.065520, -5, 3, 0, 0
0.065720, -6, 16, 0, 0
0.065920, 0, 13, 0, 0
0.066130, 5, -3, 0, 0
0.066320, -17, 9, 0, 0
0.066520, 17, -9, 0, 0
0.066720, -51, 28, 0, 0
0.066920, -6, 16, 0, 0
0.067120, 0, 0, 0, 0
0.067328, 11, -6, 0, 0
0.067520, 39, -8, 0, 0
0.067720, -5, -9, 0, 0
0.067920, -5, 3, 0, 0
0.068130, -6, 29, 0, 0
0.068320, 5, -3, 0, 0
0.068528, -144, 103, 0, 0
0.068722, -5, 3, 0, 0
0.068920, -5, -9, 0, 0
0.069128, -5, -9, 0, 0
0.069320, -5, -9, 0, 0
0.069520, 10, 19, 0, 0
0.069728, -5, 3, 0, 0
0.069930, 0, 6, 0, 0
0.070120, 0, -13, 0, 0
0.070320, -5, 3, 0, 0
0.070528, -5, 3, 0, 0
0.070728, 0, 0, 0, 0
0.070920, 5, -3, 0, 0
0.071128, 11, 6, 0, 0
0.071320, 0, -6, 0, 0
0.071520, 17, -35, 0, 0
0.071720, -5, 16, 0, 0
0.071928, -5, -9, 0, 0
0.072120, 0, 13, 0, 0
0.072328, -6, 16, 0, 0
0.072520, 0, 0, 0, 0
0.072720, 0, 0, 0, 0
0.072930, -5, 3, 0, 0
0.073120, 0, -13, 0, 0
0.073330, -5, -9, 0, 0
0.073520, -17, 35, 0, 0
0.073720, -5, 3, 0, 0
0.073920, 39, 3, 0, 0
0.074120, -6, 16, 0, 0
0.074320, -70, 141, 0, 0
0.074520, -5, 3, 0, 0
0.074720, -5, 3, 0, 0
0.074920, 39, -9, 0, 0
0.075120, 0, 0, 0, 0
0.075328, -6, 16, 0, 0
0.075520, -80, 70, 0, 0
0.075722, 0, 0, 0, 0
0.075920, -6, 16, 0, 0
0.076120, 17, -9, 0, 0
0.076320, 9, 98, 0, 0
0.076528, -17, 9, 0, 0
0.076728, 0, 26, 0, 0
0.076920, 0, 0, 0, 0
0.077128, 0, 13, 0, 0
0.077320, 0, 0, 0, 0
0.077520, -5, -9, 0, 0
0.077722, -5, 16, 0, 0
0.077928, 4, 23, 0, 0
0.078122, -73, 41, 0, 0
0.078320, 0, 26, 0, 0
0.078520, 5, -3, 0, 0
0.078720, -5, 3, 0, 0
0.078920, -6, 29, 0, 0
0.079120, -5, 3, 0, 0
0.079320, -5, 16, 0, 0
0.079520, 45, -25, 0, 0
0.079728, -5, 3, 0, 0
0.079920, 0, 0, 0, 0
0.080120, -5, 3, 0, 0
0.080320, 0, 13, 0, 0
0.080520, 0, -13, 0, 0
0.080720, 17, -22, 0, 0
0.080928, -5, 3, 0, 0
0.081120, -6, 29, 0, 0
0.081320, 0, 26, 0, 0
0.081520, -143, 91, 0, 0
0.081730, -5, 3, 0, 0
0.081930, 0, 26, 0, 0
0.082120, 0, 0, 0, 0
0.082320, -5, 16, 0, 0
0.082520, 0, 13, 0, 0
0.082720, 11, 6, 0, 0
0.082920, -5, 3, 0, 0
0.083128, 0, -13, 0, 0
0.083330, -6, 16, 0, 0
0.083520, 0, 26, 0, 0
0.083730, -6, 29, 0, 0
0.083920, -5, -9, 0, 0
0.084328, 0, 13, 0, 0
0.084528, 0, -13, 0, 0
0.084720, -11, 19, 0, 0
0.084928, 39, 4, 0, 0
0.085128, 17, -9, 0, 0
0.085328, 12, -32, 0, 0
0.085520, -5, 3, 0, 0
0.085720, 0, 19, 0, 0
0.085920, 5, 22, 0, 0
0.086120, -23, 25, 0, 0
0.086320, -5, 3, 0, 0
0.086520, 11, 6, 0, 0
0.086728, 0, 0, 0, 0
0.086920, 11, -19, 0, 0
0.087120, 0, 0, 0, 0
0.087320, -5, 3, 0, 0
0.087528, -6, 16, 0, 0
0.087720, -34, 19, 0, 0
0.087920, -5, 3, 0, 0
0.088120, -6, 29, 0, 0
0.088320, -11, -13, 0, 0
0.088520, 0, -13, 0, 0
0.088720, 39, -9, 0, 0
0.088920, -6, 16, 0, 0
0.089122, 0, -13, 0, 0
0.089320, 0, 0, 0, 0
0.089520, -6, 16, 0, 0
0.089720, -5, 16, 0, 0
0.089920, -5, 3, 0, 0
0.090130, -5, 3, 0, 0
0.090320, 17, -22, 0, 0
0.090528, 0, 0, 0, 0
0.090720, 5, -3, 0, 0
0.090920, 0, 13, 0, 0
0.091120, -5, 3, 0, 0
0.091320, -5, 16, 0, 0
0.091520, -5, 3, 0, 0
0.091720, -17, 22, 0, 0
0.091920, 39, -22, 0, 0
0.092120, -5, -9, 0, 0
0.092320, 22, -19, 0, 0
0.092520, -5, 3, 0, 0
0.092728, -6, 16, 0, 0
0.092928, 0, 0, 0, 0
0.093130, -34, 5, 0, 0
0.093328, -5, 3, 0, 0
0.093520, -5, -9, 0, 0
0.093728, -5, 3, 0, 0
0.093920, 0, 0, 0, 0
0.094120, -17, 22, 0, 0
0.094328, -6, 29, 0, 0
0.094520, -51, 28, 0, 0
0.094920, -6, 16, 0, 0
0.095120, 0, 0, 0, 0
0.095320, -5, -9, 0, 0
0.095520, 0, 26, 0, 0
0.095730, -6, 16, 0, 0
0.095920, -5, 3, 0, 0
0.096120, 28, -15, 0, 0
0.096320, 0, 13, 0, 0
0.096528, -5, 3, 0, 0
0.096720, -17, 9, 0, 0
0.096928, 40, -34, 0, 0
0.097120, 39, 3, 0, 0
0.097320, -5, 3, 0, 0
0.097520, -6, 16, 0, 0
0.097720, 0, 0, 0, 0
0.097920, 0, -13, 0, 0
0.098128, -6, 29, 0, 0
0.098320, -46, 38, 0, 0
0.098520, -6, 16, 0, 0
0.098720, -5, 3, 0, 0
0.098920, -5, -9, 0, 0
0.099120, -5, 3, 0, 0
0.099320, 0, 0, 0, 0
0.099520, 40, -21, 0, 0
0.099730, 11, -6, 0, 0
0.099920, -5, -9, 0, 0
0.000120, -17, 9, 0, 0
0.000320, -6, 16, 0, 0
0.000530, -6, 16, 0, 0
0.000720, -86, 73, 0, 0
0.000920, -6, 29, 0, 0
0.001120, 5, 22, 0, 0
0.001320, -28, 2, 0, 0
0.001520, -5, 16, 0, 0
0.001728, -6, 16, 0, 0
0.001920, -5, 3, 0, 0
0.002120, -5, 16, 0, 0
0.002320, 17, -9, 0, 0
0.002520, -5, 16, 0, 0
0.002728, -6, 16, 0, 0
0.002920, -6, 29, 0, 0
0.003120, 6, -16, 0, 0
0.003320, 0, 0, 0, 0
0.003520, -17, 35, 0, 0
0.003720, 0, 26, 0, 0
0.003928, 39, -8, 0, 0
0.004120, 0, 26, 0, 0
0.004320, -17, 9, 0, 0
0.004520, 0, -13, 0, 0
0.004730, -23, 38, 0, 0
0.004920, 0, -13, 0, 0
0.005120, -5, 16, 0, 0
0.005320, -5, 3, 0, 0
0.005520, -22, 0, 0, 0
0.005720, 0, 26, 0, 0
0.005920, -6, 16, 0, 0
0.006120, 0, 0, 0, 0
0.006320, -5, 3, 0, 0
0.006520, -6, 16, 0, 0
0.006722, 11, -6, 0, 0
0.006920, -5, 3, 0, 0
0.007120, 1, -58, 0, 0
0.007320, 0, 0, 0, 0
0.007520, 0, 0, 0, 0
0.007720, 40, -35, 0, 0
0.007928, -17, 22, 0, 0
0.008120, -5, 3, 0, 0
0.008320, 0, 0, 0, 0
0.008528, -6, 16, 0, 0
0.008720, -6, 16, 0, 0
0.008928, 5, 9, 0, 0
0.009128, 39, -8, 0, 0
0.009320, 5, -3, 0, 0
0.009520, 0, -13, 0, 0
0.009720, -5, -22, 0, 0
0.009920, 17, -35, 0, 0
0.010120, -6, 16, 0, 0
0.010320, 0, 0, 0, 0
0.010520, -5, 16, 0, 0
0.010720, -6, 29, 0, 0
0.010920, -5, -9, 0, 0
0.011120, -6, 29, 0, 0
0.011328, -5, 3, 0, 0
0.011528, -5, 3, 0, 0
0.011720, 0, 26, 0, 0
0.011920, 0, 13, 0, 0
0.012120, 40, -35, 0, 0
0.012328, 0, 0, 0, 0
0.012530, 0, -13, 0, 0
0.012722, -5, 16, 0, 0
0.012920, -5, 3, 0, 0
0.013122, 0, 13, 0, 0
0.013320, 12, -97, 0, 0
0.013520, 0, 0, 0, 0
0.013730, -5, -9, 0, 0
0.013928, 0, 0, 0, 0
0.014120, -2, -205, 0, 0
0.014320, -6, 29, 0, 0
0.014520, -5, 3, 0, 0
0.014720, -51, 28, 0, 0
0.014928, -5, 3, 0, 0
0.015130, -6, 29, 0, 0
0.015328, -2, -88, 0, 0
0.015520, -28, 28, 0, 0
0.015720, -45, 0, 0, 0
0.015920, -5, 3, 0, 0
0.016128, -46, 37, 0, 0
0.016328, -28, 15, 0, 0
0.016520, 0, 0, 0, 0
0.016720, -5, 16, 0, 0
0.016920, 39, -22, 0, 0
0.017120, 28, -2, 0, 0
0.017328, -6, 16, 0, 0
0.017520, 11, -25, 0, 0
0.017720, 39, -22, 0, 0
0.017928, -6, 16, 0, 0
0.018130, 0, 0, 0, 0
0.018320, -5, 16, 0, 0
0.018520, -5, -9, 0, 0
0.018722, -5, -9, 0, 0
0.018920, -45, 25, 0, 0
0.019122, -5, 3, 0, 0
0.019320, -11, 6, 0, 0
0.019520, 0, 13, 0, 0
0.019728, 0, -19, 0, 0
0.019920, -6, 16, 0, 0
0.020120, -5, -9, 0, 0
0.020320, 0, 26, 0, 0
0.020520, 11, -6, 0, 0
0.020728, -5, -9, 0, 0
0.020920, -5, -9, 0, 0
0.021120, -6, 16, 0, 0
0.021320, 0, 0, 0, 0
0.021520, -5, 3, 0, 0
0.021720, -16, -3, 0, 0
0.021920, -51, 28, 0, 0
0.022120, 0, 26, 0, 0
0.022320, -5, 16, 0, 0
0.022520, -34, 5, 0, 0
0.022722, 5, 16, 0, 0
0.022920, -6, 16, 0, 0
0.023120, 0, 26, 0, 0
0.023320, -6, 16, 0, 0
0.023530, -5, 3, 0, 0
0.023728, -5, -9, 0, 0
0.023920, -6, 29, 0, 0
0.024120, -5, 3, 0, 0
0.024320, -5, 3, 0, 0
0.024520, 0, 0, 0, 0
0.024720, 0, 0, 0, 0
0.024920, 5, 9, 0, 0
0.025120, -5, 3, 0, 0
0.025328, -5, 3, 0, 0
0.025528, -17, 22, 0, 0
0.025720, -5, -9, 0, 0
0.025930, 0, 13, 0, 0
0.026120, -6, 16, 0, 0
0.026320, -5, -22, 0, 0
0.026520, 0, -26, 0, 0
0.026722, 0, 0, 0, 0
0.026920, 0, 13, 0, 0
0.027120, 40, -35, 0, 0
0.027320, -6, 29, 0, 0
0.027520, -5, -9, 0, 0
0.027720, -5, 3, 0, 0
0.027920, -5, 3, 0, 0
0.028128, 0, -13, 0, 0
0.028320, -5, 3, 0, 0
0.028520, -5, 3, 0, 0
0.028720, -5, -22, 0, 0
0.028920, -6, 29, 0, 0
0.029120, -5, -9, 0, 0
0.029320, -5, -9, 0, 0
0.029530, 39, 4, 0, 0
0.029728, -5, 3, 0, 0
0.029928, 0, 0, 0, 0
0.030120, 39, -22, 0, 0
0.030322, 39, -9, 0, 0
0.030520, -5, -9, 0, 0
0.030720, 17, -35, 0, 0
0.030920, -5, -9, 0, 0
0.031128, 0, -13, 0, 0
0.031320, 0, 13, 0, 0
0.031520, 0, 13, 0, 0
0.031720, -6, 16, 0, 0
0.031928, 0, 0, 0, 0
0.032120, -6, 29, 0, 0
0.032320, 85, -21, 0, 0
0.032520, -5, 3, 0, 0
0.032720, 0, -13, 0, 0
0.032920, -5, 3, 0, 0
0.033120, 1, -78, 0, 0
0.033328, 5, 3, 0, 0
0.033520, -5, -9, 0, 0
0.033720, 0, 0, 0, 0
0.033930, 0, 26, 0, 0
0.034120, 0, 26, 0, 0
0.034328, -6, 16, 0, 0
0.034520, 0, -13, 0, 0
0.034728, -6, 16, 0, 0
0.034920, 40, -21, 0, 0
0.035130, 0, -19, 0, 0
0.035320, 17, -29, 0, 0
0.035528, -6, 29, 0, 0
0.035720, 0, 13, 0, 0
0.035920, 0, 13, 0, 0
0.036120, 11, -6, 0, 0
0.036320, 0, 0, 0, 0
0.036520, -17, 35, 0, 0
0.036728, -46, 37, 0, 0
0.036920, -5, 3, 0, 0
0.037120, 0, -13, 0, 0
0.037320, -5, 3, 0, 0
0.037528, 0, 13, 0, 0
0.037720, -4, -88, 0, 0
0.037920, -5, -9, 0, 0
0.038128, 0, 26, 0, 0
0.038320, 0, 0, 0, 0
0.038520, -6, 29, 0, 0
0.038720, -46, 51, 0, 0
0.038930, -6, 16, 0, 0
0.039120, -5, -9, 0, 0
0.039320, 0, -13, 0, 0
0.039520, 0, 0, 0, 0
0.039720, -6, 16, 0, 0
0.039920, -52, 54, 0, 0
0.040120, -5, 16, 0, 0
0.040320, 17, -35, 0, 0
0.040520, -5, 3, 0, 0
0.040728, -46, 63, 0, 0
0.040920, -5, -9, 0, 0
0.041120, -5, -9, 0, 0
0.041320, 5, 22, 0, 0
0.041530, -5, 3, 0, 0
0.041728, -6, 16, 0, 0
0.041920, -5, 3, 0, 0
0.042120, -6, 16, 0, 0
0.042328, 0, 0, 0, 0
0.042520, 0, 13, 0, 0
0.042728, 0, 0, 0, 0
0.042920, -5, -9, 0, 0
0.043130, 0, 13, 0, 0
0.043320, -5, 3, 0, 0
0.043522, -5, 16, 0, 0
0.043730, -5, -9, 0, 0
0.043920, -6, 16, 0, 0
0.044120, -5, 16, 0, 0
0.044328, -34, 18, 0, 0
0.044520, 0, 13, 0, 0
0.044720, -3, -114, 0, 0
0.044920, -5, 3, 0, 0
0.045122, 11, -19, 0, 0
0.045320, 0, -13, 0, 0
0.045520, -5, 3, 0, 0
0.045720, 0, 26, 0, 0
0.045920, -5, 16, 0, 0
0.046120, -6, 16, 0, 0
0.046320, -6, 16, 0, 0
0.046520, -45, 25, 0, 0
0.046720, 0, 0, 0, 0
0.046920, -5, 16, 0, 0
0.047120, 0, 0, 0, 0
0.047320, -43, -79, 0, 0
0.047530, 0, 26, 0, 0
0.047720, 5, 22, 0, 0
0.047920, -5, 3, 0, 0
0.048128, -6, 16, 0, 0
0.048328, 46, -37, 0, 0
0.048522, -5, 16, 0, 0
0.048720, 0, -13, 0, 0
0.048920, 0, -13, 0, 0
0.049120, 41, -61, 0, 0
0.049328, 5, -3, 0, 0
0.049520, -5, 16, 0, 0
0.049720, -5, 16, 0, 0
0.049920, 5, -3, 0, 0
0.050120, -5, 3, 0, 0
0.050330, -6, 16, 0, 0
0.050520, 0, 0, 0, 0
0.050720, 0, 0, 0, 0
0.050928, 0, -26, 0, 0
0.051128, -5, 3, 0, 0
0.051320, -6, 29, 0, 0
0.051528, 6, -16, 0, 0
0.051720, -6, 29, 0, 0
0.051920, -10, -19, 0, 0
0.052128, 0, 26, 0, 0
0.052320, -5, -9, 0, 0
0.052530, -6, 29, 0, 0
0.052720, 39, -22, 0, 0
0.052920, 0, 0, 0, 0
0.053128, 11, 6, 0, 0
0.053320, -6, 29, 0, 0
0.053520, -5, 16, 0, 0
0.053720, -5, 3, 0, 0
0.053928, -5, -9, 0, 0
0.054120, -45, 38, 0, 0
0.054328, 0, 26, 0, 0
0.054520, 0, 13, 0, 0
0.054720, -5, -9, 0, 0
0.054928, -6, 16, 0, 0
0.055128, 0, -19, 0, 0
0.055328, 18, -48, 0, 0
0.055528, -23, 25, 0, 0
0.055730, -5, -9, 0, 0
0.055920, -6, 16, 0, 0
0.056120, -5, 16, 0, 0
0.056320, -5, 3, 0, 0
0.056520, -5, 3, 0, 0
0.056728, -6, 16, 0, 0
0.056920, -6, 16, 0, 0
0.057120, 16, 3, 0, 0
0.057320, -5, 3, 0, 0
0.057520, -6, 16, 0, 0
0.057728, 0, 26, 0, 0
0.057920, -5, 3, 0, 0
0.058120, -5, -9, 0, 0
0.058320, -5, 16, 0, 0
0.058528, -5, 3, 0, 0
0.058720, -5, 3, 0, 0
0.058920, -5, 3, 0, 0
0.059120, 0, 26, 0, 0
0.059320, 17, -22, 0, 0
0.059522, 0, 13, 0, 0
0.059720, -5, -9, 0, 0
0.059928, 0, 26, 0, 0
0.060120, -6, 29, 0, 0
0.060320, -5, 3, 0, 0
0.060520, 0, 26, 0, 0
0.060728, 0, 13, 0, 0
0.060920, -23, 32, 0, 0
0.061128, -5, -9, 0, 0
0.061320, -5, 3, 0, 0
0.061520, -5, 3, 0, 0
0.061720, -5, 3, 0, 0
0.061920, -5, -9, 0, 0
0.062130, 12, -32, 0, 0
0.062320, 5, -3, 0, 0
0.062528, -5, -9, 0, 0
0.062720, -5, 3, 0, 0
0.062920, 0, 13, 0, 0
0.063120, -52, 54, 0, 0
0.063320, -5, 16, 0, 0
0.063530, 5, -9, 0, 0
0.063720, -5, 16, 0, 0
0.063920, 2, -130, 0, 0
0.064120, -6, 29, 0, 0
0.064320, 40, -35, 0, 0
0.064528, -6, 29, 0, 0
0.064720, 0, 26, 0, 0
0.064920, -5, 16, 0, 0
0.065120, -6, 16, 0, 0
0.065328, -6, 16, 0, 0
0.065528, 17, -22, 0, 0
0.065730, -5, 195, 0, 0
0.065920, -6, 29, 0, 0
0.066120, -5, -9, 0, 0
0.066320, -6, 29, 0, 0
0.066520, -5, 3, 0, 0
0.066720, -5, -9, 0, 0
0.066920, -5, 3, 0, 0
0.067120, 0, 0, 0, 0
0.067320, 0, 6, 0, 0
0.067520, -17, 35, 0, 0
0.067720, -5, -9, 0, 0
0.067920, -5, 16, 0, 0
0.068120, 0, -13, 0, 0
0.068328, -6, 16, 0, 0
0.068528, -5, 3, 0, 0
0.068722, -11, 19, 0, 0
0.068920, 0, 0, 0, 0
0.069120, -6, 29, 0, 0
0.069328, -6, 16, 0, 0
0.069520, 0, -13, 0, 0
0.069720, 0, 13, 0, 0
0.069920, -5, -9, 0, 0
0.070120, 0, -13, 0, 0
0.070320, 10, 19, 0, 0
0.070520, 0, -13, 0, 0
0.070720, -5, 16, 0, 0
0.070920, -5, -9, 0, 0
0.071120, -5, 3, 0, 0
0.071320, -17, 35, 0, 0
0.071520, -5, 3, 0, 0
0.071720, -5, 16, 0, 0
0.071930, 0, 13, 0, 0
0.072120, -5, 16, 0, 0
0.072330, 0, 0, 0, 0
0.072520, 0, -26, 0, 0
0.072720, 0, 0, 0, 0
0.072928, 0, 0, 0, 0
0.073120, 17, -35, 0, 0
0.073320, -5, -9, 0, 0
0.073528, 40, -21, 0, 0
0.073720, -23, 38, 0, 0
0.073920, 0, 0, 0, 0
0.074128, -2, -114, 0, 0
0.074320, -5, -36, 0, 0
0.074520, -5, 3, 0, 0
0.074720, 5, -3, 0, 0
0.074920, -6, 16, 0, 0
0.075120, 0, 0, 0, 0
0.075320, -46, 83, 0, 0
0.075528, -5, 3, 0, 0
0.075720, 11, -6, 0, 0
0.075920, -5, 3, 0, 0
0.076120, 11, -6, 0, 0
0.076320, 0, 13, 0, 0
0.076520, 0, 13, 0, 0
0.076720, 0, 26, 0, 0
0.076928, -11, 19, 0, 0
0.077120, 0, 0, 0, 0
0.077320, 0, 0, 0, 0
0.077528, 39, -8, 0, 0
0.077728, -5, -9, 0, 0
0.077920, -5, 16, 0, 0
0.078128, -6, 29, 0, 0
0.078320, 11, -19, 0, 0
0.078528, -5, 3, 0, 0
0.078720, -5, -9, 0, 0
0.078920, -5, -9, 0, 0
0.079120, 16, 16, 0, 0
0.079320, -6, 16, 0, 0
0.079520, -5, 3, 0, 0
0.079720, -51, 28, 0, 0
0.079922, -5, 3, 0, 0
0.080120, -6, 16, 0, 0
0.080328, 40, -34, 0, 0
0.080528, -52, 54, 0, 0
0.080728, 0, 13, 0, 0
0.080928, -5, -9, 0, 0
0.081120, 0, -13, 0, 0
0.081320, 0, 13, 0, 0
0.081520, -6, 29, 0, 0
0.081720, 0, 26, 0, 0
0.081920, -22, 12, 0, 0
0.082120, -5, -9, 0, 0
0.082320, 5, -16, 0, 0
0.082520, 131, -59, 0, 0
0.082720, 0, 26, 0, 0
0.082920, -6, 29, 0, 0
0.083128, 5, 9, 0, 0
0.083320, 0, -13, 0, 0
0.083528, 0, 0, 0, 0
0.083920, 0, 0, 0, 0
0.084120, -5, -9, 0, 0
0.084328, 0, 0, 0, 0
0.084520, 39, -8, 0, 0
0.084728, 0, 0, 0, 0
0.084920, -5, 3, 0, 0
0.085120, -34, 19, 0, 0
0.085320, -4, -75, 0, 0
0.085520, 0, 0, 0, 0
0.085720, -5, -22, 0, 0
0.085920, -6, 29, 0, 0
0.086120, -5, -9, 0, 0
0.086330, 0, -13, 0, 0
0.086520, 11, -19, 0, 0
0.086720, 0, 0, 0, 0
0.086928, -6, 16, 0, 0
0.087120, -5, 16, 0, 0
0.087320, 0, -6, 0, 0
0.087520, 5, -16, 0, 0
0.087930, 0, -13, 0, 0
0.088120, -7, 133, 0, 0
0.088322, 0, 0, 0, 0
0.088528, -5, 3, 0, 0
0.088728, 5, -3, 0, 0
0.088920, 11, -19, 0, 0
0.089120, -5, 3, 0, 0
0.089328, -6, 16, 0, 0
0.089520, 0, 13, 0, 0
0.089720, -46, 51, 0, 0
0.089920, -5, 3, 0, 0
0.090122, 5, -29, 0, 0
0.090328, 0, 26, 0, 0
0.090522, 0, -13, 0, 0
0.090720, -4, -75, 0, 0
0.090920, -5, -9, 0, 0
0.091120, -6, 29, 0, 0
0.091328, 0, 0, 0, 0
0.091520, -5, 3, 0, 0
0.091720, 39, -9, 0, 0
0.091920, -5, 3, 0, 0
0.092120, -5, 3, 0, 0
0.092320, -6, 29, 0, 0
0.092520, -6, 29, 0, 0
0.092720, -5, -9, 0, 0
0.092920, 5, 9, 0, 0
0.093128, 0, 26, 0, 0
0.093320, 0, 26, 0, 0
0.093522, 5, 9, 0, 0
0.093720, 0, 0, 0, 0
0.093920, -5, 16, 0, 0
0.094120, -11, 19, 0, 0
0.094328, 0, 13, 0, 0
0.094520, -5, 3, 0, 0
0.094720, 0, 13, 0, 0
0.094920, 137, -62, 0, 0
0.095130, 5, 9, 0, 0
0.095320, 11, -6, 0, 0
0.095520, 0, 0, 0, 0
0.095720, -5, -9, 0, 0
0.095920, -5, 3, 0, 0
0.096120, -6, 16, 0, 0
0.096320, -5, 3, 0, 0
0.096528, -6, 16, 0, 0
0.096730, -46, 24, 0, 0
0.096920, 0, 0, 0, 0
0.097128, -23, 45, 0, 0
0.097328, 5, 23, 0, 0
0.097530, 0, -13, 0, 0
0.097720, 0, 13, 0, 0
0.097920, -6, 29, 0, 0
0.098128, -5, -9, 0, 0
0.098320, -5, 3, 0, 0
0.098520, 0, 13, 0, 0
0.098720, 6, -42, 0, 0
0.098920, 5, 9, 0, 0
0.099120, 39, -22, 0, 0
0.099320, 5, -16, 0, 0
0.099520, 0, 0, 0, 0
0.099720, -5, -9, 0, 0
0.099928, -5, 3, 0, 0
0.000120, -5, 3, 0, 0
0.000328, 0, 13, 0, 0
0.000520, -5, 16, 0, 0
0.000720, 0, -13, 0, 0
0.000930, -5, -9, 0, 0
0.001120, -5, -9, 0, 0
0.001320, -5, 3, 0, 0
0.001520, -5, 3, 0, 0
0.001720, -5, 3, 0, 0
0.001928, -5, -9, 0, 0
0.002120, -4, -49, 0, 0
0.002320, 5, 9, 0, 0
0.002520, -22, 0, 0, 0
0.002728, -6, 16, 0, 0
0.002928, 0, 0, 0, 0
0.003128, 11, -6, 0, 0
0.003320, -32, -59, 0, 0
0.003520, 11, -6, 0, 0
0.003720, -6, 16, 0, 0
0.003920, -6, 29, 0, 0
0.004120, -5, 3, 0, 0
0.004320, -5, -9, 0, 0
0.004520, -6, 16, 0, 0
0.004720, -6, 29, 0, 0
0.004920, 0, 26, 0, 0
0.005128, 11, 6, 0, 0
0.005320, -5, 3, 0, 0
0.005520, -6, 16, 0, 0
0.005720, -17, 22, 0, 0
0.005920, 0, -13, 0, 0
0.006128, -6, 16, 0, 0
0.006328, 0, 13, 0, 0
0.006530, -11, 12, 0, 0
0.006720, -5, 3, 0, 0
0.006928, 0, 0, 0, 0
0.007120, -5, -9, 0, 0
0.007320, 0, 0, 0, 0
0.007520, 0, 26, 0, 0
0.007720, 0, 0, 0, 0
0.007920, -5, -9, 0, 0
0.008128, 0, -13, 0, 0
0.008320, 0, 0, 0, 0
0.008520, -6, 29, 0, 0
0.008720, -5, 3, 0, 0
0.008920, -5, -22, 0, 0
0.009120, 0, 0, 0, 0
0.009320, -6, 29, 0, 0
0.009520, 0, -13, 0, 0
0.009728, 5, -3, 0, 0
0.009928, -5, 3, 0, 0
0.010120, 39, -22, 0, 0
0.010320, 40, -21, 0, 0
0.010530, -6, 16, 0, 0
0.010730, 0, -26, 0, 0
0.010920, -5, -22, 0, 0
0.011120, 0, 13, 0, 0
0.011330, -6, 29, 0, 0
0.011520, 0, -13, 0, 0
0.011720, 0, 0, 0, 0
0.011928, 0, -13, 0, 0
0.012120, 10, 19, 0, 0
0.012320, 10, 19, 0, 0
0.012520, 40, -35, 0, 0
0.012720, -45, 12, 0, 0
0.012920, 0, 26, 0, 0
0.013130, -6, 29, 0, 0
0.013320, -5, 3, 0, 0
0.013530, -8, 94, 0, 0
0.013720, -5, -9, 0, 0
0.013920, 0, -26, 0, 0
0.014122, -6, 107, 0, 0
0.014320, -5, 3, 0, 0
0.014520, 5, -16, 0, 0
0.014720, 0, 13, 0, 0
0.014920, 0, 26, 0, 0
0.015120, 10, 19, 0, 0
0.015320, 39, -9, 0, 0
0.015528, -6, 16, 0, 0
0.015720, -5, 3, 0, 0
0.015920, -5, -9, 0, 0
0.016120, 0, 13, 0, 0
0.016320, -6, 29, 0, 0
0.016520, -6, 16, 0, 0
0.016920, -6, 29, 0, 0
0.017120, -6, 16, 0, 0
0.017320, -5, 3, 0, 0
0.017520, 5, 9, 0, 0
0.017730, -6, 16, 0, 0
0.017920, -6, 29, 0, 0
0.018120, -5, -9, 0, 0
0.018320, -5, 3, 0, 0
0.018520, -5, 3, 0, 0
0.018720, -5, 3, 0, 0
0.018920, 0, 39, 0, 0
0.019120, -5, -9, 0, 0
0.019320, -5, 3, 0, 0
0.019520, -5, 3, 0, 0
0.019720, 0, 0, 0, 0
0.019920, 0, 0, 0, 0
0.020120, -6, 16, 0, 0
0.020320, 0, 13, 0, 0
0.020520, 86, -60, 0, 0
0.020730, -5, -9, 0, 0
0.020920, -5, 16, 0, 0
0.021120, -5, -9, 0, 0
0.021328, -5, 3, 0, 0
0.021520, 0, 13, 0, 0
0.021720, 0, 0, 0, 0
0.021920, 0, 0, 0, 0
0.022120, 0, -13, 0, 0
0.022322, 0, 13, 0, 0
0.022520, 0, -13, 0, 0
0.022728, 5, -3, 0, 0
0.022920, -5, 3, 0, 0
0.023120, -5, -36, 0, 0
0.023320, -91, 37, 0, 0
0.023520, 0, 19, 0, 0
0.023720, 0, 13, 0, 0
0.023928, -4, -36, 0, 0
0.024120, 0, 0, 0, 0
0.024320, 0, 13, 0, 0
0.024520, 0, 0, 0, 0
0.024720, 5, -3, 0, 0
0.024920, 0, 0, 0, 0
0.025120, -18, 48, 0, 0
0.025320, -5, 3, 0, 0
0.025520, -6, 29, 0, 0
0.025720, -17, 35, 0, 0
0.025920, 0, 13, 0, 0
0.026120, 0, 13, 0, 0
0.026328, -6, 16, 0, 0
0.026520, -6, 16, 0, 0
0.026720, -5, -9, 0, 0
0.026920, -5, 16, 0, 0
0.027120, -5, 16, 0, 0
0.027320, -5, 16, 0, 0
0.027530, -68, 37, 0, 0
0.027720, 0, -13, 0, 0
0.027920, 0, -13, 0, 0
0.028120, 0, 0, 0, 0
0.028320, -5, 3, 0, 0
0.028520, 39, 3, 0, 0
0.028720, 39, 3, 0, 0
0.028920, 0, -13, 0, 0
0.029120, -5, 3, 0, 0
0.029320, -5, -9, 0, 0
0.029520, 0, 6, 0, 0
0.029720, -45, 25, 0, 0
0.029920, -28, 28, 0, 0
0.030120, 11, -32, 0, 0
0.030320, 0, -26, 0, 0
0.030520, 0, 13, 0, 0
0.030720, -12, 32, 0, 0
0.030922, 11, 19, 0, 0
0.031128, 39, 4, 0, 0
0.031322, -5, 16, 0, 0
0.031520, -5, 3, 0, 0
0.031720, 0, 0, 0, 0
0.031920, 0, 0, 0, 0
0.032120, 0, 13, 0, 0
0.032320, 0, 13, 0, 0
0.032520, 0, 26, 0, 0
0.032720, -5, 3, 0, 0
0.032920, -5, 16, 0, 0
0.033120, 0, -13, 0, 0
0.033320, 11, -6, 0, 0
0.033520, -5, -9, 0, 0
0.033720, -5, -9, 0, 0
0.033920, -17, 22, 0, 0
0.034120, 0, 13, 0, 0
0.034320, 16, 16, 0, 0
0.034520, 0, -13, 0, 0
0.034720, 0, -13, 0, 0
0.034920, 0, 0, 0, 0
0.035120, 11, -6, 0, 0
0.035320, -5, 3, 0, 0
0.035520, -5, -9, 0, 0
0.035730, 0, 0, 0, 0
0.035920, -5, 16, 0, 0
0.036122, 0, 0, 0, 0
0.036320, -6, 16, 0, 0
0.036520, -5, 3, 0, 0
0.036728, 17, -9, 0, 0
0.036920, -5, 3, 0, 0
0.037120, 0, -13, 0, 0
0.037322, -5, -9, 0, 0
0.037520, 0, 0, 0, 0
0.037720, 45, -12, 0, 0
0.037920, -5, 3, 0, 0
0.038130, 0, 13, 0, 0
0.038320, -5, -9, 0, 0
0.038528, -17, 22, 0, 0
0.038730, -17, 9, 0, 0
0.038928, -6, 16, 0, 0
0.039120, -5, 16, 0, 0
0.039320, 0, 13, 0, 0
0.039520, 11, 6, 0, 0
0.039728, 0, -192, 0, 0
0.039928, -6, 16, 0, 0
0.040120, 0, -13, 0, 0
0.040328, -11, 0, 0, 0
0.040520, 39, -22, 0, 0
0.040728, 4, 23, 0, 0
0.040920, 0, -13, 0, 0
0.041120, 17, -2, 0, 0
0.041528, -5, 3, 0, 0
0.041720, -6, 29, 0, 0
0.041928, 0, 0, 0, 0
0.042130, -5, 3, 0, 0
0.042328, 0, 13, 0, 0
0.042528, 0, 13, 0, 0
0.042720, -6, 16, 0, 0
0.042920, 0, 13, 0, 0
0.043120, -5, 3, 0, 0
0.043320, -34, 19, 0, 0
0.043528, 0, 0, 0, 0
0.043720, -6, 16, 0, 0
0.043920, 6, -16, 0, 0
0.044120, -22, 12, 0, 0
0.044320, 0, 0, 0, 0
0.044528, 0, -13, 0, 0
0.044720, 0, 13, 0, 0
0.044930, -5, 3, 0, 0
0.045130, -5, -9, 0, 0
0.045320, 0, 0, 0, 0
0.045520, 0, 39, 0, 0
0.045720, 16, 16, 0, 0
0.045920, 0, 0, 0, 0
0.046120, 0, 26, 0, 0
0.046320, -5, -9, 0, 0
0.046530, 0, 13, 0, 0
0.046720, -23, 25, 0, 0
0.046920, 0, 13, 0, 0
0.047120, 86, -86, 0, 0
0.047320, -5, 3, 0, 0
0.047520, -22, 0, 0, 0
0.047728, -6, 16, 0, 0
0.047920, 0, 13, 0, 0
0.048122, -5, -9, 0, 0
0.048320, 11, 6, 0, 0
0.048530, -5, 3, 0, 0
0.048728, -5, -9, 0, 0
0.048920, -5, 3, 0, 0
0.049120, -5, 3, 0, 0
0.049320, 0, 26, 0, 0
0.049520, -5, 16, 0, 0
0.049720, -5, 3, 0, 0
0.049928, 0, 0, 0, 0
0.050120, -6, 16, 0, 0
0.050320, -5, 3, 0, 0
0.050520, 0, 0, 0, 0
0.050720, 39, -22, 0, 0
0.050920, 0, 0, 0, 0
0.051120, -4, -75, 0, 0
0.051320, -6, 29, 0, 0
0.051528, 6, -16, 0, 0
0.051720, -91, 50, 0, 0
0.051920, 0, 26, 0, 0
0.052128, 2, -78, 0, 0
0.052330, -5, 3, 0, 0
0.052520, -6, 29, 0, 0
0.052720, 0, 0, 0, 0
0.052920, 0, -19, 0, 0
0.053120, -5, -22, 0, 0
0.053320, 0, 26, 0, 0
0.053522, 5, -3, 0, 0
0.053720, -12, 32, 0, 0
0.053920, 3, -169, 0, 0
0.054120, 5, 22, 0, 0
0.054320, 39, -8, 0, 0
0.054528, 0, 0, 0, 0
0.054720, 22, 0, 0, 0
0.054928, 11, -6, 0, 0
0.055128, -5, 3, 0, 0
0.055320, -5, 3, 0, 0
0.055528, -5, -9, 0, 0
0.055720, 0, 13, 0, 0
0.055920, -5, 3, 0, 0
0.056120, -6, 42, 0, 0
0.056320, -6, 16, 0, 0
0.056520, 5, -3, 0, 0
0.056720, 0, 0, 0, 0
0.056920, -5, 3, 0, 0
0.057128, 2, 88, 0, 0
0.057328, 24, -51, 0, 0
0.057520, -40, 48, 0, 0
0.057720, 0, 26, 0, 0
0.057920, 0, 0, 0, 0
0.058120, -28, 15, 0, 0
0.058320, -5, -16, 0, 0
0.058520, 0, 0, 0, 0
0.058720, -5, 3, 0, 0
0.058922, -5, 16, 0, 0
0.059120, 0, 0, 0, 0
0.059320, 5, -3, 0, 0
0.059520, -5, -9, 0, 0
0.059720, -6, 22, 0, 0
0.059920, 5, -3, 0, 0
0.060120, -6, 29, 0, 0
0.060320, 0, 0, 0, 0
0.060520, -5, 3, 0, 0
0.060920, 0, 0, 0, 0
0.061120, -5, 3, 0, 0
0.061320, 0, 13, 0, 0
0.061528, -6, 16, 0, 0
0.061728, -6, 16, 0, 0
0.061930, 0, 13, 0, 0
0.062120, -5, 3, 0, 0
0.062328, 0, 13, 0, 0
0.062522, 0, 0, 0, 0
0.062728, 0, 13, 0, 0
0.062920, -5, -9, 0, 0
0.063120, 0, -26, 0, 0
0.063320, -5, -9, 0, 0
0.063520, -5, 3, 0, 0
0.063728, -5, -9, 0, 0
0.063920, 0, 26, 0, 0
0.064120, -6, 29, 0, 0
0.064328, 5, -3, 0, 0
0.064520, 108, -47, 0, 0
0.064720, -5, -9, 0, 0
0.064920, -11, 0, 0, 0
0.065130, 0, 26, 0, 0
0.065320, 0, 13, 0, 0
0.065520, 0, -26, 0, 0
0.065720, 0, 13, 0, 0
0.065920, 11, -19, 0, 0
0.066120, -5, 16, 0, 0
0.066320, 0, 0, 0, 0
0.066528, -6, 16, 0, 0
0.066720, 0, 0, 0, 0
0.066920, -6, 16, 0, 0
0.067120, 0, 0, 0, 0
0.067320, -6, 16, 0, 0
0.067520, -6, 29, 0, 0
0.067720, -5, -9, 0, 0
0.067930, 0, 0, 0, 0
0.068128, 0, 26, 0, 0
0.068320, -5, 16, 0, 0
0.068520, -5, 3, 0, 0
0.068728, -6, 16, 0, 0
0.068920, -5, 3, 0, 0
0.069120, 17, -9, 0, 0
0.069320, -34, 5, 0, 0
0.069520, 0, 13, 0, 0
0.069720, -91, 56, 0, 0
0.069928, -5, 3, 0, 0
0.070120, 5, -3, 0, 0
0.070320, 0, 0, 0, 0
0.070530, -51, 28, 0, 0
0.070722, -5, 3, 0, 0
0.070928, -5, 3, 0, 0
0.071120, -5, -9, 0, 0
0.071328, -17, 9, 0, 0
0.071520, 5, -3, 0, 0
0.071720, 16, 23, 0, 0
0.071920, -6, 29, 0, 0
0.072128, -28, 2, 0, 0
0.072320, 0, 0, 0, 0
0.072530, -34, 18, 0, 0
0.072728, -6, 16, 0, 0
0.072920, 0, 13, 0, 0
0.073120, 5, -16, 0, 0
0.073320, -5, -16, 0, 0
0.073520, 0, 0, 0, 0
0.073720, 5, 22, 0, 0
0.073920, -5, 3, 0, 0
0.074128, -23, 12, 0, 0
0.074328, 0, 0, 0, 0
0.074520, 0, 0, 0, 0
0.074728, -34, 18, 0, 0
0.074920, -5, 3, 0, 0
0.075128, 11, -19, 0, 0
0.075330, 39, -8, 0, 0
0.075520, 11, -19, 0, 0
0.075720, -6, 16, 0, 0
0.075920, 0, 13, 0, 0
0.076120, 5, -3, 0, 0
0.076322, -5, 16, 0, 0
0.076520, 5, -3, 0, 0
0.076720, -6, 16, 0, 0
0.076930, 0, -13, 0, 0
0.077120, 0, 0, 0, 0
0.077320, -5, 16, 0, 0
0.077520, 40, -35, 0, 0
0.077720, -46, 77, 0, 0
0.077920, -11, 6, 0, 0
0.078120, 39, -22, 0, 0
0.078320, 0, -26, 0, 0
0.078520, 0, -13, 0, 0
0.078720, -5, -9, 0, 0
0.078920, 0, 0, 0, 0
0.079120, -6, 29, 0, 0
0.079328, -6, 29, 0, 0
0.079520, -5, -9, 0, 0
0.079720, -5, 3, 0, 0
0.079920, 11, -6, 0, 0
0.080120, 0, 26, 0, 0
0.080320, -5, 3, 0, 0
0.080520, -46, 77, 0, 0
0.080720, -5, -9, 0, 0
0.080920, 5, -3, 0, 0
0.081120, -5, -9, 0, 0
0.081320, 0, 13, 0, 0
0.081520, 39, -8, 0, 0
0.081720, 0, -13, 0, 0
0.081922, -5, 29, 0, 0
0.082130, -6, 29, 0, 0
0.082330, -6, 16, 0, 0
0.082520, -11, 19, 0, 0
0.082728, -6, 16, 0, 0
0.082920, -5, -36, 0, 0
0.083120, -5, 3, 0, 0
0.083320, -17, 22, 0, 0
0.083522, -5, 16, 0, 0
0.083720, -5, 3, 0, 0
0.083920, 0, 0, 0, 0
0.084120, -6, 16, 0, 0
0.084330, 0, 0, 0, 0
0.084528, 0, 13, 0, 0
0.084720, 0, 13, 0, 0
0.084920, -5, 16, 0, 0
0.085120, 0, -13, 0, 0
0.085320, 1, -91, 0, 0
0.085520, 0, -13, 0, 0
0.085728, -5, -9, 0, 0
0.085920, -22, 12, 0, 0
0.086128, 0, 0, 0, 0
0.086320, -5, -9, 0, 0
0.086530, -5, 3, 0, 0
0.086728, 5, -9, 0, 0
0.086920, -6, 16, 0, 0
0.087130, -5, -9, 0, 0
0.087320, -5, -9, 0, 0
0.087520, -5, 16, 0, 0
0.087720, 1, -78, 0, 0
0.087928, -5, 3, 0, 0
0.088128, -5, -9, 0, 0
0.088328, -6, 29, 0, 0
0.088520, -5, 16, 0, 0
0.088720, -6, 29, 0, 0
0.088920, 0, 13, 0, 0
0.089120, -34, 18, 0, 0
0.089320, 39, 4, 0, 0
0.089520, 0, -13, 0, 0
0.089720, -52, 54, 0, 0
0.089920, -17, 9, 0, 0
0.090120, -5, 3, 0, 0
0.090330, 0, 13, 0, 0
0.090520, 0, 0, 0, 0
0.090720, 0, 0, 0, 0
0.090928, -5, -9, 0, 0
0.091120, -5, 16, 0, 0
0.091320, -5, -9, 0, 0
0.091520, 6, -16, 0, 0
0.091720, -5, -9, 0, 0
0.091920, -17, 22, 0, 0
0.092120, 40, -21, 0, 0
0.092320, -5, 3, 0, 0
0.092520, -5, -16, 0, 0
0.092728, -6, 16, 0, 0
0.092920, -5, 16, 0, 0
0.093120, -6, 16, 0, 0
0.093320, 0, 0, 0, 0
0.093520, -5, 16, 0, 0
0.093730, 23, -38, 0, 0
0.093920, -5, 16, 0, 0
0.094120, 27, 23, 0, 0
0.094320, -6, 29, 0, 0
0.094520, 1, -78, 0, 0
0.094720, -6, 16, 0, 0
0.094930, 0, 0, 0, 0
0.095120, 0, -13, 0, 0
0.095330, 0, -13, 0, 0
0.095520, 0, 13, 0, 0
0.095720, -5, 3, 0, 0
0.095922, 11, 6, 0, 0
0.096120, 0, -13, 0, 0
0.096320, -5, -9, 0, 0
0.096522, -5, 3, 0, 0
0.096720, -5, -9, 0, 0
0.096928, -45, 11, 0, 0
0.097120, -6, 16, 0, 0
0.097328, -5, 3, 0, 0
0.097520, 0, -13, 0, 0
0.097728, -5, 3, 0, 0
0.097920, 0, -13, 0, 0
0.098120, 22, 13, 0, 0
0.098328, -17, 9, 0, 0
0.098528, 40, -21, 0, 0
0.098720, 91, -37, 0, 0
0.098920, -5, 3, 0, 0
0.099120, 39, -22, 0, 0
0.099320, 0, 26, 0, 0
0.099528, -11, 0, 0, 0
0.099720, -5, 16, 0, 0
0.099920, 6, -16, 0, 0
0.000120, 0, 0, 0, 0
0.000320, -5, 3, 0, 0
0.000528, 11, 6, 0, 0
0.000728, 0, 0, 0, 0
0.000928, -23, 38, 0, 0
0.001120, -5, 3, 0, 0
0.001330, 0, -13, 0, 0
0.001520, 11, -19, 0, 0
0.001728, -17, 9, 0, 0
0.001920, 39, 4, 0, 0
0.002120, 0, -13, 0, 0
0.002330, 0, 0, 0, 0
0.002528, 0, 0, 0, 0
0.002720, 5, 9, 0, 0
0.002930, -6, 29, 0, 0
0.003122, -5, -9, 0, 0
0.003320, -5, -9, 0, 0
0.003520, -40, 21, 0, 0
0.003720, -5, 3, 0, 0
0.003920, -5, 16, 0, 0
0.004120, 5, -3, 0, 0
0.004320, 0, 0, 0, 0
0.004520, -51, 15, 0, 0
0.004720, -4, -75, 0, 0
0.004920, -17, 22, 0, 0
0.005128, 0, 13, 0, 0
0.005320, -4, -75, 0, 0
0.005528, -5, -9, 0, 0
0.005728, -17, 22, 0, 0
0.005920, 5, 9, 0, 0
0.006120, -17, 35, 0, 0
0.006320, -5, -9, 0, 0
0.006520, -6, 16, 0, 0
0.006720, -6, 29, 0, 0
0.006920, 40, -21, 0, 0
0.007120, -5, -9, 0, 0
0.007320, -5, 16, 0, 0
0.007528, -11, 19, 0, 0
0.007720, 0, 13, 0, 0
0.007920, -5, 16, 0, 0
0.008120, 0, 0, 0, 0
0.008320, -5, 3, 0, 0
0.008520, -5, 3, 0, 0
0.008730, -51, 41, 0, 0
0.008920, -5, -22, 0, 0
0.009120, -4, -88, 0, 0
0.009320, 0, 26, 0, 0
0.009520, 0, -13, 0, 0
0.009720, 10, 19, 0, 0
0.009920, 0, 0, 0, 0
0.010130, 5, -3, 0, 0
0.010328, -5, 3, 0, 0
0.010528, 0, 0, 0, 0
0.010730, 0, 0, 0, 0
0.010920, -5, 3, 0, 0
0.011120, 0, -13, 0, 0
0.011328, -5, 3, 0, 0
0.011528, -6, 16, 0, 0
0.011720, -5, -9, 0, 0
0.011920, 0, 0, 0, 0
0.012120, 39, -22, 0, 0
0.012328, 0, -13, 0, 0
0.012520, 5, 3, 0, 0
0.012728, 22, 0, 0, 0
0.012920, -5, 9, 0, 0
0.013130, 0, 13, 0, 0
0.013320, 0, 0, 0, 0
0.013520, -5, 16, 0, 0
0.013720, -5, -16, 0, 0
0.013920, -6, 16, 0, 0
0.014128, -5, -9, 0, 0
0.014328, -5, 3, 0, 0
0.014520, -5, 3, 0, 0
0.014720, 0, 0, 0, 0
0.014928, 0, 26, 0, 0
0.015128, 0, 13, 0, 0
0.015328, 0, 0, 0, 0
0.015522, -5, 3, 0, 0
0.015720, 0, 26, 0, 0
0.015920, -5, 16, 0, 0
0.016130, -5, 3, 0, 0
0.016320, -5, -9, 0, 0
0.016520, 40, -21, 0, 0
0.016720, 5, -3, 0, 0
0.016920, -6, 29, 0, 0
0.017128, 0, -13, 0, 0
0.017320, -5, 3, 0, 0
0.017520, -5, 3, 0, 0
0.017728, -5, -9, 0, 0
0.017920, -5, 3, 0, 0
0.018128, 5, -3, 0, 0
0.018320, 0, -13, 0, 0
0.018528, -5, -9, 0, 0
0.018720, -5, 3, 0, 0
0.018920, -11, 19, 0, 0
0.019130, 0, 0, 0, 0
0.019320, -5, 16, 0, 0
0.019520, -5, -9, 0, 0
0.019730, -5, -9, 0, 0
0.019920, 0, 13, 0, 0
0.020120, -5, 3, 0, 0
0.020328, -39, 8, 0, 0
0.020528, -17, 9, 0, 0
0.020728, 40, -34, 0, 0
0.020920, -5, -9, 0, 0
0.021122, 0, 0, 0, 0
0.021320, 40, -21, 0, 0
0.021520, 0, -13, 0, 0
0.021720, 5, -3, 0, 0
0.021928, 40, -21, 0, 0
0.022120, -5, 3, 0, 0
0.022320, -6, 29, 0, 0
0.022520, -5, -9, 0, 0
0.022720, -5, 3, 0, 0
0.022920, 23, -25, 0, 0
0.023120, -6, 16, 0, 0
0.023320, -5, 3, 0, 0
0.023528, -6, 16, 0, 0
0.023720, -5, -9, 0, 0
0.023920, -6, 16, 0, 0
0.024120, 17, -9, 0, 0
0.024328, 0, -13, 0, 0
0.024520, -5, -3, 0, 0
0.024728, -17, 22, 0, 0
0.024920, -11, 0, 0, 0
0.025128, -5, 3, 0, 0
0.025320, -91, 63, 0, 0
0.025520, -5, 3, 0, 0
0.025720, 39, -9, 0, 0
0.025920, -5, 3, 0, 0
0.026120, 0, 26, 0, 0
0.026320, 0, -26, 0, 0
0.026528, -5, -9, 0, 0
0.026722, 5, -16, 0, 0
0.026920, 5, -3, 0, 0
0.027120, 0, 26, 0, 0
0.027320, 11, 6, 0, 0
0.027520, -5, 3, 0, 0
0.027728, 0, 0, 0, 0
0.027920, -6, 16, 0, 0
0.028120, -6, 16, 0, 0
0.028330, -137, 74, 0, 0
0.028522, 39, -22, 0, 0
0.028720, -7, 94, 0, 0
0.028920, 0, 13, 0, 0
0.029120, 0, -13, 0, 0
0.029320, -5, -9, 0, 0
0.029520, -6, 16, 0, 0
0.029720, 39, -22, 0, 0
0.029920, -34, 18, 0, 0
0.030130, -6, 16, 0, 0
0.030328, -34, 5, 0, 0
0.030528, 0, -13, 0, 0
0.030720, 0, 26, 0, 0
0.030920, -6, 16, 0, 0
0.031130, -3, 117, 0, 0
0.031320, -5, 16, 0, 0
0.031520, -6, 29, 0, 0
0.031728, 0, 0, 0, 0
0.031928, 0, 0, 0, 0
0.032120, 0, 26, 0, 0
0.032320, 0, -13, 0, 0
0.032520, -5, 3, 0, 0
0.032720, -6, 29, 0, 0
0.032920, -5, 3, 0, 0
0.033120, -5, -9, 0, 0
0.033330, -6, 16, 0, 0
0.033520, -6, 16, 0, 0
0.033720, -5, 3, 0, 0
0.033920, 5, -16, 0, 0
0.034130, 0, 0, 0, 0
0.034320, -5, -9, 0, 0
0.034520, 0, -13, 0, 0
0.034720, -35, 64, 0, 0
0.034928, 2, -78, 0, 0
0.035130, -5, -9, 0, 0
0.035320, 0, 13, 0, 0
0.035520, -91, 63, 0, 0
0.035730, 18, -35, 0, 0
0.035920, 39, -22, 0, 0
0.036128, 11, -6, 0, 0
0.036320, -34, 31, 0, 0
0.036520, 39, 3, 0, 0
0.036720, -5, 3, 0, 0
0.036920, 0, 0, 0, 0
0.037120, -5, -9, 0, 0
0.037320, -5, 3, 0, 0
0.037528, -5, -9, 0, 0
0.037728, -5, -9, 0, 0
0.037920, -33, -7, 0, 0
0.038120, -6, 29, 0, 0
0.038320, 0, 13, 0, 0
0.038520, 5, -3, 0, 0
0.038728, -6, 16, 0, 0
0.038920, -5, -9, 0, 0
0.039120, 39, 4, 0, 0
0.039320, 5, 3, 0, 0
0.039520, 17, -22, 0, 0
0.039720, 0, 13, 0, 0
0.039920, -5, -9, 0, 0
0.040128, -6, 16, 0, 0
0.040320, -11, 19, 0, 0
0.040520, -5, 16, 0, 0
0.040720, 0, 13, 0, 0
0.040928, -5, 3, 0, 0
0.041120, 0, 0, 0, 0
0.041320, -5, 16, 0, 0
0.041530, -6, 16, 0, 0
0.041720, -5, -9, 0, 0
0.041922, 0, 13, 0, 0
0.042120, -5, -9, 0, 0
0.042320, 0, 0, 0, 0
0.042520, 11, 6, 0, 0
0.042720, -6, 16, 0, 0
0.042920, 0, 13, 0, 0
0.043120, -5, 3, 0, 0
0.043328, 0, 13, 0, 0
0.043520, -6, 16, 0, 0
0.043720, 0, 13, 0, 0
0.043928, 39, 4, 0, 0
0.044128, 0, 13, 0, 0
0.044320, -5, 3, 0, 0
0.044528, -80, 56, 0, 0
0.044720, -4, -68, 0, 0
0.044920, -5, 3, 0, 0
0.045120, -5, 3, 0, 0
0.045320, 0, 26, 0, 0
0.045530, -6, 16, 0, 0
0.045720, -17, 9, 0, 0
0.045920, -5, 3, 0, 0
0.046120, -45, 12, 0, 0
0.046320, 5, -3, 0, 0
0.046520, -5, 3, 0, 0
0.046720, 17, -35, 0, 0
0.046920, 0, 0, 0, 0
0.047120, -5, 3, 0, 0
0.047328, -6, 16, 0, 0
0.047530, -9, 133, 0, 0
0.047720, -6, 16, 0, 0
0.047928, -5, -9, 0, 0
0.048130, 0, 0, 0, 0
0.048320, -28, 28, 0, 0
0.048520, -5, 16, 0, 0
0.048720, -6, 16, 0, 0
0.048920, 23, -25, 0, 0
0.049120, 0, 6, 0, 0
0.049320, -34, 5, 0, 0
0.049520, -5, -9, 0, 0
0.049730, -28, 15, 0, 0
0.049920, 0, 0, 0, 0
0.050120, 0, 26, 0, 0
0.050320, -5, 16, 0, 0
0.050520, -5, -9, 0, 0
0.050720, 28, -15, 0, 0
0.050920, -6, 16, 0, 0
0.051120, -5, 3, 0, 0
0.051320, -6, 29, 0, 0
0.051520, -5, 3, 0, 0
0.051720, -5, 3, 0, 0
0.051920, 0, 0, 0, 0
0.052120, -6, 29, 0, 0
0.052322, 5, 9, 0, 0
0.052528, -29, 54, 0, 0
0.052720, 0, -39, 0, 0
0.052922, -5, 3, 0, 0
0.053128, 18, -55, 0, 0
0.053328, 0, 13, 0, 0
0.053520, -34, 19, 0, 0
0.053728, -18, 48, 0, 0
0.053920, -45, 25, 0, 0
0.054120, 0, 0, 0, 0
0.054320, 0, -13, 0, 0
0.054520, -23, 51, 0, 0
0.054720, 0, 13, 0, 0
0.054920, -6, 16, 0, 0
0.055120, -17, 35, 0, 0
0.055320, 0, 0, 0, 0
0.055520, -5, 16, 0, 0
0.055720, -6, 29, 0, 0
0.055920, 0, 0, 0, 0
0.056120, -45, 12, 0, 0
0.056320, -5, 16, 0, 0
0.056522, 0, -13, 0, 0
0.056720, 0, 0, 0, 0
0.056928, 0, 13, 0, 0
0.057120, -5, 16, 0, 0
0.057320, 17, -35, 0, 0
0.057520, 0, 0, 0, 0
0.057728, -51, 27, 0, 0
0.057920, 0, 0, 0, 0
0.058128, -6, 16, 0, 0
0.058320, 0, 0, 0, 0
0.058520, -5, -9, 0, 0
0.058722, -5, 3, 0, 0
0.058920, -5, -9, 0, 0
0.059128, 0, 26, 0, 0
0.059320, -6, 16, 0, 0
0.059520, 0, 0, 0, 0
0.059728, -34, 18, 0, 0
0.059922, 0, -39, 0, 0
0.060128, -5, 3, 0, 0
0.060328, -64, 73, 0, 0
0.060530, -34, 5, 0, 0
0.060730, -6, 16, 0, 0
0.060920, 0, 13, 0, 0
0.061120, -22, 12, 0, 0
0.061328, 0, 0, 0, 0
0.061520, -5, -9, 0, 0
0.061720, -5, 3, 0, 0
0.061928, 0, -13, 0, 0
0.062120, -5, 3, 0, 0
0.062320, -5, 16, 0, 0
0.062520, -5, -9, 0, 0
0.062720, 5, -3, 0, 0
0.062930, 40, -21, 0, 0
0.063120, 5, 22, 0, 0
0.063320, -5, 3, 0, 0
0.063528, -5, -9, 0, 0
0.063728, -5, 3, 0, 0
0.063920, -7, 107, 0, 0
0.064120, -5, -9, 0, 0
0.064328, 0, 13, 0, 0
0.064528, -6, 29, 0, 0
0.064720, -6, 29, 0, 0
0.064928, 177, -83, 0, 0
0.065120, -6, 16, 0, 0
0.065320, 5, -3, 0, 0
0.065530, -5, -9, 0, 0
0.065722, -5, 3, 0, 0
0.065920, 0, 0, 0, 0
0.066128, 39, -8, 0, 0
0.066328, 40, -21, 0, 0
0.066520, 5, -3, 0, 0
0.066720, 11, -32, 0, 0
0.066920, -5, 3, 0, 0
0.067120, 11, -6, 0, 0
0.067328, -5, 3, 0, 0
0.067520, 5, 9, 0, 0
0.067720, 16, 3, 0, 0
0.067920, -34, 44, 0, 0
0.068120, -23, 25, 0, 0
0.068328, 0, 13, 0, 0
0.068528, -45, 11, 0, 0
0.068722, 0, 26, 0, 0
0.068920, -5, -9, 0, 0
0.069120, -7, 68, 0, 0
0.069328, 0, 0, 0, 0
0.069520, 0, 13, 0, 0
0.069720, 39, -9, 0, 0
0.069920, -5, -23, 0, 0
0.070120, -5, 3, 0, 0
0.070320, -5, 3, 0, 0
0.070520, -91, 50, 0, 0
0.070720, -5, 16, 0, 0
0.070920, -5, 3, 0, 0
0.071120, 0, 13, 0, 0
0.071320, 40, -21, 0, 0
0.071520, -5, -9, 0, 0
0.071720, -5, -9, 0, 0
0.071920, 17, -9, 0, 0
0.072120, 0, -13, 0, 0
0.072320, 0, 13, 0, 0
0.072520, -5, 3, 0, 0
0.072720, 0, -13, 0, 0
0.072928, -23, 12, 0, 0
0.073130, 0, 0, 0, 0
0.073322, -51, 15, 0, 0
0.073520, 0, 13, 0, 0
0.073728, 0, 26, 0, 0
0.073922, -5, 3, 0, 0
0.074120, -5, 3, 0, 0
0.074320, -6, 16, 0, 0
0.074520, 6, -16, 0, 0
0.074720, 0, 0, 0, 0
0.074920, -5, 3, 0, 0
0.075120, 11, 6, 0, 0
0.075320, 0, 26, 0, 0
0.075530, -6, 16, 0, 0
0.075728, -5, 3, 0, 0
0.076120, 39, -22, 0, 0
0.076320, 0, 13, 0, 0
0.076528, -5, -9, 0, 0
0.076728, 0, -13, 0, 0
0.076928, -15, -55, 0, 0
0.077128, -22, 0, 0, 0
0.077320, -5, -9, 0, 0
0.077528, -6, 29, 0, 0
0.077720, 0, -13, 0, 0
0.077920, 0, 26, 0, 0
0.078120, -6, 16, 0, 0
0.078320, -17, 22, 0, 0
0.078520, 0, -26, 0, 0
0.078728, -5, 3, 0, 0
0.078920, 0, 0, 0, 0
0.079128, -6, 16, 0, 0
0.079320, 0, 0, 0, 0
0.079528, -6, 29, 0, 0
0.079720, 12, -45, 0, 0
0.079928, -18, 35, 0, 0
0.080120, 0, 26, 0, 0
0.080328, -47, 89, 0, 0
0.080520, -6, 29, 0, 0
0.080720, 0, 0, 0, 0
0.080920, -6, 16, 0, 0
0.081120, -4, -88, 0, 0
0.081320, -6, 29, 0, 0
0.081528, 0, 13, 0, 0
0.081720, -8, 133, 0, 0
0.081928, 23, -25, 0, 0
0.082120, 0, -26, 0, 0
0.082320, -5, 16, 0, 0
0.082530, -12, 32, 0, 0
0.082720, 11, -19, 0, 0
0.082928, 0, -26, 0, 0
0.083130, -5, -9, 0, 0
0.083322, 5, 9, 0, 0
0.083520, 40, -35, 0, 0
0.083720, 0, 13, 0, 0
0.083920, 0, -13, 0, 0
0.084128, -5, -9, 0, 0
0.084328, -17, 9, 0, 0
0.084522, -5, -9, 0, 0
0.084728, -5, 3, 0, 0
0.084928, -6, 16, 0, 0
0.085120, 0, 19, 0, 0
0.085320, -5, 16, 0, 0
0.085520, 0, 0, 0, 0
0.085730, 11, 6, 0, 0
0.085920, 0, 0, 0, 0
0.086120, -5, 16, 0, 0
0.086328, 5, 22, 0, 0
0.086522, -45, 103, 0, 0
0.086720, 40, -21, 0, 0
0.086920, -5, -9, 0, 0
0.087120, 0, -13, 0, 0
0.087320, -5, 3, 0, 0
0.087520, -5, 3, 0, 0
0.087730, -5, 3, 0, 0
0.087928, -5, -9, 0, 0
0.088120, -5, -9, 0, 0
0.088320, 23, -51, 0, 0
0.088520, -5, 3, 0, 0
0.088720, -5, 3, 0, 0
0.088928, -6, 29, 0, 0
0.089120, 0, -13, 0, 0
0.089328, -5, -9, 0, 0
0.089520, -5, 3, 0, 0
0.089930, -5, -22, 0, 0
0.090120, 5, 9, 0, 0
0.090330, 17, -9, 0, 0
0.090520, -17, 9, 0, 0
0.090720, 5, 22, 0, 0
0.090928, 11, 6, 0, 0
0.091120, 11, -6, 0, 0
0.091328, -5, -9, 0, 0
0.091530, -6, 16, 0, 0
0.091720, 11, -6, 0, 0
0.091920, -34, 18, 0, 0
0.092120, 0, -13, 0, 0
0.092328, -17, 22, 0, 0
0.092520, 0, 0, 0, 0
0.092728, -5, -9, 0, 0
0.092920, -1, -179, 0, 0
0.093130, -11, 6, 0, 0
0.093320, -5, -9, 0, 0
0.093528, -6, 16, 0, 0
0.093720, -5, -9, 0, 0
0.093920, -6, 16, 0, 0
0.094122, -5, 3, 0, 0
0.094328, 0, 0, 0, 0
0.094520, 68, -24, 0, 0
0.094720, 6, -16, 0, 0
0.094920, -6, 16, 0, 0
0.095120, 5, 9, 0, 0
0.095320, -5, 3, 0, 0
0.095520, -22, 12, 0, 0
0.095720, 10, 19, 0, 0
0.095928, -5, 3, 0, 0
0.096120, -5, 3, 0, 0
0.096328, -5, 3, 0, 0
0.096522, -5, -9, 0, 0
0.096720, 0, 13, 0, 0
0.096920, 0, 0, 0, 0
0.097120, -5, 16, 0, 0
0.097320, 39, 3, 0, 0
0.097528, -53, 92, 0, 0
0.097720, -5, 3, 0, 0
0.097920, -4, -75, 0, 0
0.098120, -5, 16, 0, 0
0.098322, -5, 3, 0, 0
0.098520, -5, 3, 0, 0
0.098720, -5, 3, 0, 0
0.098920, -5, 3, 0, 0
0.099120, 27, 23, 0, 0
0.099320, -5, 3, 0, 0
0.099528, -5, 3, 0, 0
0.099720, 6, -16, 0, 0
0.099928, -6, 29, 0, 0
0.000120, -5, -9, 0, 0
0.000320, 0, -13, 0, 0
0.000520, -4, -75, 0, 0
0.000720, -5, 16, 0, 0
0.000930, -5, 3, 0, 0
0.001120, -5, 3, 0, 0
0.001328, -5, 3, 0, 0
0.001520, 0, 0, 0, 0
0.001720, -5, -9, 0, 0
0.001930, -5, -9, 0, 0
0.002120, -5, -9, 0, 0
0.002328, 0, 26, 0, 0
0.002520, 0, -19, 0, 0
0.002730, -5, 3, 0, 0
0.002930, -5, -9, 0, 0
0.003128, 0, 0, 0, 0
0.003320, -3, -127, 0, 0
0.003520, -45, 25, 0, 0
0.003720, -17, 22, 0, 0
0.003920, -6, 29, 0, 0
0.004120, -5, -22, 0, 0
0.004320, 0, 0, 0, 0
0.004520, 0, 26, 0, 0
0.004720, -11, 45, 0, 0
0.004920, -5, 16, 0, 0
0.005130, -6, 16, 0, 0
0.005320, -5, 3, 0, 0
0.005522, 0, -13, 0, 0
0.005722, 17, -22, 0, 0
0.005920, 0, 13, 0, 0
0.006130, -5, 3, 0, 0
0.006320, 0, 0, 0, 0
0.006520, -6, 29, 0, 0
0.006722, -5, -9, 0, 0
0.006920, -5, 16, 0, 0
0.007128, 0, 13, 0, 0
0.007320, 0, -19, 0, 0
0.007520, -5, -9, 0, 0
0.007720, 39, -9, 0, 0
0.007930, -5, -9, 0, 0
0.008128, -6, 16, 0, 0
0.008320, 0, 13, 0, 0
0.008520, 0, -13, 0, 0
0.008720, -51, 41, 0, 0
0.008920, -5, 3, 0, 0
0.009120, 0, -13, 0, 0
0.009320, -5, 3, 0, 0
0.009520, -97, 53, 0, 0
0.009720, 0, 13, 0, 0
0.009920, -5, 3, 0, 0
0.010120, -5, 3, 0, 0
0.010320, -5, 3, 0, 0
0.010520, -62, 35, 0, 0
0.010720, -5, 3, 0, 0
0.010920, -5, -9, 0, 0
0.011120, -5, 3, 0, 0
0.011320, -108, 59, 0, 0
0.011528, 0, 0, 0, 0
0.011720, -4, -75, 0, 0
0.011920, 40, -35, 0, 0
0.012128, 6, -29, 0, 0
0.012320, 0, -19, 0, 0
0.012520, -11, 32, 0, 0
0.012728, -5, 3, 0, 0
0.012920, -5, 3, 0, 0
0.013120, -6, 29, 0, 0
0.013320, -51, 15, 0, 0
0.013520, -5, 3, 0, 0
0.013720, -5, -9, 0, 0
0.013920, -4, -36, 0, 0
0.014120, -5, 3, 0, 0
0.014320, -6, 16, 0, 0
0.014528, -6, 16, 0, 0
0.014720, 0, 26, 0, 0
0.014920, 0, 26, 0, 0
0.015120, -28, 28, 0, 0
0.015320, -52, 93, 0, 0
0.015520, 0, 13, 0, 0
0.015720, 0, 0, 0, 0
0.015920, 63, -73, 0, 0
0.016120, 0, 0, 0, 0
0.016328, 5, -3, 0, 0
0.016520, 0, 0, 0, 0
0.016720, 0, 13, 0, 0
0.016920, 17, -9, 0, 0
0.017120, -5, 3, 0, 0
0.017320, -17, 9, 0, 0
0.017528, -5, 3, 0, 0
0.017720, -5, -9, 0, 0
0.017920, -6, 29, 0, 0
0.018120, 11, 6, 0, 0
0.018322, 0, 0, 0, 0
0.018520, 5, -3, 0, 0
0.018720, 0, 0, 0, 0
0.018920, -5, 3, 0, 0
0.019320, 0, -13, 0, 0
0.019520, 18, -48, 0, 0
0.019728, 0, 0, 0, 0
0.019920, -23, 51, 0, 0
0.020128, -29, 41, 0, 0
0.020320, -6, 16, 0, 0
0.020520, 0, 0, 0, 0
0.020728, 51, -28, 0, 0
0.020928, 0, -13, 0, 0
0.021120, -5, 3, 0, 0
0.021320, 0, 26, 0, 0
0.021528, -5, -9, 0, 0
0.021720, -6, 16, 0, 0
0.021928, 2, -78, 0, 0
0.022120, 0, 0, 0, 0
0.022320, 63, -47, 0, 0
0.022528, 0, 0, 0, 0
0.022722, -39, 35, 0, 0
0.022920, 0, 13, 0, 0
0.023320, -5, -9, 0, 0
0.023520, 17, -9, 0, 0
0.023730, 11, 6, 0, 0
0.023920, 0, -13, 0, 0
0.024128, -5, -9, 0, 0
0.024320, -5, 3, 0, 0
0.024520, -6, 42, 0, 0
0.024728, 17, -22, 0, 0
0.024920, 0, 13, 0, 0
0.025120, -5, -9, 0, 0
0.025328, -5, 3, 0, 0
0.025520, -5, -9, 0, 0
0.025720, -5, 3, 0, 0
0.025920, -6, 29, 0, 0
0.026120, 5, 9, 0, 0
0.026320, -5, 3, 0, 0
0.026530, -5, 3, 0, 0
0.026720, 6, -16, 0, 0
0.026930, -6, 22, 0, 0
0.027120, 39, -9, 0, 0
0.027320, -6, 16, 0, 0
0.027530, -6, 16, 0, 0
0.027720, 0, 13, 0, 0
0.027920, -6, 29, 0, 0
0.028120, -75, 118, 0, 0
0.028330, -5, -9, 0, 0
0.028520, 28, -15, 0, 0
0.028720, -23, 38, 0, 0
0.028920, -5, 3, 0, 0
0.029120, -5, 16, 0, 0
0.029328, 11, -6, 0, 0
0.029520, 5, -3, 0, 0
0.029720, 23, -65, 0, 0
0.029930, 0, 26, 0, 0
0.030120, -5, 3, 0, 0
0.030328, -5, 3, 0, 0
0.030520, 40, -35, 0, 0
0.030730, -5, 3, 0, 0
0.030920, -6, 16, 0, 0
0.031120, -4, -36, 0, 0
0.031320, -5, -9, 0, 0
0.031528, 5, -3, 0, 0
0.031728, 50, -1, 0, 0
0.031920, 0, 26, 0, 0
0.032120, -5, 3, 0, 0
0.032320, 0, 13, 0, 0
0.032528, -5, 3, 0, 0
0.032720, 40, -35, 0, 0
0.032922, -5, 3, 0, 0
0.033128, -3, -75, 0, 0
0.033320, 0, -13, 0, 0
0.033528, -5, -9, 0, 0
0.033720, 0, -13, 0, 0
0.033928, -5, -9, 0, 0
0.034120, 0, 0, 0, 0
0.034320, 0, 13, 0, 0
0.034520, -5, -9, 0, 0
0.034720, 16, 16, 0, 0
0.034920, -11, 6, 0, 0
0.035120, 11, -6, 0, 0
0.035320, 0, -13, 0, 0
0.035522, 0, 0, 0, 0
0.035728, 11, 6, 0, 0
0.035920, 0, -13, 0, 0
0.036120, 17, -22, 0, 0
0.036328, -5, 3, 0, 0
0.036522, -5, 3, 0, 0
0.036720, 40, -35, 0, 0
0.036920, 0, -13, 0, 0
0.037122, -5, 3, 0, 0
0.037320, 0, 0, 0, 0
0.037520, -5, -9, 0, 0
0.037728, -5, 3, 0, 0
0.037920, -5, -9, 0, 0
0.038120, -5, 16, 0, 0
0.038320, 0, 13, 0, 0
0.038520, 0, 13, 0, 0
0.038720, -23, 25, 0, 0
0.038920, -6, 16, 0, 0
0.039120, -5, -9, 0, 0
0.039320, 0, 26, 0, 0
0.039528, -5, 3, 0, 0
0.039720, -6, 29, 0, 0
0.039920, -5, -9, 0, 0
0.040120, 39, -22, 0, 0
0.040328, 0, 13, 0, 0
0.040520, -5, -9, 0, 0
0.040720, 0, -13, 0, 0
0.040920, -5, -9, 0, 0
0.041120, 0, 13, 0, 0
0.041320, 0, -13, 0, 0
0.041520, -5, -9, 0, 0
0.041720, -137, 102, 0, 0
0.041920, -6, 16, 0, 0
0.042128, -5, 3, 0, 0
0.042328, 0, 13, 0, 0
0.042520, 0, 0, 0, 0
0.042720, -6, 16, 0, 0
0.042928, 45, -11, 0, 0
0.043120, 0, 13, 0, 0
0.043320, -62, 34, 0, 0
0.043520, -45, 38, 0, 0
0.043720, -18, 48, 0, 0
0.043930, 39, 4, 0, 0
0.044120, -5, -9, 0, 0
0.044330, 40, -21, 0, 0
0.044520, 0, -13, 0, 0
0.044720, -5, 16, 0, 0
0.044920, -6, 16, 0, 0
0.045120, 0, 0, 0, 0
0.045320, 39, 4, 0, 0
0.045520, 0, 0, 0, 0
0.045728, -5, -9, 0, 0
0.045928, 0, 13, 0, 0
0.046128, 0, 13, 0, 0
0.046320, -5, 3, 0, 0
0.046520, -5, 3, 0, 0
0.046720, -6, 16, 0, 0
0.046920, 0, 0, 0, 0
0.047128, 11, 6, 0, 0
0.047320, -5, 16, 0, 0
0.047520, -5, -9, 0, 0
0.047728, 0, 0, 0, 0
0.047920, -6, 29, 0, 0
0.048120, -74, 41, 0, 0
0.048328, 0, 0, 0, 0
0.048520, -5, 3, 0, 0
0.048720, -5, -9, 0, 0
0.048920, -5, -9, 0, 0
0.049128, -5, 3, 0, 0
0.049320, 0, -13, 0, 0
0.049522, -5, 29, 0, 0
0.049720, -5, 3, 0, 0
0.049920, 0, 13, 0, 0
0.050120, 39, -22, 0, 0
0.050330, -6, 16, 0, 0
0.050528, 0, 0, 0, 0
0.050720, -5, 3, 0, 0
0.050920, -5, 16, 0, 0
0.051120, 0, 0, 0, 0
0.051320, 0, 0, 0, 0
0.051520, -34, 44, 0, 0
0.051720, -4, -36, 0, 0
0.051920, 0, -19, 0, 0
0.052120, -6, 16, 0, 0
0.052320, -5, 16, 0, 0
0.052520, 5, -22, 0, 0
0.052728, 11, -6, 0, 0
0.052920, -5, 3, 0, 0
0.053120, 0, 0, 0, 0
0.053320, -6, 16, 0, 0
0.053520, -5, 3, 0, 0
0.053720, -5, 3, 0, 0
0.053920, -5, 16, 0, 0
0.054120, 0, -13, 0, 0
0.054320, 0, 0, 0, 0
0.054520, 40, -35, 0, 0
0.054720, 0, -13, 0, 0
0.054920, -5, 3, 0, 0
0.055128, -11, -6, 0, 0
0.055320, -5, 3, 0, 0
0.055520, 0, 0, 0, 0
0.055720, -5, -9, 0, 0
0.055920, 40, -35, 0, 0
0.056120, 0, 13, 0, 0
0.056320, 0, 13, 0, 0
0.056528, 17, -35, 0, 0
0.056728, -34, 18, 0, 0
0.056928, 40, -21, 0, 0
0.057120, -5, 3, 0, 0
0.057328, -5, -16, 0, 0
0.057522, -39, 22, 0, 0
0.057728, 6, -16, 0, 0
0.057920, -7, 133, 0, 0
0.058122, 0, 0, 0, 0
0.058320, -5, -9, 0, 0
0.058520, -23, 25, 0, 0
0.058720, -5, 16, 0, 0
0.058920, 11, -6, 0, 0
0.059120, -5, 3, 0, 0
0.059320, -12, 32, 0, 0
0.059520, 39, -8, 0, 0
0.059720, 0, 0, 0, 0
0.059928, -6, 16, 0, 0
0.060120, 0, -13, 0, 0
0.060320, 0, 0, 0, 0
0.060520, -5, -9, 0, 0
0.060728, 0, -13, 0, 0
0.060920, -5, 3, 0, 0
0.061130, 45, -11, 0, 0
0.061320, 0, 13, 0, 0
0.061528, -6, 16, 0, 0
0.061720, 0, -13, 0, 0
0.061920, -11, 6, 0, 0
0.062120, -5, 3, 0, 0
0.062320, 0, -13, 0, 0
0.062528, -5, 3, 0, 0
0.062730, -6, 16, 0, 0
0.062920, -5, -9, 0, 0
0.063130, -6, 16, 0, 0
0.063320, 0, 0, 0, 0
0.063520, -5, 3, 0, 0
0.063720, -5, 3, 0, 0
0.063920, -5, 3, 0, 0
0.064120, -11, 0, 0, 0
0.064320, -5, 3, 0, 0
0.064528, 0, -13, 0, 0
0.064720, -5, 3, 0, 0
0.064928, 5, -3, 0, 0
0.065120, -91, 50, 0, 0
0.065320, 0, -13, 0, 0
0.065520, -3, -114, 0, 0
0.065720, -5, 16, 0, 0
0.065920, -5, -9, 0, 0
0.066122, 0, 13, 0, 0
0.066320, -5, -9, 0, 0
0.066520, -5, -9, 0, 0
0.066720, -6, 29, 0, 0
0.066920, 0, 26, 0, 0
0.067120, -5, 3, 0, 0
0.067320, 5, 9, 0, 0
0.067520, -1, 91, 0, 0
0.067720, 0, 0, 0, 0
0.067928, -23, 25, 0, 0
0.068120, 0, -13, 0, 0
0.068320, -5, -9, 0, 0
0.068530, 3, 75, 0, 0
0.068730, -5, 3, 0, 0
0.068920, 0, 13, 0, 0
0.069120, -17, 9, 0, 0
0.069320, 0, 0, 0, 0
0.069520, -6, 16, 0, 0
0.069720, -11, 19, 0, 0
0.069920, -5, 3, 0, 0
0.070120, -1, 65, 0, 0
0.070320, -6, 29, 0, 0
0.070522, 0, 0, 0, 0
0.070720, -5, 16, 0, 0
0.070920, -5, 3, 0, 0
0.071120, -6, 29, 0, 0
0.071320, 0, 0, 0, 0
0.071520, -5, 16, 0, 0
0.071728, 0, -13, 0, 0
0.071920, -5, -9, 0, 0
0.072120, -6, 29, 0, 0
0.072320, -5, 3, 0, 0
0.072520, 11, 6, 0, 0
0.072728, -6, 16, 0, 0
0.072930, 40, -21, 0, 0
0.073120, 0, -13, 0, 0
0.073328, 86, -46, 0, 0
0.073520, 40, -21, 0, 0
0.073728, -5, 3, 0, 0
0.073920, -142, 65, 0, 0
0.074130, 0, -19, 0, 0
0.074320, 6, -16, 0, 0
0.074520, -11, 38, 0, 0
0.074720, 0, 0, 0, 0
0.074928, 0, 0, 0, 0
0.075122, -5, 29, 0, 0
0.075320, 11, -6, 0, 0
0.075520, 5, 22, 0, 0
0.075720, -6, 29, 0, 0
0.075920, 11, 6, 0, 0
0.076128, -5, 3, 0, 0
0.076330, -6, 16, 0, 0
0.076520, 0, 0, 0, 0
0.076730, 40, -21, 0, 0
0.076920, -5, 3, 0, 0
0.077120, -5, 3, 0, 0
0.077328, -5, 3, 0, 0
0.077522, 0, -13, 0, 0
0.077720, -5, 16, 0, 0
0.077920, 0, 26, 0, 0
0.078120, -5, -9, 0, 0
0.078320, 5, -16, 0, 0
0.078520, -6, 16, 0, 0
0.078720, -5, 16, 0, 0
0.078920, -1, 91, 0, 0
0.079120, 56, 7, 0, 0
0.079328, 0, 13, 0, 0
0.079520, -17, 35, 0, 0
0.079720, 6, -29, 0, 0
0.079920, -5, 3, 0, 0
0.080128, -6, 16, 0, 0
0.080320, -5, -9, 0, 0
0.080520, 0, -13, 0, 0
0.080720, -5, -22, 0, 0
0.080920, 0, 26, 0, 0
0.081120, -11, 0, 0, 0
0.081320, 0, 0, 0, 0
0.081528, -6, 16, 0, 0
0.081720, -5, 3, 0, 0
0.081920, -6, 16, 0, 0
0.082130, 0, 0, 0, 0
0.082328, -5, 3, 0, 0
0.082520, 5, -3, 0, 0
0.082720, 0, 0, 0, 0
0.082928, 0, 13, 0, 0
0.083120, 39, 4, 0, 0
0.083328, 0, -13, 0, 0
0.083520, -5, 3, 0, 0
0.083728, -5, 3, 0, 0
0.083920, -11, 19, 0, 0
0.084128, 0, 13, 0, 0
0.084320, -5, 3, 0, 0
0.084528, -22, -13, 0, 0
0.084720, -5, -9, 0, 0
0.084920, 0, 13, 0, 0
0.085120, -5, -9, 0, 0
0.085320, -5, 3, 0, 0
0.085528, 40, -34, 0, 0
0.085730, 5, -3, 0, 0
0.085920, -5, 3, 0, 0
0.086120, -5, 3, 0, 0
0.086320, -5, 16, 0, 0
0.086530, -5, 3, 0, 0
0.086720, -5, 3, 0, 0
0.086920, -5, 16, 0, 0
0.087120, -5, 3, 0, 0
0.087528, 2, -78, 0, 0
0.087728, -5, -9, 0, 0
0.087930, 0, 0, 0, 0
0.088120, 0, -13, 0, 0
0.088328, 0, 0, 0, 0
0.088520, 0, 0, 0, 0
0.088720, 45, -25, 0, 0
0.088928, -5, 3, 0, 0
0.089128, -18, 48, 0, 0
0.089320, 40, -35, 0, 0
0.089520, -5, 3, 0, 0
0.089728, 11, -6, 0, 0
0.089920, -5, 16, 0, 0
0.090130, -5, -9, 0, 0
0.090320, 0, -13, 0, 0
0.090520, -5, -9, 0, 0
0.090720, -6, 16, 0, 0
0.090920, 39, 4, 0, 0
0.091120, -6, 16, 0, 0
0.091328, 0, 0, 0, 0
0.091520, -6, 29, 0, 0
0.091720, -5, -9, 0, 0
0.091928, -6, 16, 0, 0
0.092320, -6, 16, 0, 0
0.092522, 5, -3, 0, 0
0.092720, -5, 3, 0, 0
0.092920, 0, -6, 0, 0
0.093120, -5, -9, 0, 0
0.093328, 0, 13, 0, 0
0.093520, -45, 12, 0, 0
0.093720, 0, -13, 0, 0
0.093920, 5, 22, 0, 0
0.094120, 0, 26, 0, 0
0.094320, 5, -3, 0, 0
0.094528, -47, 76, 0, 0
0.094728, -6, 29, 0, 0
0.094920, 0, 0, 0, 0
0.095120, 6, -16, 0, 0
0.095320, 1, -78, 0, 0
0.095520, -11, 6, 0, 0
0.095728, -5, 3, 0, 0
0.095928, -5, 3, 0, 0
0.096120, 0, -13, 0, 0
0.096328, -5, -9, 0, 0
0.096520, -5, 3, 0, 0
0.096720, 0, 0, 0, 0
0.096920, -5, 16, 0, 0
0.097120, -6, 16, 0, 0
0.097330, 0, 13, 0, 0
0.097520, 45, 0, 0, 0
0.097730, 40, -21, 0, 0
0.097928, 17, -22, 0, 0
0.098120, -6, 29, 0, 0
0.098328, 23, -38, 0, 0
0.098520, 0, 0, 0, 0
0.098720, 3, 127, 0, 0
0.098928, -6, 16, 0, 0
0.099120, -5, -9, 0, 0
0.099328, -18, 48, 0, 0
0.099528, -6, 16, 0, 0
0.099728, -6, 29, 0, 0
0.099928, 5, -3, 0, 0
0.000120, 0, 13, 0, 0
0.000320, -5, -9, 0, 0
0.000530, -22, 12, 0, 0
0.000720, 0, 13, 0, 0
0.000928, -5, -9, 0, 0
0.001120, -29, 41, 0, 0
0.001328, 0, 13, 0, 0
0.001528, -5, 3, 0, 0
0.001728, -6, 16, 0, 0
0.001920, -5, 3, 0, 0
0.002130, -6, 29, 0, 0
0.002320, -5, 3, 0, 0
0.002520, -6, 29, 0, 0
0.002720, 0, 26, 0, 0
0.002920, -6, 16, 0, 0
0.003120, -34, 18, 0, 0
0.003320, -5, 3, 0, 0
0.003528, -6, 16, 0, 0
0.003728, -6, 16, 0, 0
0.003930, -6, 16, 0, 0
0.004120, 11, 6, 0, 0
0.004320, -5, 3, 0, 0
0.004520, -5, 3, 0, 0
0.004720, 0, 0, 0, 0
0.004920, 0, -13, 0, 0
0.005128, 0, 26, 0, 0
0.005320, 17, -22, 0, 0
0.005520, -6, 29, 0, 0
0.005728, 17, -35, 0, 0
0.005920, 0, 13, 0, 0
0.006120, -5, -9, 0, 0
0.006320, -5, 3, 0, 0
0.006520, 0, 26, 0, 0
0.006720, 0, 13, 0, 0
0.006928, -6, 29, 0, 0
0.007120, 0, 0, 0, 0
0.007328, 37, 69, 0, 0
0.007520, -5, -9, 0, 0
0.007720, 0, -13, 0, 0
0.007928, -6, 16, 0, 0
0.008120, 5, 9, 0, 0
0.008328, -6, 16, 0, 0
0.008520, 0, 13, 0, 0
0.008728, -6, 16, 0, 0
0.008928, 0, 13, 0, 0
0.009128, 0, 0, 0, 0
0.009330, 4, 23, 0, 0
0.009520, -6, 16, 0, 0
0.009728, -5, 3, 0, 0
0.009920, -5, 3, 0, 0
0.010120, 0, 13, 0, 0
0.010320, -5, 3, 0, 0
0.010720, -6, 16, 0, 0
0.010920, 0, -13, 0, 0
0.011130, -4, -36, 0, 0
0.011320, -5, 3, 0, 0
0.011520, -22, 12, 0, 0
0.011720, 0, -13, 0, 0
0.011920, 0, 26, 0, 0
0.012120, -5, 3, 0, 0
0.012320, -5, 3, 0, 0
0.012528, -5, 3, 0, 0
0.012728, -5, 3, 0, 0
0.012920, 0, 0, 0, 0
0.013120, -6, 16, 0, 0
0.013330, -34, 18, 0, 0
0.013520, -6, 16, 0, 0
0.013720, 0, -13, 0, 0
0.013920, 0, 13, 0, 0
0.014128, -5, 3, 0, 0
0.014320, 0, -13, 0, 0
0.014520, 40, -21, 0, 0
0.014720, -11, 19, 0, 0
0.014920, -6, 16, 0, 0
0.015128, 0, 13, 0, 0
0.015320, 5, -3, 0, 0
0.015520, -6, 16, 0, 0
0.015720, -6, 29, 0, 0
0.015920, -5, -9, 0, 0
0.016130, 40, -21, 0, 0
0.016328, -6, 16, 0, 0
0.016520, 0, 13, 0, 0
0.016728, -6, 16, 0, 0
0.016920, 39, -22, 0, 0
0.017128, -5, 3, 0, 0
0.017330, -17, 22, 0, 0
0.017520, 0, -13, 0, 0
0.017720, -5, 3, 0, 0
0.017920, -5, 3, 0, 0
0.018120, 0, 0, 0, 0
0.018320, 39, -8, 0, 0
0.018530, 5, -3, 0, 0
0.018720, -5, -9, 0, 0
0.018920, -5, 16, 0, 0
0.019122, -5, 3, 0, 0
0.019320, -5, 3, 0, 0
0.019520, -5, 3, 0, 0
0.019720, -5, 3, 0, 0
0.019920, -6, 16, 0, 0
0.020120, 0, 13, 0, 0
0.020320, -5, -22, 0, 0
0.020520, -6, 16, 0, 0
0.020720, -6, 16, 0, 0
0.020920, -17, 9, 0, 0
0.021128, 0, 26, 0, 0
0.021320, 0, -13, 0, 0
0.021520, -5, -9, 0, 0
0.021720, 22, -12, 0, 0
0.021920, 41, -74, 0, 0
0.022120, 0, 13, 0, 0
0.022330, 11, -6, 0, 0
0.022520, -6, 16, 0, 0
0.022728, -17, 22, 0, 0
0.022920, -5, 16, 0, 0
0.023120, -11, 25, 0, 0
0.023320, -5, 3, 0, 0
0.023520, -5, 3, 0, 0
0.023720, -5, 3, 0, 0
0.023920, 0, 0, 0, 0
0.024120, -5, 3, 0, 0
0.024320, -22, 12, 0, 0
0.024520, 0, -13, 0, 0
0.024728, -5, -9, 0, 0
0.024920, -5, 3, 0, 0
0.025120, -5, -9, 0, 0
0.025320, -5, 16, 0, 0
0.025520, 6, -29, 0, 0
0.025728, -12, 32, 0, 0
0.025920, -6, 29, 0, 0
0.026120, -5, -36, 0, 0
0.026320, -5, 3, 0, 0
0.026530, -5, 3, 0, 0
0.026720, -22, 12, 0, 0
0.026920, -5, 16, 0, 0
0.027120, 5, 22, 0, 0
0.027328, 0, 0, 0, 0
0.027522, -17, 22, 0, 0
0.027720, 11, 6, 0, 0
0.027920, -6, 29, 0, 0
0.028120, 0, -19, 0, 0
0.028320, -5, 3, 0, 0
0.028528, -46, 50, 0, 0
0.028728, -6, 29, 0, 0
0.028920, 0, 13, 0, 0
0.029120, -5, -9, 0, 0
0.029320, 0, 13, 0, 0
0.029520, 0, 0, 0, 0
0.029728, -6, 16, 0, 0
0.029922, 0, 0, 0, 0
0.030120, -137, 76, 0, 0
0.030320, -6, 29, 0, 0
0.030528, -5, -9, 0, 0
0.030720, 0, 0, 0, 0
0.030930, -5, -9, 0, 0
0.031120, -5, 3, 0, 0
0.031320, -5, 3, 0, 0
0.031520, 0, 26, 0, 0
0.031720, -51, 67, 0, 0
0.031920, -5, 3, 0, 0
0.032120, 0, 13, 0, 0
0.032320, -5, 3, 0, 0
0.032528, -5, 3, 0, 0
0.032720, -5, 3, 0, 0
0.032928, 11, -19, 0, 0
0.033120, -5, 3, 0, 0
0.033320, 0, 0, 0, 0
0.033520, 40, -21, 0, 0
0.033720, 0, 0, 0, 0
0.033920, -5, 3, 0, 0
0.034128, -6, 16, 0, 0
0.034320, 5, -3, 0, 0
0.034528, -17, 35, 0, 0
0.034720, -7, 81, 0, 0
0.034920, 0, 13, 0, 0
0.035120, -5, 3, 0, 0
0.035320, -5, 16, 0, 0
0.035520, -5, 16, 0, 0
0.035730, -6, 16, 0, 0
0.035930, 5, -3, 0, 0
0.036120, 0, 26, 0, 0
0.036320, 11, -6, 0, 0
0.036520, 0, 0, 0, 0
0.036720, -6, 16, 0, 0
0.036920, -6, 29, 0, 0
0.037128, -5, -9, 0, 0
0.037320, -5, -9, 0, 0
0.037520, 0, 13, 0, 0
0.037720, 0, 13, 0, 0
0.037928, -12, 32, 0, 0
0.038120, -5, 3, 0, 0
0.038320, 0, -13, 0, 0
0.038528, 20, -113, 0, 0
0.038720, -6, 16, 0, 0
0.038920, 0, 0, 0, 0
0.039120, 5, -3, 0, 0
0.039328, 5, 9, 0, 0
0.039520, 0, 0, 0, 0
0.039720, -2, 143, 0, 0
0.039920, -5, 3, 0, 0
0.040120, -5, -9, 0, 0
0.040328, -6, 29, 0, 0
0.040522, 0, 0, 0, 0
0.040728, 0, 13, 0, 0
0.040920, 0, 13, 0, 0
0.041122, -5, 3, 0, 0
0.041320, -6, 29, 0, 0
0.041528, -17, 9, 0, 0
0.041720, 0, 13, 0, 0
0.041928, 0, -6, 0, 0
0.042120, 0, 13, 0, 0
0.042320, 0, 13, 0, 0
0.042520, -5, 3, 0, 0
0.042728, 0, 13, 0, 0
0.042920, -5, 3, 0, 0
0.043120, -6, 29, 0, 0
0.043320, -91, 37, 0, 0
0.043530, -11, 6, 0, 0
0.043720, -5, 3, 0, 0
0.043920, 5, 9, 0, 0
0.044120, -5, 3, 0, 0
0.044320, -5, -9, 0, 0
0.044520, 45, 0, 0, 0
0.044720, 6, -16, 0, 0
0.044920, 0, -13, 0, 0
0.045120, 0, 13, 0, 0
0.045320, -22, 0, 0, 0
0.045520, 0, 13, 0, 0
0.045728, -6, 29, 0, 0
0.045930, -23, 38, 0, 0
0.046128, -5, -9, 0, 0
0.046320, -7, 94, 0, 0
0.046520, 0, -13, 0, 0
0.046720, 5, -3, 0, 0
0.046930, 40, -21, 0, 0
0.047128, 0, 0, 0, 0
0.047320, 11, 6, 0, 0
0.047520, 39, -22, 0, 0
0.047720, -5, 16, 0, 0
0.047920, 0, 0, 0, 0
0.048120, -11, 19, 0, 0
0.048320, -1, 65, 0, 0
0.048520, -5, -9, 0, 0
0.048720, 0, 0, 0, 0
0.048928, -6, 16, 0, 0
0.049120, -6, 35, 0, 0
0.049330, 0, 0, 0, 0
0.049520, -6, 29, 0, 0
0.049728, 0, 13, 0, 0
0.049920, -47, 90, 0, 0
0.050120, 39, -22, 0, 0
0.050328, -6, 16, 0, 0
0.050520, -5, 3, 0, 0
0.050730, -34, 18, 0, 0
0.050920, 0, 0, 0, 0
0.051120, 0, -13, 0, 0
0.051320, -45, 12, 0, 0
0.051520, -5, -9, 0, 0
0.051720, -5, 3, 0, 0
0.051920, -5, 3, 0, 0
0.052120, -5, 3, 0, 0
0.052320, 0, 13, 0, 0
0.052520, -17, 22, 0, 0
0.052728, 0, -13, 0, 0
0.052928, 0, -13, 0, 0
0.053120, -5, 16, 0, 0
0.053330, 0, -13, 0, 0
0.053520, -52, 93, 0, 0
0.053720, -5, 3, 0, 0
0.053928, -6, 29, 0, 0
0.054120, 0, 26, 0, 0
0.054320, -5, -9, 0, 0
0.054520, 39, 3, 0, 0
0.054720, -7, 94, 0, 0
0.054920, -5, -9, 0, 0
0.055120, 0, 0, 0, 0
0.055320, 11, -6, 0, 0
0.055520, 39, -9, 0, 0
0.055728, -6, 16, 0, 0
0.055920, -5, -16, 0, 0
0.056120, 0, 26, 0, 0
0.056320, -6, 29, 0, 0
0.056520, 41, -74, 0, 0
0.056720, 40, -35, 0, 0
0.056920, 11, -6, 0, 0
0.057120, -5, 3, 0, 0
0.057322, 5, -3, 0, 0
0.057520, -7, 94, 0, 0
0.057720, -6, 29, 0, 0
0.057920, -6, 16, 0, 0
0.058120, 0, 0, 0, 0
0.058328, 0, 13, 0, 0
0.058520, 5, 22, 0, 0
0.058720, 0, 0, 0, 0
0.058920, -5, -3, 0, 0
0.059122, -5, 29, 0, 0
0.059320, 0, -13, 0, 0
0.059520, -5, 3, 0, 0
0.059720, 0, 26, 0, 0
0.059928, -17, 22, 0, 0
0.060120, -5, 16, 0, 0
0.060320, 0, 26, 0, 0
0.060520, 0, 26, 0, 0
0.060720, -5, -36, 0, 0
0.060928, 0, 0, 0, 0
0.061128, -5, 3, 0, 0
0.061320, 0, 26, 0, 0
0.061520, 11, -6, 0, 0
0.061720, 0, 13, 0, 0
0.061920, 0, -26, 0, 0
0.062120, 5, -3, 0, 0
0.062320, -11, 32, 0, 0
0.062520, -5, -9, 0, 0
0.062720, 0, -13, 0, 0
0.062920, 0, 13, 0, 0
0.063120, 11, 6, 0, 0
0.063320, 5, -3, 0, 0
0.063520, -6, 16, 0, 0
0.063720, 39, -9, 0, 0
0.063922, -5, 29, 0, 0
0.064120, -5, -9, 0, 0
0.064320, 11, 6, 0, 0
0.064520, 10, 19, 0, 0
0.064720, -6, 16, 0, 0
0.064930, -6, 16, 0, 0
0.065120, 0, 13, 0, 0
0.065320, 6, -16, 0, 0
0.065520, 39, -22, 0, 0
0.065720, -5, -9, 0, 0
0.065928, 0, 26, 0, 0
0.066128, 6, -42, 0, 0
0.066320, -5, -16, 0, 0
0.066520, 29, -41, 0, 0
0.066728, 11, -19, 0, 0
0.066920, -46, 38, 0, 0
0.067120, 39, 4, 0, 0
0.067320, -6, 29, 0, 0
0.067520, 108, -59, 0, 0
0.067720, -5, 3, 0, 0
0.067920, -5, -9, 0, 0
0.068120, -5, -9, 0, 0
0.068320, -6, 16, 0, 0
0.068520, -5, 3, 0, 0
0.068720, -6, 29, 0, 0
0.068920, -5, 3, 0, 0
0.069120, 0, -39, 0, 0
0.069320, 73, -1, 0, 0
0.069522, -5, 29, 0, 0
0.069720, 0, 0, 0, 0
0.069920, 39, -9, 0, 0
0.070120, -5, -9, 0, 0
0.070320, -5, -9, 0, 0
0.070520, 5, -3, 0, 0
0.070720, -114, 127, 0, 0
0.070928, -6, 16, 0, 0
0.071120, 17, -35, 0, 0
0.071320, -5, 16, 0, 0
0.071520, 5, 9, 0, 0
0.071720, -5, 16, 0, 0
0.071920, 0, 26, 0, 0
0.072120, 39, -22, 0, 0
0.072320, -5, 16, 0, 0
0.072520, 0, 0, 0, 0
0.072720, 1, -78, 0, 0
0.072920, 39, -22, 0, 0
0.073120, 11, -6, 0, 0
0.073320, -6, 29, 0, 0
0.073520, -6, 16, 0, 0
0.073720, 56, -5, 0, 0
0.073930, -17, 35, 0, 0
0.074320, 85, -21, 0, 0
0.074520, 39, -22, 0, 0
0.074728, 0, 13, 0, 0
0.074920, 0, 26, 0, 0
0.075120, -40, 48, 0, 0
0.075320, -34, 19, 0, 0
0.075528, -6, 16, 0, 0
0.075728, -51, 27, 0, 0
0.075930, -5, 3, 0, 0
0.076128, 39, -8, 0, 0
0.076320, 0, -13, 0, 0
0.076522, -5, 3, 0, 0
0.076720, 0, -13, 0, 0
0.076920, -11, 6, 0, 0
0.077120, 0, 13, 0, 0
0.077320, -5, 3, 0, 0
0.077520, -5, 3, 0, 0
0.077728, 0, 26, 0, 0
0.077920, 0, 0, 0, 0
0.078128, 6, -16, 0, 0
0.078320, -6, 16, 0, 0
0.078520, 0, 13, 0, 0
0.078720, 0, 13, 0, 0
0.078920, -6, 16, 0, 0
0.079122, -5, 3, 0, 0
0.079320, 40, -35, 0, 0
0.079528, 0, -13, 0, 0
0.079720, 40, -35, 0, 0
0.079920, 0, 13, 0, 0
0.080120, 16, 16, 0, 0
0.080320, 0, 26, 0, 0
0.080528, -5, 3, 0, 0
0.080720, 11, 19, 0, 0
0.080920, 5, 9, 0, 0
0.081128, -6, 29, 0, 0
0.081320, -5, 3, 0, 0
0.081528, -5, -9, 0, 0
0.081720, -5, 3, 0, 0
0.081920, 5, 22, 0, 0
0.082130, 0, 13, 0, 0
0.082328, -6, 29, 0, 0
0.082520, 0, 0, 0, 0
0.082720, -5, 3, 0, 0
0.082928, 17, -22, 0, 0
0.083122, -5, 16, 0, 0
0.083320, 0, 0, 0, 0
0.083520, -5, 3, 0, 0
0.083720, -5, -9, 0, 0
0.083920, 0, -32, 0, 0
0.084330, -5, -9, 0, 0
0.084520, -34, 45, 0, 0
0.084720, -17, 35, 0, 0
0.084922, -62, 35, 0, 0
0.085120, 0, 0, 0, 0
0.085328, 0, -13, 0, 0
0.085520, -40, 67, 0, 0
0.085720, 0, 13, 0, 0
0.085920, -34, 18, 0, 0
0.086128, -5, -9, 0, 0
0.086320, 11, 19, 0, 0
0.086520, 0, 0, 0, 0
0.086728, -5, -9, 0, 0
0.086928, -5, -9, 0, 0
0.087128, -6, 16, 0, 0
0.087320, 0, -39, 0, 0
0.087520, -6, 29, 0, 0
0.087720, 0, 26, 0, 0
0.087920, -6, 16, 0, 0
0.088128, -8, 94, 0, 0
0.088320, -11, 25, 0, 0
0.088520, -6, 16, 0, 0
0.088720, -5, 3, 0, 0
0.088920, -11, 19, 0, 0
0.089120, 11, -19, 0, 0
0.089328, 5, 9, 0, 0
0.089520, -5, -9, 0, 0
0.089720, -5, 16, 0, 0
0.089920, 23, -38, 0, 0
0.090128, 0, 26, 0, 0
0.090320, -5, -22, 0, 0
0.090528, 0, 0, 0, 0
0.090720, 6, -16, 0, 0
0.090920, 0, 0, 0, 0
0.091120, 5, -3, 0, 0
0.091328, 0, -13, 0, 0
0.091530, -5, 3, 0, 0
0.091720, -5, -9, 0, 0
0.091920, 0, 0, 0, 0
0.092120, 40, -21, 0, 0
0.092322, -5, -9, 0, 0
0.092520, 11, -6, 0, 0
0.092720, -17, 35, 0, 0
0.092920, 40, -35, 0, 0
0.093120, -11, 6, 0, 0
0.093328, 5, -3, 0, 0
0.093528, -5, 3, 0, 0
0.093720, -5, 16, 0, 0
0.093920, 0, 0, 0, 0
0.094130, 45, -11, 0, 0
0.094320, -34, 44, 0, 0
0.094530, -5, -9, 0, 0
0.094720, -5, -22, 0, 0
0.094920, -6, 42, 0, 0
0.095128, -5, 3, 0, 0
0.095320, -6, 29, 0, 0
0.095520, -5, 3, 0, 0
0.095720, 0, 13, 0, 0
0.095928, 0, -13, 0, 0
0.096130, -8, 94, 0, 0
0.096520, 0, 0, 0, 0
0.096720, -6, 16, 0, 0
0.096930, 0, 0, 0, 0
0.097120, -52, 80, 0, 0
0.097320, -5, -9, 0, 0
0.097520, 0, -26, 0, 0
0.097720, -6, 16, 0, 0
0.097930, 0, 0, 0, 0
0.098120, -28, 28, 0, 0
0.098320, 5, -3, 0, 0
0.098528, 0, 13, 0, 0
0.098720, 0, 13, 0, 0
0.098928, -6, 16, 0, 0
0.099120, -5, 16, 0, 0
0.099320, -5, 3, 0, 0
0.099528, 10, 19, 0, 0
0.099720, -5, -9, 0, 0
0.099920, -5, 16, 0, 0
0.000120, 0, 0, 0, 0
0.000328, -22, 0, 0, 0
0.000530, -6, 16, 0, 0
0.000730, -5, 3, 0, 0
0.000928, -6, 16, 0, 0
0.001120, -6, 16, 0, 0
0.001320, -12, 32, 0, 0
0.001520, -5, 3, 0, 0
0.001728, 28, -2, 0, 0
0.001928, 5, 9, 0, 0
0.002130, -6, 29, 0, 0
0.002330, 0, 13, 0, 0
0.002520, 0, 0, 0, 0
0.002730, -5, 3, 0, 0
0.002920, -5, 3, 0, 0
0.003130, 0, -26, 0, 0
0.003320, 0, 0, 0, 0
0.003520, 0, 13, 0, 0
0.003720, 0, 0, 0, 0
0.003920, -6, 16, 0, 0
0.004120, 10, 19, 0, 0
0.004320, 0, 13, 0, 0
0.004528, -6, 16, 0, 0
0.004720, 0, 0, 0, 0
0.004920, 0, -6, 0, 0
0.005120, 0, 0, 0, 0
0.005328, 11, 6, 0, 0
0.005520, 0, -13, 0, 0
0.005720, -5, 3, 0, 0
0.005920, 0, -13, 0, 0
0.006128, -11, 25, 0, 0
0.006328, -5, 3, 0, 0
0.006520, -6, 29, 0, 0
0.006720, -6, 16, 0, 0
0.006928, -6, 16, 0, 0
0.007128, -5, 3, 0, 0
0.007320, -6, 29, 0, 0
0.007520, 0, 0, 0, 0
0.007720, -45, 12, 0, 0
0.007920, -5, 3, 0, 0
0.008120, -5, 16, 0, 0
0.008328, -5, 3, 0, 0
0.008520, -5, 3, 0, 0
0.008728, -5, -9, 0, 0
0.008928, -5, -9, 0, 0
0.009120, 93, -122, 0, 0
0.009320, -28, 28, 0, 0
0.009530, -11, 19, 0, 0
0.009720, -7, 94, 0, 0
0.009920, -5, -9, 0, 0
0.010128, -6, 16, 0, 0
0.010320, -17, 48, 0, 0
0.010528, -5, 3, 0, 0
0.010720, 5, 9, 0, 0
0.010920, -5, 3, 0, 0
0.011128, 5, -3, 0, 0
0.011320, -5, 3, 0, 0
0.011528, 0, 13, 0, 0
0.011720, 39, 4, 0, 0
0.011920, -5, -9, 0, 0
0.012130, -6, 16, 0, 0
0.012328, 39, 4, 0, 0
0.012520, 0, -13, 0, 0
0.012728, -6, 16, 0, 0
0.012928, -6, 16, 0, 0
0.013120, -5, 3, 0, 0
0.013320, -5, 16, 0, 0
0.013520, 0, 13, 0, 0
0.013720, -22, 0, 0, 0
0.013920, 0, 0, 0, 0
0.014120, 0, 26, 0, 0
0.014320, 0, 0, 0, 0
0.014520, -102, 69, 0, 0
0.014720, 5, 9, 0, 0
0.014928, 11, 6, 0, 0
0.015120, 0, 0, 0, 0
0.015322, -5, -35, 0, 0
0.015520, 0, 0, 0, 0
0.015720, 0, 0, 0, 0
0.015930, 0, 13, 0, 0
0.016120, -6, 16, 0, 0
0.016320, -5, -9, 0, 0
0.016520, 17, -35, 0, 0
0.016720, -5, 3, 0, 0
0.016920, 0, 0, 0, 0
0.017120, -6, 16, 0, 0
0.017320, -17, 22, 0, 0
0.017530, -5, 3, 0, 0
0.017720, -6, 29, 0, 0
0.018128, -5, -9, 0, 0
0.018320, -6, 29, 0, 0
0.018528, -6, 29, 0, 0
0.018720, -5, 3, 0, 0
0.018928, 0, 13, 0, 0
0.019120, 0, -13, 0, 0
0.019320, 11, -6, 0, 0
0.019520, 0, 0, 0, 0
0.019720, 0, 0, 0, 0
0.019928, -5, 3, 0, 0
0.020120, 0, 13, 0, 0
0.020328, 5, -3, 0, 0
0.020520, -45, 25, 0, 0
0.020720, 0, -26, 0, 0
0.020920, -6, 29, 0, 0
0.021120, 0, 26, 0, 0
0.021320, -18, 48, 0, 0
0.021520, -5, 3, 0, 0
0.021728, 0, -13, 0, 0
0.021920, -11, 19, 0, 0
0.022120, -5, 16, 0, 0
0.022320, 11, 6, 0, 0
0.022520, 0, 0, 0, 0
0.022720, -17, 22, 0, 0
0.022920, 0, 32, 0, 0
0.023120, -5, -9, 0, 0
0.023320, 0, 0, 0, 0
0.023520, 5, 9, 0, 0
0.023720, 0, 13, 0, 0
0.023920, 5, -3, 0, 0
0.024120, -5, 3, 0, 0
0.024328, -5, 3, 0, 0
0.024520, -17, 22, 0, 0
0.024720, 0, 26, 0, 0
0.024928, 0, 13, 0, 0
0.025120, -5, -9, 0, 0
0.025320, 0, 13, 0, 0
0.025520, 0, 0, 0, 0
0.025720, -5, 3, 0, 0
0.025920, -6, 16, 0, 0
0.026120, -5, -9, 0, 0
0.026320, 0, 26, 0, 0
0.026520, 0, -13, 0, 0
0.026720, 0, 0, 0, 0
0.026920, -51, 41, 0, 0
0.027120, -5, 16, 0, 0
0.027320, -5, 16, 0, 0
0.027520, -5, -9, 0, 0
0.027728, -5, -9, 0, 0
0.027920, 0, -26, 0, 0
0.028120, 5, 9, 0, 0
0.028320, -5, 3, 0, 0
0.028520, -5, 3, 0, 0
0.028720, 0, -13, 0, 0
0.028920, -6, 29, 0, 0
0.029120, -51, 54, 0, 0
0.029320, -5, -9, 0, 0
0.029520, 0, 13, 0, 0
0.029920, -5, 3, 0, 0
0.030120, 0, -13, 0, 0
0.030320, 40, -35, 0, 0
0.030520, -11, 6, 0, 0
0.030728, -17, 9, 0, 0
0.030928, -5, -9, 0, 0
0.031120, 0, 0, 0, 0
0.031328, -5, 3, 0, 0
0.031520, 0, 0, 0, 0
0.031720, 39, 4, 0, 0
0.031920, -5, 3, 0, 0
0.032128, -98, 52, 0, 0
0.032330, 0, 13, 0, 0
0.032528, -5, 9, 0, 0
0.032720, 0, 0, 0, 0
0.032928, 0, 26, 0, 0
0.033120, 11, -6, 0, 0
0.033320, -5, 3, 0, 0
0.033520, -5, -9, 0, 0
0.033920, -5, 16, 0, 0
0.034120, 0, -13, 0, 0
0.034320, -5, -9, 0, 0
0.034522, 0, 13, 0, 0
0.034720, -5, 3, 0, 0
0.034920, -5, 3, 0, 0
0.035128, -6, 16, 0, 0
0.035320, 0, 26, 0, 0
0.035520, -11, 32, 0, 0
0.035720, -5, 16, 0, 0
0.035930, 0, 0, 0, 0
0.036120, -45, 38, 0, 0
0.036320, 0, 26, 0, 0
0.036522, 0, 13, 0, 0
0.036720, -5, 3, 0, 0
0.036920, -5, -9, 0, 0
0.037120, 0, -13, 0, 0
0.037328, -6, 16, 0, 0
0.037530, -17, 35, 0, 0
0.037720, -6, 29, 0, 0
0.037930, -5, 3, 0, 0
0.038128, -6, 16, 0, 0
0.038320, 0, 0, 0, 0
0.038520, 10, 19, 0, 0
0.038720, -5, 3, 0, 0
0.039120, -5, 3, 0, 0
0.039320, -5, -9, 0, 0
0.039528, 0, -13, 0, 0
0.039720, -5, -22, 0, 0
0.039920, 5, -3, 0, 0
0.040128, 5, -9, 0, 0
0.040320, -34, 5, 0, 0
0.040520, -34, 19, 0, 0
0.040720, -5, 3, 0, 0
0.040920, -5, -9, 0, 0
0.041120, 11, -6, 0, 0
0.041320, 0, 26, 0, 0
0.041520, 0, -13, 0, 0
0.041728, 27, 10, 0, 0
0.041920, -5, -9, 0, 0
0.042120, 13, -84, 0, 0
0.042328, -2, -101, 0, 0
0.042530, 0, -13, 0, 0
0.042720, 0, 0, 0, 0
0.042920, -6, 29, 0, 0
0.043122, 39, -35, 0, 0
0.043320, -6, 29, 0, 0
0.043520, -6, 29, 0, 0
0.043720, 0, -13, 0, 0
0.043920, 0, 0, 0, 0
0.044120, 0, -13, 0, 0
0.044328, 5, 22, 0, 0
0.044520, 11, -6, 0, 0
0.044720, 5, -3, 0, 0
0.044928, -6, 16, 0, 0
0.045120, -5, 3, 0, 0
0.045328, 39, -8, 0, 0
0.045520, -5, 3, 0, 0
0.045728, 40, -21, 0, 0
0.045930, -53, 92, 0, 0
0.046120, -5, 3, 0, 0
0.046320, 17, -35, 0, 0
0.046520, 5, 9, 0, 0
0.046720, 0, 13, 0, 0
0.046920, 0, 0, 0, 0
0.047128, 0, -13, 0, 0
0.047320, -5, 16, 0, 0
0.047520, -34, 19, 0, 0
0.047720, 5, 3, 0, 0
0.047920, 5, -3, 0, 0
0.048120, -5, 16, 0, 0
0.048328, 63, -47, 0, 0
0.048520, 0, 13, 0, 0
0.048720, 0, 0, 0, 0
0.048920, -17, 35, 0, 0
0.049120, -91, 63, 0, 0
0.049328, -6, 29, 0, 0
0.049528, 40, -21, 0, 0
0.049720, 0, 0, 0, 0
0.049920, -5, 16, 0, 0
0.050120, -6, 16, 0, 0
0.050320, 5, 9, 0, 0
0.050520, 108, -59, 0, 0
0.050720, 11, -6, 0, 0
0.050920, 0, 0, 0, 0
0.051120, 0, -13, 0, 0
0.051328, 5, 9, 0, 0
0.051520, -5, 3, 0, 0
0.051728, -5, 3, 0, 0
0.051920, 0, 13, 0, 0
0.052120, -22, 0, 0, 0
0.052320, 0, 0, 0, 0
0.052520, 0, 0, 0, 0
0.052720, -5, 16, 0, 0
0.052920, -6, 16, 0, 0
0.053128, 0, 26, 0, 0
0.053330, 0, 0, 0, 0
0.053520, 5, -22, 0, 0
0.053720, 0, 0, 0, 0
0.053928, 0, 26, 0, 0
0.054122, -5, 3, 0, 0
0.054328, -17, 22, 0, 0
0.054520, -5, 3, 0, 0
0.054730, 10, 19, 0, 0
0.054920, -5, -9, 0, 0
0.055120, 0, -13, 0, 0
0.055320, 39, -9, 0, 0
0.055528, -5, -9, 0, 0
0.055720, -5, 3, 0, 0
0.055928, -5, -9, 0, 0
0.056120, -5, 3, 0, 0
0.056320, -6, 16, 0, 0
0.056520, 0, 0, 0, 0
0.056720, -6, 29, 0, 0
0.056920, -5, -9, 0, 0
0.057120, -5, 3, 0, 0
0.057320, -6, 29, 0, 0
0.057520, 0, 26, 0, 0
0.057720, -5, 3, 0, 0
0.057920, -5, -9, 0, 0
0.058120, 0, 0, 0, 0
0.058320, 0, 0, 0, 0
0.058520, 10, 19, 0, 0
0.058720, -5, 3, 0, 0
0.058920, 0, 26, 0, 0
0.059120, 0, 0, 0, 0
0.059320, 0, -13, 0, 0
0.059520, 0, 0, 0, 0
0.059728, -52, 66, 0, 0
0.059920, 39, 3, 0, 0
0.060122, -45, 38, 0, 0
0.060320, 0, -13, 0, 0
0.060520, 0, 0, 0, 0
0.060720, -5, 16, 0, 0
0.060928, -6, 16, 0, 0
0.061120, -51, 54, 0, 0
0.061330, 0, 26, 0, 0
0.061520, 11, -19, 0, 0
0.061728, -11, -6, 0, 0
0.061930, 0, -26, 0, 0
0.062128, -6, 16, 0, 0
0.062320, 0, 0, 0, 0
0.062520, -5, -9, 0, 0
0.062720, 0, -19, 0, 0
0.062920, 5, 9, 0, 0
0.063120, 0, 26, 0, 0
0.063330, -6, 16, 0, 0
0.063520, 0, 19, 0, 0
0.063720, -3, -114, 0, 0
0.063928, -5, -9, 0, 0
0.064120, 5, -3, 0, 0
0.064320, 40, -21, 0, 0
0.064520, -46, 103, 0, 0
0.064720, 40, -35, 0, 0
0.064928, 11, -6, 0, 0
0.065120, -5, -9, 0, 0
0.065320, 5, -16, 0, 0
0.065528, 39, -8, 0, 0
0.065728, 0, 13, 0, 0
0.065920, -5, 3, 0, 0
0.066120, 39, -22, 0, 0
0.066320, 0, -13, 0, 0
0.066520, 0, 13, 0, 0
0.066730, 0, -13, 0, 0
0.066928, -6, 16, 0, 0
0.067120, 0, 0, 0, 0
0.067320, -5, 3, 0, 0
0.067530, -5, 3, 0, 0
0.067730, 0, 0, 0, 0
0.067920, -5, 3, 0, 0
0.068120, 6, -29, 0, 0
0.068320, -5, -3, 0, 0
0.068520, 0, 0, 0, 0
0.068928, -6, 16, 0, 0
0.069120, 0, 0, 0, 0
0.069320, -234, 129, 0, 0
0.069520, -34, 19, 0, 0
0.069720, -17, 9, 0, 0
0.069920, -5, -9, 0, 0
0.070120, 5, 9, 0, 0
0.070320, 17, -9, 0, 0
0.070520, 11, 6, 0, 0
0.070720, -7, 94, 0, 0
0.070920, -5, 3, 0, 0
0.071120, 1, -52, 0, 0
0.071328, 0, -13, 0, 0
0.071520, -6, 29, 0, 0
0.071720, 5, -3, 0, 0
0.071920, 0, -13, 0, 0
0.072120, -5, -22, 0, 0
0.072322, 17, -22, 0, 0
0.072520, -5, 3, 0, 0
0.072720, 39, 3, 0, 0
0.072920, -6, 16, 0, 0
0.073120, -5, 3, 0, 0
0.073320, -5, 16, 0, 0
0.073528, -5, 3, 0, 0
0.073720, -5, 3, 0, 0
0.073920, 0, 13, 0, 0
0.074120, -5, 3, 0, 0
0.074320, 0, -13, 0, 0
0.074520, -6, 29, 0, 0
0.074720, -5, 3, 0, 0
0.074928, 0, -13, 0, 0
0.075120, -6, 29, 0, 0
0.075320, -5, 3, 0, 0
0.075520, 0, -13, 0, 0
0.075730, -6, 16, 0, 0
0.075920, 11, -6, 0, 0
0.076130, -5, -9, 0, 0
0.076320, 0, 0, 0, 0
0.076520, 11, 6, 0, 0
0.076720, -5, 16, 0, 0
0.076922, -5, -9, 0, 0
0.077120, 11, -19, 0, 0
0.077320, -5, -9, 0, 0
0.077522, 0, 26, 0, 0
0.077720, 0, 0, 0, 0
0.077920, 0, 13, 0, 0
0.078130, -5, -9, 0, 0
0.078330, -6, 16, 0, 0
0.078520, -5, 3, 0, 0
0.078720, -11, 25, 0, 0
0.078920, -5, 3, 0, 0
0.079120, 5, -3, 0, 0
0.079320, 0, -26, 0, 0
0.079520, 5, 9, 0, 0
0.079728, -5, -22, 0, 0
0.079930, -6, 29, 0, 0
0.080120, -4, -36, 0, 0
0.080320, -5, -9, 0, 0
0.080520, -5, -22, 0, 0
0.080730, -4, -36, 0, 0
0.080920, -45, 25, 0, 0
0.081120, 9, -199, 0, 0
0.081320, -46, 70, 0, 0
0.081520, 85, -60, 0, 0
0.081720, -6, 16, 0, 0
0.081920, 5, 9, 0, 0
0.082120, 39, -8, 0, 0
0.082320, -5, 3, 0, 0
0.082528, -5, -9, 0, 0
0.082720, 0, 0, 0, 0
0.082920, -5, -9, 0, 0
0.083128, 0, 26, 0, 0
0.083320, 39, 3, 0, 0
0.083520, 0, 0, 0, 0
0.083720, -17, 22, 0, 0
0.083920, -5, 3, 0, 0
0.084120, -34, 70, 0, 0
0.084322, -5, 3, 0, 0
0.084520, -46, 77, 0, 0
0.084720, -5, 3, 0, 0
0.084920, -5, -9, 0, 0
0.085128, -12, 45, 0, 0
0.085320, -17, 22, 0, 0
0.085520, -11, 6, 0, 0
0.085720, 5, -3, 0, 0
0.085920, 11, 6, 0, 0
0.086120, -5, 3, 0, 0
0.086320, -5, 3, 0, 0
0.086520, 0, -13, 0, 0
0.086720, -5, 16, 0, 0
0.086930, 0, 13, 0, 0
0.087120, -5, 3, 0, 0
0.087320, 0, 0, 0, 0
0.087522, -5, -9, 0, 0
0.087720, 0, 13, 0, 0
0.087920, 0, 13, 0, 0
0.088120, -5, 3, 0, 0
0.088320, -91, 50, 0, 0
0.088528, -18, 35, 0, 0
0.088720, 0, -13, 0, 0
0.088920, -6, 29, 0, 0
0.089120, 16, 16, 0, 0
0.089328, -17, 22, 0, 0
0.089520, -33, -7, 0, 0
0.089728, 0, -13, 0, 0
0.089920, 0, 0, 0, 0
0.090130, 0, -13, 0, 0
0.090320, -5, 16, 0, 0
0.090520, -5, 3, 0, 0
0.090720, -5, -9, 0, 0
0.090928, 0, -13, 0, 0
0.091120, 0, 0, 0, 0
0.091320, -5, 3, 0, 0
0.091522, -5, -9, 0, 0
0.091720, 22, 0, 0, 0
0.091928, -6, 16, 0, 0
0.092120, 52, -80, 0, 0
0.092320, -6, 16, 0, 0
0.092520, -34, 45, 0, 0
0.092720, -5, 16, 0, 0
0.092920, 0, 26, 0, 0
0.093120, 0, 13, 0, 0
0.093320, 11, -19, 0, 0
0.093528, -5, -9, 0, 0
0.093720, 0, 13, 0, 0
0.093920, -11, 32, 0, 0
0.094120, 0, 13, 0, 0
0.094328, -34, 5, 0, 0
0.094520, -5, -9, 0, 0
0.094720, -17, 22, 0, 0
0.094920, 0, 26, 0, 0
0.095120, 0, 0, 0, 0
0.095320, 0, -26, 0, 0
0.095528, -17, 22, 0, 0
0.095720, -5, -36, 0, 0
0.095920, 0, 13, 0, 0
0.096128, 0, 13, 0, 0
0.096330, -5, 3, 0, 0
0.096520, -5, 3, 0, 0
0.096720, 0, -13, 0, 0
0.097128, -5, 3, 0, 0
0.097320, -50, 2, 0, 0
0.097520, -11, 6, 0, 0
0.097720, -5, 3, 0, 0
0.097920, -5, -22, 0, 0
0.098120, 0, 13, 0, 0
0.098320, -5, 3, 0, 0
0.098530, -6, 29, 0, 0
0.098720, 5, -9, 0, 0
0.098920, -5, 3, 0, 0
0.099128, -6, 16, 0, 0
0.099320, 0, -13, 0, 0
0.099522, 0, -13, 0, 0
0.099720, -5, 3, 0, 0
0.099928, 11, -6, 0, 0
0.000128, 0, -13, 0, 0
0.000320, 0, 0, 0, 0
0.000530, 5, 9, 0, 0
0.000720, -5, -9, 0, 0
0.000928, 46, -24, 0, 0
0.001128, 0, 26, 0, 0
0.001330, -5, -9, 0, 0
0.001520, 40, -21, 0, 0
0.001720, 39, -8, 0, 0
0.001920, 0, 13, 0, 0
0.002120, 11, 6, 0, 0
0.002328, -6, 16, 0, 0
0.002528, -18, 48, 0, 0
0.002720, -5, 3, 0, 0
0.002928, -5, 3, 0, 0
0.003120, 0, -13, 0, 0
0.003320, 0, -13, 0, 0
0.003520, 5, -3, 0, 0
0.003720, -6, 29, 0, 0
0.003920, 17, -35, 0, 0
0.004120, -5, -9, 0, 0
0.004320, -28, 2, 0, 0
0.004520, 5, -3, 0, 0
0.004720, -6, 29, 0, 0
0.004928, -6, 29, 0, 0
0.005128, 0, 0, 0, 0
0.005328, -11, 19, 0, 0
0.005520, -5, 3, 0, 0
0.005728, 0, 0, 0, 0
0.005920, 0, 13, 0, 0
0.006120, -9, -85, 0, 0
0.006320, 0, -19, 0, 0
0.006520, 2, -104, 0, 0
0.006720, 39, 4, 0, 0
0.006920, -11, 25, 0, 0
0.007128, 0, 26, 0, 0
0.007330, -5, -9, 0, 0
0.007528, -5, 3, 0, 0
0.007720, -45, 12, 0, 0
0.007920, -91, 50, 0, 0
0.008120, -5, 3, 0, 0
0.008328, 5, -3, 0, 0
0.008520, 39, -22, 0, 0
0.008720, 1, -78, 0, 0
0.008920, 0, 0, 0, 0
0.009120, -6, 16, 0, 0
0.009328, -5, -9, 0, 0
0.009520, 12, -32, 0, 0
0.009720, 51, -28, 0, 0
0.009928, 0, 0, 0, 0
0.010120, 5, 9, 0, 0
0.010320, 0, -13, 0, 0
0.010528, -6, 29, 0, 0
0.010720, 0, 13, 0, 0
0.010920, 11, -19, 0, 0
0.011128, 0, -13, 0, 0
0.011320, -5, 3, 0, 0
0.011520, -52, 80, 0, 0
0.011728, 0, 13, 0, 0
0.011928, 6, -16, 0, 0
0.012120, -6, 29, 0, 0
0.012320, -5, 3, 0, 0
0.012520, -5, -9, 0, 0
0.012730, -2, -101, 0, 0
0.012920, -5, 3, 0, 0
0.013120, -6, 16, 0, 0
0.013320, 0, 13, 0, 0
0.013520, 10, 19, 0, 0
0.013730, -5, -9, 0, 0
0.013920, -5, -9, 0, 0
0.014120, 0, 0, 0, 0
0.014328, -5, 3, 0, 0
0.014520, -5, 3, 0, 0
0.014730, -6, 16, 0, 0
0.014928, 0, 6, 0, 0
0.015128, -6, 16, 0, 0
0.015520, -6, 16, 0, 0
0.015720, 0, 0, 0, 0
0.015920, -17, 22, 0, 0
0.016120, -6, 29, 0, 0
0.016320, -5, -9, 0, 0
0.016520, 16, 3, 0, 0
0.016730, 0, 13, 0, 0
0.016920, -12, 45, 0, 0
0.017120, 0, -26, 0, 0
0.017320, 5, 22, 0, 0
0.017530, -5, -9, 0, 0
0.017720, 17, -35, 0, 0
0.017920, 5, 22, 0, 0
0.018120, -5, -9, 0, 0
0.018320, -91, 50, 0, 0
0.018520, -97, 66, 0, 0
0.018728, -18, 48, 0, 0
0.018920, -5, -9, 0, 0
0.019128, 0, 13, 0, 0
0.019320, 0, 0, 0, 0
0.019520, -5, -9, 0, 0
0.019730, 0, 13, 0, 0
0.019920, -5, 3, 0, 0
0.020120, -17, 22, 0, 0
0.020320, -5, -9, 0, 0
0.020530, 0, -13, 0, 0
0.020720, -5, 3, 0, 0
0.020920, 28, -2, 0, 0
0.021120, -5, -9, 0, 0
0.021328, -5, -9, 0, 0
0.021528, 0, -13, 0, 0
0.021720, 0, 13, 0, 0
0.021920, -5, -9, 0, 0
0.022120, 0, 26, 0, 0
0.022320, 0, 13, 0, 0
0.022520, 40, -21, 0, 0
0.022720, -6, 29, 0, 0
0.022920, -5, 3, 0, 0
0.023120, -5, 3, 0, 0
0.023320, -5, 3, 0, 0
0.023520, -5, 3, 0, 0
0.023720, -5, -9, 0, 0
0.023920, 5, -3, 0, 0
0.024120, -17, 22, 0, 0
0.024330, 0, 0, 0, 0
0.024520, 61, 17, 0, 0
0.024720, -5, -9, 0, 0
0.024928, -12, 32, 0, 0
0.025120, -5, 3, 0, 0
0.025320, -6, 29, 0, 0
0.025528, -5, 3, 0, 0
0.025728, 0, 13, 0, 0
0.025920, -5, 3, 0, 0
0.026130, -2, -101, 0, 0
0.026328, 0, 13, 0, 0
0.026520, 5, 9, 0, 0
0.026720, -5, 3, 0, 0
0.026928, -5, 3, 0, 0
0.027120, -5, -9, 0, 0
0.027320, 22, -12, 0, 0
0.027520, 0, 13, 0, 0
0.027728, 11, -6, 0, 0
0.027920, 0, 13, 0, 0
0.028130, 11, -6, 0, 0
0.028320, 57, -31, 0, 0
0.028520, -5, -9, 0, 0
0.028720, -51, 28, 0, 0
0.028920, 0, 0, 0, 0
0.029120, 0, -13, 0, 0
0.029320, -6, 29, 0, 0
0.029520, 0, -13, 0, 0
0.029720, -6, 29, 0, 0
0.029920, 39, -22, 0, 0
0.030120, -5, -9, 0, 0
0.030320, 0, 13, 0, 0
0.030528, -5, -9, 0, 0
0.030730, -5, 3, 0, 0
0.030920, -22, 0, 0, 0
0.031120, -5, -9, 0, 0
0.031320, -6, 29, 0, 0
0.031520, -5, 3, 0, 0
0.031730, 0, 13, 0, 0
0.031928, -5, 3, 0, 0
0.032128, -5, -9, 0, 0
0.032320, 0, -13, 0, 0
0.032520, -5, 16, 0, 0
0.032720, -5, 3, 0, 0
0.032920, -5, -9, 0, 0
0.033120, 5, -3, 0, 0
0.033320, 0, -13, 0, 0
0.033520, -6, 29, 0, 0
0.033720, 0, 0, 0, 0
0.033928, 0, 0, 0, 0
0.034120, 0, 13, 0, 0
0.034320, 0, 0, 0, 0
0.034528, 0, 26, 0, 0
0.034720, -5, 3, 0, 0
0.034920, 0, 13, 0, 0
0.035120, -6, 29, 0, 0
0.035320, 0, 0, 0, 0
0.035520, -5, -9, 0, 0
0.035720, -11, 19, 0, 0
0.035922, -5, 3, 0, 0
0.036120, 0, 0, 0, 0
0.036330, 0, 13, 0, 0
0.036520, -5, 3, 0, 0
0.036720, 40, -35, 0, 0
0.036920, 0, 0, 0, 0
0.037120, 0, 0, 0, 0
0.037322, -39, 48, 0, 0
0.037520, -18, 48, 0, 0
0.037720, 11, 6, 0, 0
0.037920, -11, 19, 0, 0
0.038120, -5, 3, 0, 0
0.038320, -40, 61, 0, 0
0.038520, -5, -9, 0, 0
0.038720, 5, 22, 0, 0
0.038928, 6, -22, 0, 0
0.039120, 0, 13, 0, 0
0.039320, 40, -35, 0, 0
0.039530, 5, 22, 0, 0
0.039720, -5, 3, 0, 0
0.039928, -5, 3, 0, 0
0.040120, -6, 16, 0, 0
0.040320, -6, 29, 0, 0
0.040520, -5, -9, 0, 0
0.040728, 0, 0, 0, 0
0.040920, -5, 16, 0, 0
0.041120, 11, -6, 0, 0
0.041328, 0, -13, 0, 0
0.041530, -5, -9, 0, 0
0.041728, -5, 3, 0, 0
0.041920, 0, 13, 0, 0
0.042120, 40, -21, 0, 0
0.042320, 16, 3, 0, 0
0.042520, -5, 3, 0, 0
0.042728, -5, 3, 0, 0
0.042920, 5, 3, 0, 0
0.043120, 40, -21, 0, 0
0.043320, 11, 6, 0, 0
0.043528, -5, 3, 0, 0
0.043720, -5, 3, 0, 0
0.043920, -5, 16, 0, 0
0.044120, -6, 16, 0, 0
0.044320, 40, -35, 0, 0
0.044520, -5, 3, 0, 0
0.044728, 39, -8, 0, 0
0.044920, 0, 0, 0, 0
0.045120, 0, -13, 0, 0
0.045320, 0, -13, 0, 0
0.045520, -12, 45, 0, 0
0.045720, 5, 9, 0, 0
0.045920, -6, 16, 0, 0
0.046120, -5, 3, 0, 0
0.046330, -143, 64, 0, 0
0.046522, -5, -22, 0, 0
0.046720, -23, 38, 0, 0
0.046920, -5, -9, 0, 0
0.047120, 5, -3, 0, 0
0.047320, 0, -13, 0, 0
0.047520, -11, 6, 0, 0
0.047720, -5, 3, 0, 0
0.047920, -5, 3, 0, 0
0.048128, 0, 26, 0, 0
0.048322, 11, -6, 0, 0
0.048520, 0, 13, 0, 0
0.048720, -5, -9, 0, 0
0.048928, 17, -9, 0, 0
0.049120, -8, 133, 0, 0
0.049320, -5, 3, 0, 0
0.049520, -5, -9, 0, 0
0.049722, -5, -9, 0, 0
0.049920, -34, 45, 0, 0
0.050120, 0, -13, 0, 0
0.050328, -6, 16, 0, 0
0.050528, -6, 16, 0, 0
0.050720, -11, 6, 0, 0
0.050922, -17, 22, 0, 0
0.051120, 0, 13, 0, 0
0.051328, 5, 9, 0, 0
0.051520, 0, 13, 0, 0
0.051720, -5, 3, 0, 0
0.051920, -17, 9, 0, 0
0.052120, 0, -13, 0, 0
0.052328, 0, 0, 0, 0
0.052520, 0, -6, 0, 0
0.052720, -5, 3, 0, 0
0.052920, 11, -6, 0, 0
0.053128, -5, -9, 0, 0
0.053330, -5, -9, 0, 0
0.053520, 1, -78, 0, 0
0.053720, 5, 9, 0, 0
0.053920, -6, 16, 0, 0
0.054120, 40, -21, 0, 0
0.054320, -5, 3, 0, 0
0.054520, -5, 3, 0, 0
0.054720, -136, 76, 0, 0
0.054920, -6, 29, 0, 0
0.055120, 0, 0, 0, 0
0.055320, 0, 0, 0, 0
0.055520, 0, 26, 0, 0
0.055728, -5, -9, 0, 0
0.055920, -6, 16, 0, 0
0.056120, 0, -19, 0, 0
0.056320, -5, 3, 0, 0
0.056520, 0, 0, 0, 0
0.056720, -5, 16, 0, 0
0.056920, -6, 29, 0, 0
0.057120, 0, 13, 0, 0
0.057320, 0, 13, 0, 0
0.057530, 59, -83, 0, 0
0.057720, -5, 3, 0, 0
0.057928, 70, -76, 0, 0
0.058128, 0, 13, 0, 0
0.058320, -30, 80, 0, 0
0.058520, 11, 6, 0, 0
0.058720, -5, 3, 0, 0
0.058928, -40, 47, 0, 0
0.059120, 0, 13, 0, 0
0.059320, 5, -3, 0, 0
0.059528, -5, -9, 0, 0
0.059720, -5, 3, 0, 0
0.059920, 39, -22, 0, 0
0.060120, -5, -9, 0, 0
0.060320, 0, 13, 0, 0
0.060528, -6, 16, 0, 0
0.060728, -5, -9, 0, 0
0.060920, 40, -35, 0, 0
0.061130, -143, 77, 0, 0
0.061320, -46, 64, 0, 0
0.061520, 0, -13, 0, 0
0.061728, -5, 3, 0, 0
0.061920, -5, -9, 0, 0
0.062120, 5, -3, 0, 0
0.062320, -3, -101, 0, 0
0.062522, -5, 3, 0, 0
0.062720, -17, 9, 0, 0
0.062920, -6, 16, 0, 0
0.063128, 5, 9, 0, 0
0.063320, -5, -9, 0, 0
0.063528, 47, -103, 0, 0
0.063720, -5, 3, 0, 0
0.063920, -5, -9, 0, 0
0.064128, 45, -11, 0, 0
0.064320, -5, 16, 0, 0
0.064520, 0, 0, 0, 0
0.064720, -45, 25, 0, 0
0.064928, -5, 3, 0, 0
0.065130, -5, -16, 0, 0
0.065320, -6, 16, 0, 0
0.065520, -6, 16, 0, 0
0.065728, 0, -13, 0, 0
0.065920, 85, -47, 0, 0
0.066120, 11, -6, 0, 0
0.066328, -17, 9, 0, 0
0.066528, 17, -22, 0, 0
0.066720, -5, 3, 0, 0
0.066920, -5, -22, 0, 0
0.067120, -40, 48, 0, 0
0.067320, -4, 195, 0, 0
0.067520, 0, 13, 0, 0
0.067720, -5, 16, 0, 0
0.067920, -5, 3, 0, 0
0.068120, -6, 16, 0, 0
0.068328, -5, 3, 0, 0
0.068520, -6, 22, 0, 0
0.068722, 39, -35, 0, 0
0.068920, 0, 0, 0, 0
0.069128, -5, 3, 0, 0
0.069320, -5, 3, 0, 0
0.069520, -5, 3, 0, 0
0.069720, 0, 0, 0, 0
0.069928, 22, 0, 0, 0
0.070128, 0, 0, 0, 0
0.070328, 5, -3, 0, 0
0.070522, -5, -9, 0, 0
0.070720, 0, 13, 0, 0
0.070920, 1, -52, 0, 0
0.071120, -6, 16, 0, 0
0.071320, 39, -9, 0, 0
0.071528, -5, 3, 0, 0
0.071728, -5, 3, 0, 0
0.071930, -5, 3, 0, 0
0.072120, 51, -28, 0, 0
0.072320, -5, 3, 0, 0
0.072528, -6, 16, 0, 0
0.072722, 0, 0, 0, 0
0.072928, -5, -9, 0, 0
0.073120, -6, 16, 0, 0
0.073328, 5, -3, 0, 0
0.073520, 0, -13, 0, 0
0.073728, 11, -6, 0, 0
0.073920, 1, -78, 0, 0
0.074120, -5, -9, 0, 0
0.074320, -17, 35, 0, 0
0.074520, 40, -35, 0, 0
0.074720, 0, 0, 0, 0
0.074920, 0, -13, 0, 0
0.075120, 0, 13, 0, 0
0.075328, -5, 3, 0, 0
0.075530, 17, -22, 0, 0
0.075720, -5, 3, 0, 0
0.075920, 0, 13, 0, 0
0.076120, -5, 3, 0, 0
0.076328, 0, -13, 0, 0
0.076520, 40, -21, 0, 0
0.076720, 11, -19, 0, 0
0.076928, -4, -23, 0, 0
0.077120, 5, -3, 0, 0
0.077320, -5, -9, 0, 0
0.077520, -5, 16, 0, 0
0.077720, 0, 13, 0, 0
0.077920, -5, 16, 0, 0
0.078128, -5, 3, 0, 0
0.078320, 0, 13, 0, 0
0.078520, 0, 26, 0, 0
0.078720, 0, 0, 0, 0
0.078920, 5, -16, 0, 0
0.079120, -5, 3, 0, 0
0.079320, -17, 22, 0, 0
0.079520, 0, -13, 0, 0
0.079728, -5, 3, 0, 0
0.079920, -6, 16, 0, 0
0.080120, -5, -9, 0, 0
0.080330, 0, 26, 0, 0
0.080520, 0, 0, 0, 0
0.080720, 23, -51, 0, 0
0.080920, 0, -6, 0, 0
0.081120, -5, -9, 0, 0
0.081320, 0, -13, 0, 0
0.081522, 0, 0, 0, 0
0.081728, 5, -3, 0, 0
0.081920, 0, -13, 0, 0
0.082120, 0, -13, 0, 0
0.082320, -4, -75, 0, 0
0.082528, -5, -9, 0, 0
0.082720, -11, 19, 0, 0
0.082920, -12, 45, 0, 0
0.083120, 0, -13, 0, 0
0.083320, -5, 16, 0, 0
0.083520, -34, 6, 0, 0
0.083720, 40, -35, 0, 0
0.083920, -5, 16, 0, 0
0.084120, 0, 26, 0, 0
0.084320, 40, -35, 0, 0
0.084520, 40, -35, 0, 0
0.084720, -6, 16, 0, 0
0.084922, -34, 19, 0, 0
0.085120, -5, -9, 0, 0
0.085328, 0, -13, 0, 0
0.085520, -22, -13, 0, 0
0.085720, -17, 35, 0, 0
0.085920, 11, -6, 0, 0
0.086120, -5, 3, 0, 0
0.086320, 0, 0, 0, 0
0.086520, 0, -13, 0, 0
0.086728, -5, -9, 0, 0
0.086920, -5, 3, 0, 0
0.087120, -5, -9, 0, 0
0.087320, 0, 0, 0, 0
0.087530, -5, -9, 0, 0
0.087720, 0, 13, 0, 0
0.087922, -5, -9, 0, 0
0.088120, -6, 29, 0, 0
0.088328, -6, 16, 0, 0
0.088520, 0, 0, 0, 0
0.088720, 0, 0, 0, 0
0.088920, -52, 80, 0, 0
0.089128, 0, -13, 0, 0
0.089320, -17, 22, 0, 0
0.089520, -57, 64, 0, 0
0.089720, -22, 12, 0, 0
0.089920, -5, 3, 0, 0
0.090120, -11, 6, 0, 0
0.090320, 0, -13, 0, 0
0.090520, 0, 0, 0, 0
0.090720, 0, -13, 0, 0
0.090920, 23, -25, 0, 0
0.091120, 5, -3, 0, 0
0.091320, 0, 26, 0, 0
0.091530, 0, -13, 0, 0
0.091720, -3, -88, 0, 0
0.091920, -5, 16, 0, 0
0.092120, -23, 25, 0, 0
0.092328, 0, 26, 0, 0
0.092520, -5, -9, 0, 0
0.092920, 0, 13, 0, 0
0.093120, -22, 0, 0, 0
0.093328, 40, -34, 0, 0
0.093520, -52, 93, 0, 0
0.093730, 0, 13, 0, 0
0.093928, 11, -6, 0, 0
0.094120, -5, 3, 0, 0
0.094320, -5, 3, 0, 0
0.094522, -5, 16, 0, 0
0.094720, -5, 16, 0, 0
0.094920, -22, 0, 0, 0
0.095120, 16, 3, 0, 0
0.095330, -46, 51, 0, 0
0.095520, -5, 3, 0, 0
0.095720, -5, 3, 0, 0
0.095920, 0, 0, 0, 0
0.096120, -5, 3, 0, 0
0.096320, 0, -26, 0, 0
0.096520, -6, 29, 0, 0
0.096720, -5, 3, 0, 0
0.096928, 0, 13, 0, 0
0.097120, -6, 29, 0, 0
0.097322, -5, 3, 0, 0
0.097520, -17, 9, 0, 0
0.097720, 40, -35, 0, 0
0.097928, 0, -13, 0, 0
0.098120, 0, 13, 0, 0
0.098322, -40, 87, 0, 0
0.098528, -6, 16, 0, 0
0.098720, -22, 0, 0, 0
0.098920, -6, 29, 0, 0
0.099120, -5, 3, 0, 0
0.099328, -6, 29, 0, 0
0.099520, -5, 16, 0, 0
0.099720, -4, -75, 0, 0
0.099920, -11, 6, 0, 0
0.000130, -5, 3, 0, 0
0.000320, 0, 26, 0, 0
0.000528, 0, 13, 0, 0
0.000720, 0, 26, 0, 0
0.000928, -6, 16, 0, 0
0.001122, 34, -78, 0, 0
0.001320, 0, 13, 0, 0
0.001520, -5, 3, 0, 0
0.001730, -5, -9, 0, 0
0.001930, -6, 16, 0, 0
0.002120, 0, 0, 0, 0
0.002320, -6, 16, 0, 0
0.002520, -5, -9, 0, 0
0.002720, -5, 3, 0, 0
0.002920, -5, 16, 0, 0
0.003120, 11, 6, 0, 0
0.003330, 0, 13, 0, 0
0.003528, -5, -9, 0, 0
0.003720, -5, 3, 0, 0
0.003920, 0, 13, 0, 0
0.004120, 0, 0, 0, 0
0.004320, -5, 16, 0, 0
0.004520, -5, -22, 0, 0
0.004720, -5, 3, 0, 0
0.004920, -28, 28, 0, 0
0.005120, -6, 16, 0, 0
0.005320, -6, 29, 0, 0
0.005520, -5, 16, 0, 0
0.005728, 40, -34, 0, 0
0.005920, 39, 4, 0, 0
0.006130, -6, 29, 0, 0
0.006328, -17, 22, 0, 0
0.006520, 0, 13, 0, 0
0.006730, 0, 13, 0, 0
0.006920, -5, 3, 0, 0
0.007120, 0, -13, 0, 0
0.007330, -6, 16, 0, 0
0.007520, -4, -36, 0, 0
0.007720, 0, -26, 0, 0
0.007920, 5, 22, 0, 0
0.008120, 0, 13, 0, 0
0.008320, 39, -9, 0, 0
0.008520, -5, 16, 0, 0
0.008720, 0, -13, 0, 0
0.008920, -6, 16, 0, 0
0.009128, -5, 3, 0, 0
0.009328, -5, 3, 0, 0
0.009520, -5, 3, 0, 0
0.009720, -5, 16, 0, 0
0.009920, 0, -13, 0, 0
0.010128, -6, 29, 0, 0
0.010328, -6, 16, 0, 0
0.010530, 0, 0, 0, 0
0.010720, -34, 45, 0, 0
0.010930, -6, 22, 0, 0
0.011128, 0, 0, 0, 0
0.011320, 0, -13, 0, 0
0.011522, -5, -9, 0, 0
0.011720, -6, 29, 0, 0
0.011920, 0, -13, 0, 0
0.012120, -5, 3, 0, 0
0.012320, 0, 13, 0, 0
0.012520, -6, 29, 0, 0
0.012720, -5, 3, 0, 0
0.012928, 16, 3, 0, 0
0.013120, -6, 16, 0, 0
0.013320, -5, 3, 0, 0
0.013520, -5, 3, 0, 0
0.013720, 0, -13, 0, 0
0.013920, -5, 16, 0, 0
0.014120, 0, 0, 0, 0
0.014320, -5, -9, 0, 0
0.014528, -6, 16, 0, 0
0.014728, 5, 9, 0, 0
0.014922, -5, 3, 0, 0
0.015128, -5, -9, 0, 0
0.015328, 13, -84, 0, 0
0.015520, -6, 29, 0, 0
0.015720, -23, 25, 0, 0
0.015920, 40, -35, 0, 0
0.016120, 0, 13, 0, 0
0.016328, 23, -12, 0, 0
0.016520, 5, -3, 0, 0
0.016728, 40, -34, 0, 0
0.016922, -5, 29, 0, 0
0.017120, -5, -22, 0, 0
0.017320, -6, 29, 0, 0
0.017520, 0, 13, 0, 0
0.017728, -5, -9, 0, 0
0.017928, 0, 0, 0, 0
0.018120, 0, -26, 0, 0
0.018320, 0, 0, 0, 0
0.018520, -5, 3, 0, 0
0.018920, -6, 16, 0, 0
0.019120, 39, -22, 0, 0
0.019330, -5, -9, 0, 0
0.019520, -5, 3, 0, 0
0.019728, 40, -21, 0, 0
0.019928, -11, 19, 0, 0
0.020128, 8, -120, 0, 0
0.020320, 0, 0, 0, 0
0.020530, 0, 0, 0, 0
0.020720, 39, 3, 0, 0
0.020920, -17, 35, 0, 0
0.021120, -96, 27, 0, 0
0.021328, 40, -34, 0, 0
0.021528, -81, 82, 0, 0
0.021720, 0, 0, 0, 0
0.021920, 0, 0, 0, 0
0.022120, 39, 4, 0, 0
0.022328, 18, -48, 0, 0
0.022528, -5, 3, 0, 0
0.022722, 0, 0, 0, 0
0.022928, -5, 3, 0, 0
0.023120, -4, -75, 0, 0
0.023320, 0, 13, 0, 0
0.023520, 5, -16, 0, 0
0.023728, -5, -9, 0, 0
0.023920, 0, 0, 0, 0
0.024120, -28, 28, 0, 0
0.024320, 39, -22, 0, 0
0.024530, -6, 29, 0, 0
0.024720, 0, 0, 0, 0
0.024920, -45, 38, 0, 0
0.025120, -5, -9, 0, 0
0.025330, -6, 16, 0, 0
0.025528, 0, 0, 0, 0
0.025720, 5, 9, 0, 0
0.025928, 11, -19, 0, 0
0.026120, -5, 16, 0, 0
0.026320, -5, -9, 0, 0
0.026520, -5, 3, 0, 0
0.026728, -17, 22, 0, 0
0.026920, -22, 12, 0, 0
0.027120, -5, 3, 0, 0
0.027330, 0, 0, 0, 0
0.027520, -5, 3, 0, 0
0.027720, 17, -9, 0, 0
0.027920, 0, -26, 0, 0
0.028120, -5, -9, 0, 0
0.028320, -17, 9, 0, 0
0.028520, -6, 16, 0, 0
0.028720, 0, 0, 0, 0
0.028930, -6, 29, 0, 0
0.029120, 0, 13, 0, 0
0.029322, -11, 32, 0, 0
0.029520, -11, 6, 0, 0
0.029720, -6, 29, 0, 0
0.029920, -6, 16, 0, 0
0.030130, 0, 13, 0, 0
0.030320, 16, 3, 0, 0
0.030520, -46, 38, 0, 0
0.030720, 0, -26, 0, 0
0.030920, -5, 3, 0, 0
0.031122, 0, 0, 0, 0
0.031328, 0, -13, 0, 0
0.031520, 0, 26, 0, 0
0.031720, 17, -35, 0, 0
0.031930, -5, 3, 0, 0
0.032120, 0, 0, 0, 0
0.032320, 0, 0, 0, 0
0.032520, -5, 3, 0, 0
0.032720, -6, 16, 0, 0
0.032920, -6, 16, 0, 0
0.033120, -6, 16, 0, 0
0.033328, 5, -3, 0, 0
0.033520, -5, -9, 0, 0
0.033720, -5, 16, 0, 0
0.033920, -6, 29, 0, 0
0.034120, 34, -25, 0, 0
0.034328, -5, 3, 0, 0
0.034530, 0, 13, 0, 0
0.034728, 0, 13, 0, 0
0.034920, 11, 6, 0, 0
0.035120, -17, 22, 0, 0
0.035320, -5, 3, 0, 0
0.035528, -5, 3, 0, 0
0.035720, 40, -21, 0, 0
0.035928, -28, 15, 0, 0
0.036130, 11, 6, 0, 0
0.036320, -5, -9, 0, 0
0.036520, 0, 13, 0, 0
0.036728, -10, -19, 0, 0
0.036920, -5, -9, 0, 0
0.037320, 0, 13, 0, 0
0.037520, 0, 0, 0, 0
0.037720, 11, -6, 0, 0
0.037920, -5, -9, 0, 0
0.038120, -11, 12, 0, 0
0.038320, -11, 6, 0, 0
0.038520, 6, -16, 0, 0
0.038720, -5, -9, 0, 0
0.038920, -5, -9, 0, 0
0.039130, -5, 3, 0, 0
0.039328, -5, -9, 0, 0
0.039520, -5, -9, 0, 0
0.039720, 0, 0, 0, 0
0.039930, 0, -6, 0, 0
0.040120, 5, -3, 0, 0
0.040328, 0, -13, 0, 0
0.040520, 0, 0, 0, 0
0.040720, -7, 107, 0, 0
0.040920, 39, 4, 0, 0
0.041120, 0, 0, 0, 0
0.041320, 0, 0, 0, 0
0.041520, -5, -9, 0, 0
0.041720, 0, -13, 0, 0
0.041920, 40, -21, 0, 0
0.042120, 0, -13, 0, 0
0.042328, -6, 16, 0, 0
0.042520, 11, -19, 0, 0
0.042720, -5, 16, 0, 0
0.042920, -6, 16, 0, 0
0.043120, -6, 29, 0, 0
0.043328, -5, 3, 0, 0
0.043528, -5, 3, 0, 0
0.043730, -6, 16, 0, 0
0.043928, -5, -9, 0, 0
0.044120, -5, 3, 0, 0
0.044320, 5, -16, 0, 0
0.044530, 0, 13, 0, 0
0.044728, 0, -13, 0, 0
0.044920, -5, 3, 0, 0
0.045120, -6, 16, 0, 0
0.045320, 11, -19, 0, 0
0.045520, 22, -12, 0, 0
0.045728, 4, 23, 0, 0
0.045920, 5, 9, 0, 0
0.046120, -5, 16, 0, 0
0.046320, 17, -35, 0, 0
0.046520, -6, 16, 0, 0
0.046728, 39, -8, 0, 0
0.046928, -5, 3, 0, 0
0.047122, -5, -9, 0, 0
0.047328, -6, 29, 0, 0
0.047528, 0, 13, 0, 0
0.047720, -5, -9, 0, 0
0.047928, -11, 6, 0, 0
0.048120, -17, 48, 0, 0
0.048330, 40, -21, 0, 0
0.048520, -5, 3, 0, 0
0.048720, -5, 16, 0, 0
0.048920, 40, -21, 0, 0
0.049120, -28, 2, 0, 0
0.049320, -17, 48, 0, 0
0.049520, 5, -16, 0, 0
0.049720, -6, 16, 0, 0
0.049920, -5, -9, 0, 0
0.050120, -5, 16, 0, 0
0.050320, 38, 82, 0, 0
0.050528, -5, -9, 0, 0
0.050728, -45, 24, 0, 0
0.050920, -5, -22, 0, 0
0.051120, 0, 26, 0, 0
0.051330, 5, -3, 0, 0
0.051520, 0, 26, 0, 0
0.051720, -45, 0, 0, 0
0.051928, -5, 3, 0, 0
0.052120, -5, -9, 0, 0
0.052328, 0, 0, 0, 0
0.052520, -5, -9, 0, 0
0.052720, -6, 29, 0, 0
0.052920, 0, -19, 0, 0
0.053130, 2, -78, 0, 0
0.053320, 0, 0, 0, 0
0.053520, -5, 3, 0, 0
0.053728, 6, -16, 0, 0
0.053920, -6, 16, 0, 0
0.054130, 0, 0, 0, 0
0.054328, -6, 16, 0, 0
0.054520, -5, -9, 0, 0
0.054720, 0, 0, 0, 0
0.054920, -5, 3, 0, 0
0.055320, -5, 3, 0, 0
0.055520, -5, 16, 0, 0
0.055728, 0, -13, 0, 0
0.055920, 40, -21, 0, 0
0.056120, -5, -9, 0, 0
0.056320, -6, 29, 0, 0
0.056520, 27, 23, 0, 0
0.056720, -5, -36, 0, 0
0.056930, -6, 16, 0, 0
0.057120, -5, 16, 0, 0
0.057320, -5, 3, 0, 0
0.057520, -4, -36, 0, 0
0.057728, 0, -13, 0, 0
0.057920, -5, -9, 0, 0
0.058120, 0, -13, 0, 0
0.058320, 0, -13, 0, 0
0.058530, -6, 16, 0, 0
0.058720, -4, -49, 0, 0
0.058920, 0, 13, 0, 0
0.059130, -5, -9, 0, 0
0.059320, -5, 3, 0, 0
0.059520, 6, -22, 0, 0
0.059720, -5, -9, 0, 0
0.059928, 6, -16, 0, 0
0.060128, 0, 13, 0, 0
0.060320, -120, 79, 0, 0
0.060528, 4, 23, 0, 0
0.060728, -5, -16, 0, 0
0.060928, 11, -6, 0, 0
0.061130, 0, 0, 0, 0
0.061320, 137, -88, 0, 0
0.061522, -5, 3, 0, 0
0.061720, -5, 3, 0, 0
0.061920, -5, -9, 0, 0
0.062120, -5, 3, 0, 0
0.062330, -5, -9, 0, 0
0.062520, 39, -8, 0, 0
0.062720, 22, -25, 0, 0
0.062928, -5, -9, 0, 0
0.063128, -6, 16, 0, 0
0.063320, -5, 16, 0, 0
0.063520, -5, 3, 0, 0
0.063720, 39, -9, 0, 0
0.063930, -5, -9, 0, 0
0.064128, -5, 3, 0, 0
0.064320, 0, 13, 0, 0
0.064520, -6, 16, 0, 0
0.064720, 40, -48, 0, 0
0.064928, 28, -2, 0, 0
0.065128, 0, -13, 0, 0
0.065328, -5, 3, 0, 0
0.065520, -5, 3, 0, 0
0.065720, -5, 16, 0, 0
0.065920, 39, 3, 0, 0
0.066120, 5, 3, 0, 0
0.066328, -6, 29, 0, 0
0.066528, -5, 3, 0, 0
0.066720, -5, 3, 0, 0
0.066920, -5, 3, 0, 0
0.067120, 119, -53, 0, 0
0.067320, 0, -13, 0, 0
0.067528, 86, -59, 0, 0
0.067720, -5, 3, 0, 0
0.067920, -11, 19, 0, 0
0.068120, 0, 0, 0, 0
0.068320, 5, -3, 0, 0
0.068528, 0, 0, 0, 0
0.068720, -6, 16, 0, 0
0.068928, -17, 35, 0, 0
0.069120, 0, 13, 0, 0
0.069320, -108, 60, 0, 0
0.069520, -6, 29, 0, 0
0.069720, 0, 0, 0, 0
0.069930, -5, 3, 0, 0
0.070120, -5, -9, 0, 0
0.070320, -5, -9, 0, 0
0.070520, -5, 3, 0, 0
0.070730, 11, -6, 0, 0
0.070928, -5, 3, 0, 0
0.071120, 0, -13, 0, 0
0.071330, 0, 13, 0, 0
0.071520, 5, -3, 0, 0
0.071728, 28, -2, 0, 0
0.071920, 0, 0, 0, 0
0.072120, 0, -13, 0, 0
0.072320, -5, -9, 0, 0
0.072528, -6, 16, 0, 0
0.072728, -6, 16, 0, 0
0.072920, -6, 16, 0, 0
0.073122, 0, 26, 0, 0
0.073320, -5, 3, 0, 0
0.073520, 5, -3, 0, 0
0.073720, -5, 16, 0, 0
0.073920, 0, 26, 0, 0
0.074120, 5, -3, 0, 0
0.074320, -5, 3, 0, 0
0.074530, 86, -59, 0, 0
0.074720, 0, -39, 0, 0
0.074920, -5, -9, 0, 0
0.075120, -5, -9, 0, 0
0.075328, 0, 26, 0, 0
0.075520, 0, 13, 0, 0
0.075720, 0, 0, 0, 0
0.075920, -5, 3, 0, 0
0.076120, -5, 3, 0, 0
0.076320, -17, 9, 0, 0
0.076520, -11, 19, 0, 0
0.076728, -6, 29, 0, 0
0.076930, -34, 5, 0, 0
0.077128, -11, 6, 0, 0
0.077320, -5, 3, 0, 0
0.077520, -5, 3, 0, 0
0.077728, -5, -9, 0, 0
0.077920, 5, 9, 0, 0
0.078120, -5, 3, 0, 0
0.078320, 39, -22, 0, 0
0.078520, -6, 29, 0, 0
0.078720, -5, 16, 0, 0
0.078920, 6, -16, 0, 0
0.079120, -17, 22, 0, 0
0.079328, -4, -23, 0, 0
0.079520, 5, 9, 0, 0
0.079720, -5, 3, 0, 0
0.079928, 0, 0, 0, 0
0.080128, 0, -13, 0, 0
0.080320, -5, 16, 0, 0
0.080528, -6, 16, 0, 0
0.080730, 11, -19, 0, 0
0.080920, -5, 16, 0, 0
0.081120, -17, 9, 0, 0
0.081320, 22, -12, 0, 0
0.081520, -5, 3, 0, 0
0.081720, -5, -9, 0, 0
0.081928, 6, -22, 0, 0
0.082120, -16, -3, 0, 0
0.082320, -6, 16, 0, 0
0.082520, 39, -9, 0, 0
0.082720, 0, -13, 0, 0
0.082920, -5, -9, 0, 0
0.083120, -5, -9, 0, 0
0.083328, 0, 26, 0, 0
0.083520, 0, 13, 0, 0
0.083722, -5, 16, 0, 0
0.083920, 0, -19, 0, 0
0.084120, -5, 3, 0, 0
0.084320, 0, 13, 0, 0
0.084520, -5, 3, 0, 0
0.084720, -5, 16, 0, 0
0.085120, -5, -9, 0, 0
0.085320, -5, 16, 0, 0
0.085530, -5, 3, 0, 0
0.085720, -5, 3, 0, 0
0.085928, -5, -9, 0, 0
0.086120, 0, -26, 0, 0
0.086320, -5, -9, 0, 0
0.086520, 0, 13, 0, 0
0.086720, 11, -19, 0, 0
0.086920, 0, 0, 0, 0
0.087120, -6, 16, 0, 0
0.087320, -5, -9, 0, 0
0.087520, -6, 16, 0, 0
0.087720, -5, 16, 0, 0
0.087920, 0, -26, 0, 0
0.088120, 0, 0, 0, 0
0.088320, 0, 0, 0, 0
0.088520, -5, 3, 0, 0
0.088720, 11, -6, 0, 0
0.088920, -34, 18, 0, 0
0.089120, 0, 0, 0, 0
0.089320, -5, 3, 0, 0
0.089530, -5, 3, 0, 0
0.089720, 0, 0, 0, 0
0.089928, -5, -9, 0, 0
0.090120, -3, -114, 0, 0
0.090320, -6, 29, 0, 0
0.090528, -29, 41, 0, 0
0.090720, 0, -13, 0, 0
0.090928, -4, -36, 0, 0
0.091122, 5, -3, 0, 0
0.091320, 0, -13, 0, 0
0.091520, -6, 29, 0, 0
0.091720, -5, 3, 0, 0
0.091928, 0, 13, 0, 0
0.092120, 0, -13, 0, 0
0.092320, 0, 13, 0, 0
0.092528, -5, -9, 0, 0
0.092722, 0, 0, 0, 0
0.092920, 10, 19, 0, 0
0.093120, 0, 26, 0, 0
0.093330, -5, 3, 0, 0
0.093520, 39, -22, 0, 0
0.093720, 0, 13, 0, 0
0.093920, 5, 9, 0, 0
0.094120, 0, 0, 0, 0
0.094328, -47, 83, 0, 0
0.094528, 0, 13, 0, 0
0.094720, -34, 5, 0, 0
0.094920, 0, 13, 0, 0
0.095120, 85, -34, 0, 0
0.095320, 0, 0, 0, 0
0.095520, -5, 3, 0, 0
0.095728, -5, 3, 0, 0
0.095930, 0, -13, 0, 0
0.096128, 0, 0, 0, 0
0.096320, -5, 3, 0, 0
0.096520, -5, -9, 0, 0
0.096720, -80, 43, 0, 0
0.096920, -6, 16, 0, 0
0.097130, 0, 26, 0, 0
0.097320, -34, 19, 0, 0
0.097528, 0, 0, 0, 0
0.097730, -5, 3, 0, 0
0.097920, 0, 13, 0, 0
0.098120, -11, 19, 0, 0
0.098320, -6, 29, 0, 0
0.098520, -5, -9, 0, 0
0.098728, -17, 9, 0, 0
0.098920, 0, 13, 0, 0
0.099120, -11, 6, 0, 0
0.099328, 0, 0, 0, 0
0.099520, -5, -9, 0, 0
0.099720, 40, -35, 0, 0
0.099920, 0, -13, 0, 0
0.000128, 0, 13, 0, 0
0.000330, -5, 3, 0, 0
0.000528, -5, 3, 0, 0
0.000722, 39, -35, 0, 0
0.000920, 0, -26, 0, 0
0.001120, 10, 19, 0, 0
0.001330, -5, 3, 0, 0
0.001520, 11, 6, 0, 0
0.001720, 0, 26, 0, 0
0.001920, 0, 26, 0, 0
0.002120, 11, -6, 0, 0
0.002328, -34, 18, 0, 0
0.002520, 39, -22, 0, 0
0.002730, -5, -9, 0, 0
0.002920, -6, 16, 0, 0
0.003120, 0, 6, 0, 0
0.003320, -17, 9, 0, 0
0.003520, 0, 13, 0, 0
0.003728, 86, -46, 0, 0
0.003920, 34, -45, 0, 0
0.004128, -6, 16, 0, 0
0.004320, -5, -9, 0, 0
0.004520, 0, -26, 0, 0
0.004720, 0, -13, 0, 0
0.004920, 131, -85, 0, 0
0.005120, 0, -13, 0, 0
0.005320, 0, 0, 0, 0
0.005520, -5, -9, 0, 0
0.005720, -28, 15, 0, 0
0.005920, -17, 22, 0, 0
0.006120, -5, 3, 0, 0
0.006320, 11, -19, 0, 0
0.006520, -5, 16, 0, 0
0.006720, 5, 22, 0, 0
0.006920, -5, -9, 0, 0
0.007128, 40, -21, 0, 0
0.007320, 28, -28, 0, 0
0.007530, -11, 19, 0, 0
0.007720, -5, 3, 0, 0
0.007920, -5, 3, 0, 0
0.008120, 0, 0, 0, 0
0.008328, 0, 0, 0, 0
0.008520, -29, 41, 0, 0
0.008720, -6, 29, 0, 0
0.008920, 0, 0, 0, 0
0.009120, -5, -9, 0, 0
0.009320, 0, -13, 0, 0
0.009520, -5, 3, 0, 0
0.009728, 0, -13, 0, 0
0.009930, -5, -9, 0, 0
0.010120, -51, 54, 0, 0
0.010322, -5, -9, 0, 0
0.010520, 0, 13, 0, 0
0.010730, -5, -9, 0, 0
0.010920, -6, 29, 0, 0
0.011120, -5, -9, 0, 0
0.011330, 13, -84, 0, 0
0.011520, -11, 6, 0, 0
0.011720, -5, -9, 0, 0
0.011920, 0, 26, 0, 0
0.012120, 0, 13, 0, 0
0.012320, -51, 54, 0, 0
0.012520, -17, 9, 0, 0
0.012720, -5, 3, 0, 0
0.012920, 0, -13, 0, 0
0.013120, 0, 13, 0, 0
0.013328, -6, 29, 0, 0
0.013520, 0, 0, 0, 0
0.013720, -5, 3, 0, 0
0.013920, -5, -9, 0, 0
0.014128, 0, 13, 0, 0
0.014320, 0, 0, 0, 0
0.014528, 0, 13, 0, 0
0.014720, 5, -3, 0, 0
0.014920, 17, -35, 0, 0
0.015120, -5, -9, 0, 0
0.015322, -5, 3, 0, 0
0.015520, -6, 29, 0, 0
0.015720, -5, 16, 0, 0
0.015920, 0, 13, 0, 0
0.016120, -6, 16, 0, 0
0.016330, -6, 16, 0, 0
0.016528, 0, -13, 0, 0
0.016720, -5, 16, 0, 0
0.016920, 11, -6, 0, 0
0.017128, -5, 3, 0, 0
0.017320, -6, 29, 0, 0
0.017528, 0, 13, 0, 0
0.017720, -6, 16, 0, 0
0.017920, 0, 0, 0, 0
0.018128, 0, 0, 0, 0
0.018328, 11, 6, 0, 0
0.018520, -6, 16, 0, 0
0.018720, -6, 16, 0, 0
0.018930, -6, 16, 0, 0
0.019120, 0, 13, 0, 0
0.019320, -5, -9, 0, 0
0.019528, -6, 29, 0, 0
0.019720, 0, 0, 0, 0
0.019930, 0, 26, 0, 0
0.020128, 0, 0, 0, 0
0.020520, 0, 26, 0, 0
0.020720, -5, 3, 0, 0
0.020920, 0, -13, 0, 0
0.021120, -5, 3, 0, 0
0.021320, -5, 3, 0, 0
0.021528, 0, 13, 0, 0
0.021720, 0, 13, 0, 0
0.021920, -6, 16, 0, 0
0.022130, 0, -13, 0, 0
0.022320, 0, 0, 0, 0
0.022520, 0, -13, 0, 0
0.022720, -6, 29, 0, 0
0.022928, -4, -23, 0, 0
0.023120, -5, 3, 0, 0
0.023320, -6, 16, 0, 0
0.023520, -5, 3, 0, 0
0.023720, 0, -13, 0, 0
0.023920, -5, 3, 0, 0
0.024120, 5, -3, 0, 0
0.024320, 5, -3, 0, 0
0.024520, -5, -9, 0, 0
0.024720, -6, 29, 0, 0
0.024920, 0, 13, 0, 0
0.025120, -5, 16, 0, 0
0.025320, -5, 3, 0, 0
0.025520, -5, -9, 0, 0
0.025720, 0, 13, 0, 0
0.025920, 0, 13, 0, 0
0.026120, 0, 26, 0, 0
0.026320, 0, 0, 0, 0
0.026520, -6, 16, 0, 0
0.026728, 2, -71, 0, 0
0.026920, -7, 107, 0, 0
0.027120, -17, 22, 0, 0
0.027320, 0, 26, 0, 0
0.027530, -5, 3, 0, 0
0.027720, -5, 16, 0, 0
0.027920, 0, 0, 0, 0
0.028120, 6, -22, 0, 0
0.028320, -142, 92, 0, 0
0.028520, -5, -22, 0, 0
0.028728, 0, -13, 0, 0
0.028920, -5, 3, 0, 0
0.029120, -5, -9, 0, 0
0.029320, 39, -22, 0, 0
0.029520, -5, 3, 0, 0
0.029728, -6, 16, 0, 0
0.030128, -5, -9, 0, 0
0.030320, 11, -6, 0, 0
0.030528, 0, 0, 0, 0
0.030720, 39, 4, 0, 0
0.030930, -6, 16, 0, 0
0.031120, 0, 0, 0, 0
0.031328, 0, 0, 0, 0
0.031520, 0, -19, 0, 0
0.031730, 5, 9, 0, 0
0.031920, 5, 9, 0, 0
0.032120, -6, 16, 0, 0
0.032322, -5, 3, 0, 0
0.032528, -5, -9, 0, 0
0.032720, -5, 3, 0, 0
0.032930, -5, 3, 0, 0
0.033120, -5, 3, 0, 0
0.033320, 0, -13, 0, 0
0.033522, -5, 16, 0, 0
0.033720, -5, 3, 0, 0
0.033928, -6, 16, 0, 0
0.034120, 0, 26, 0, 0
0.034320, -34, 5, 0, 0
0.034520, 0, 0, 0, 0
0.034720, -11, 19, 0, 0
0.034920, -5, 3, 0, 0
0.035130, 0, -13, 0, 0
0.035328, 10, 19, 0, 0
0.035522, 0, 26, 0, 0
0.035720, 0, 0, 0, 0
0.035930, -6, 16, 0, 0
0.036128, 0, 0, 0, 0
0.036320, -5, 16, 0, 0
0.036522, -5, 16, 0, 0
0.036720, -6, 16, 0, 0
0.036928, -5, -9, 0, 0
0.037120, 0, -13, 0, 0
0.037328, 0, 13, 0, 0
0.037520, 0, -13, 0, 0
0.037728, 41, -47, 0, 0
0.037920, -5, 3, 0, 0
0.038120, 0, 0, 0, 0
0.038328, 0, 26, 0, 0
0.038520, -17, 9, 0, 0
0.038720, -5, 3, 0, 0
0.038920, -5, 3, 0, 0
0.039120, 0, 26, 0, 0
0.039320, 0, 13, 0, 0
0.039520, 5, -3, 0, 0
0.039720, -6, 29, 0, 0
0.039928, -6, 16, 0, 0
0.040120, -6, 16, 0, 0
0.040328, 22, -12, 0, 0
0.040522, 0, -13, 0, 0
0.040720, 5, -3, 0, 0
0.040928, -5, -9, 0, 0
0.041120, -5, 3, 0, 0
0.041320, -6, 16, 0, 0
0.041520, 11, 6, 0, 0
0.041720, 0, 13, 0, 0
0.041920, -6, 29, 0, 0
0.042128, 0, -13, 0, 0
0.042320, 45, -12, 0, 0
0.042520, 0, 26, 0, 0
0.042720, -5, -9, 0, 0
0.042920, 0, -6, 0, 0
0.043120, -5, 3, 0, 0
0.043320, 11, -6, 0, 0
0.043520, 0, 0, 0, 0
0.043720, -6, 29, 0, 0
0.043920, -11, 12, 0, 0
0.044120, 39, -22, 0, 0
0.044320, -131, 85, 0, 0
0.044520, 0, 13, 0, 0
0.044720, -52, 80, 0, 0
0.044928, -5, 3, 0, 0
0.045120, -5, -9, 0, 0
0.045320, 0, 26, 0, 0
0.045528, -74, 27, 0, 0
0.045720, 0, -26, 0, 0
0.045928, -46, 37, 0, 0
0.058328, -5, 3, 0, 0
0.058520, 0, -13, 0, 0
0.058720, -5, 3, 0, 0
0.058920, -6, 29, 0, 0
0.059122, -5, 3, 0, 0
0.059328, -5, 3, 0, 0
0.059530, 34, 200, 0, 0
0.059722, 0, -13, 0, 0
0.059928, 0, 0, 0, 0
0.060128, 7, -81, 0, 0
0.060320, 28, -2, 0, 0
0.060530, -6, 29, 0, 0
0.060728, -23, 38, 0, 0
0.060920, 6, -16, 0, 0
0.061128, 22, 0, 0, 0
0.061320, -5, 3, 0, 0
0.061522, 0, 0, 0, 0
0.049720, -11, -19, 0, 0
0.049920, 0, 0, 0, 0
0.050120, -5, 3, 0, 0
0.050320, -5, 3, 0, 0
0.050520, -5, 3, 0, 0
0.050720, -5, 3, 0, 0
0.050920, 0, 0, 0, 0
0.051128, 11, 6, 0, 0
0.051320, -5, 3, 0, 0
0.051520, -5, 3, 0, 0
0.051730, -5, 3, 0, 0
0.051920, 0, 0, 0, 0
0.052120, 0, -13, 0, 0
0.052320, 0, -39, 0, 0
0.052528, 0, 13, 0, 0
0.052720, 23, -25, 0, 0
0.052920, -5, 16, 0, 0
0.053130, 0, 0, 0, 0
0.053320, -5, 3, 0, 0
0.053520, -5, 3, 0, 0
0.053720, -5, -9, 0, 0
0.053928, 5, -3, 0, 0
0.054120, 40, -61, 0, 0
0.054320, 5, -3, 0, 0
0.054520, 37, 108, 0, 0
0.054720, 5, -3, 0, 0
0.054920, -5, 3, 0, 0
0.055128, -6, 29, 0, 0
0.055320, 11, -19, 0, 0
0.055522, 5, 9, 0, 0
0.055720, 5, 22, 0, 0
0.055920, -34, 45, 0, 0
0.056120, 39, 3, 0, 0
0.056322, 0, 13, 0, 0
0.056528, -5, 3, 0, 0
0.056728, 0, 26, 0, 0
0.056920, -5, -9, 0, 0
0.057120, 40, -35, 0, 0
0.057320, -6, 29, 0, 0
0.057520, 22, -12, 0, 0
0.057720, -6, 29, 0, 0
0.057928, -5, 3, 0, 0
0.058128, 39, 4, 0, 0
0.058328, -5, 3, 0, 0
0.058520, 0, -13, 0, 0
0.058720, -5, 3, 0, 0
0.058920, -6, 29, 0, 0
0.059122, -5, 3, 0, 0
0.059328, -5, 3, 0, 0
0.059530, 34, 200, 0, 0
0.059722, 0, -13, 0, 0
0.059928, 0, 0, 0, 0
0.060128, 7, -81, 0, 0
0.060320, 28, -2, 0, 0
0.060530, -6, 29, 0, 0
0.060728, -23, 38, 0, 0
0.060920, 6, -16, 0, 0
0.061128, 22, 0, 0, 0
0.061320, -5, 3, 0, 0
0.061522, 0, 0, 0, 0
0.061720, 0, 0, 0, 0
0.061920, -5, 3, 0, 0
0.062120, -45, 25, 0, 0
0.062322, -11, 45, 0, 0
0.062520, 0, 0, 0, 0
0.062720, -6, 16, 0, 0
0.062920, 0, 26, 0, 0
0.063130, -34, 5, 0, 0
0.063320, -5, -9, 0, 0
0.063528, 0, 0, 0, 0
0.063728, -6, 16, 0, 0
0.063920, -6, 29, 0, 0
0.064128, 2, -78, 0, 0
0.064320, 0, 0, 0, 0
0.064528, -5, -9, 0, 0
0.064720, -5, 16, 0, 0
0.064920, -5, 16, 0, 0
0.065120, -5, 3, 0, 0
0.065322, -5, 3, 0, 0
0.065520, -5, 3, 0, 0
0.065728, -5, -9, 0, 0
0.065920, 0, 0, 0, 0
0.066120, -17, 9, 0, 0
0.066320, -27, -16, 0, 0
0.066520, 5, 22, 0, 0
0.066720, -17, 35, 0, 0
0.066928, 0, -13, 0, 0
0.067120, -6, 16, 0, 0
0.067320, -11, 19, 0, 0
0.067528, -6, 29, 0, 0
0.067720, 0, -13, 0, 0
0.067920, -6, 16, 0, 0
0.068120, 0, 13, 0, 0
0.068328, 0, 0, 0, 0
0.068530, -6, 29, 0, 0
0.068730, -5, -9, 0, 0
0.068920, -22, 0, 0, 0
0.069128, 40, -34, 0, 0
0.069320, -11, 6, 0, 0
0.069520, -6, 16, 0, 0
0.069720, -6, 29, 0, 0
0.069928, -17, 35, 0, 0
0.070120, 11, 6, 0, 0
0.070320, -11, 19, 0, 0
0.070522, -5, 16, 0, 0
0.070722, 0, 13, 0, 0
0.070920, -5, 16, 0, 0
0.071120, -5, 16, 0, 0
0.071320, -5, -9, 0, 0
0.071520, 0, 0, 0, 0
0.071720, 0, 13, 0, 0
0.071920, 0, -13, 0, 0
0.072120, 0, 0, 0, 0
0.072320, 0, -13, 0, 0
0.072520, -11, 19, 0, 0
0.072720, -5, -9, 0, 0
0.072920, 40, -21, 0, 0
0.073120, -5, -9, 0, 0
0.073328, -5, -9, 0, 0
0.073528, -6, 29, 0, 0
0.073730, 39, -8, 0, 0
0.073920, -5, -9, 0, 0
0.074120, -5, 16, 0, 0
0.074328, -6, 16, 0, 0
0.074520, 0, -26, 0, 0
0.074730, 11, 6, 0, 0
0.074920, 0, 0, 0, 0
0.075120, -11, 32, 0, 0
0.075320, -6, 29, 0, 0
0.075520, -5, 3, 0, 0
0.075730, 0, 13, 0, 0
0.075920, -5, 16, 0, 0
0.076128, -11, 19, 0, 0
0.076328, 0, 0, 0, 0
0.076520, 11, -19, 0, 0
0.076720, -6, 29, 0, 0
0.076930, 0, 26, 0, 0
0.077128, 23, -38, 0, 0
0.077320, -5, 16, 0, 0
0.077520, 0, -13, 0, 0
0.077722, -5, -9, 0, 0
0.077920, -6, 16, 0, 0
0.078120, 0, 13, 0, 0
0.078322, -17, 35, 0, 0
0.078520, -5, 3, 0, 0
0.078728, 5, -3, 0, 0
0.078922, 0, 13, 0, 0
0.079120, -5, -9, 0, 0
0.079320, -5, -9, 0, 0
0.079520, -6, 29, 0, 0
0.079730, -6, 16, 0, 0
0.079920, 11, -6, 0, 0
0.080120, 0, 0, 0, 0
0.080530, 0, 0, 0, 0
0.080728, 39, 4, 0, 0
0.080920, -6, 29, 0, 0
0.081120, -39, 9, 0, 0
0.081328, -5, 3, 0, 0
0.081522, -7, 238, 0, 0
0.081720, 0, 13, 0, 0
0.081928, -6, 16, 0, 0
0.082120, 0, 0, 0, 0
0.082320, -5, -9, 0, 0
0.082520, -5, 16, 0, 0
0.082720, 0, 13, 0, 0
0.082920, -29, 54, 0, 0
0.083120, -5, 3, 0, 0
0.083320, -5, 3, 0, 0
0.083530, -5, -9, 0, 0
0.083720, -45, 38, 0, 0
0.083920, -6, 29, 0, 0
0.084120, -5, 3, 0, 0
0.084328, -6, 16, 0, 0
0.084520, -5, 3, 0, 0
0.084720, -5, 3, 0, 0
0.084922, -5, 29, 0, 0
0.085120, -5, 3, 0, 0
0.085320, 0, 0, 0, 0
0.085520, -91, 50, 0, 0
0.085720, -5, 3, 0, 0
0.085920, 0, 0, 0, 0
0.086120, -5, 3, 0, 0
0.086320, -6, 29, 0, 0
0.086522, -28, 16, 0, 0
0.086720, 0, 0, 0, 0
0.086928, -5, 3, 0, 0
0.087120, 0, 26, 0, 0
0.087330, -5, -9, 0, 0
0.087520, -6, 29, 0, 0
0.087720, 39, 3, 0, 0
0.087920, -5, 16, 0, 0
0.088120, 0, 13, 0, 0
0.088320, 0, 26, 0, 0
0.088520, -5, 16, 0, 0
0.088728, -11, 6, 0, 0
0.088928, 0, 26, 0, 0
0.089120, 0, -13, 0, 0
0.089330, 0, 19, 0, 0
0.089520, 40, -35, 0, 0
0.089720, -5, 3, 0, 0
0.089920, 0, 26, 0, 0
0.090120, -5, 3, 0, 0
0.090320, -5, -9, 0, 0
0.090520, 12, -45, 0, 0
0.090720, -5, 3, 0, 0
0.090920, 7, -88, 0, 0
0.091120, 0, 0, 0, 0
0.091320, 0, -13, 0, 0
0.091520, -5, 16, 0, 0
0.091730, 0, -13, 0, 0
0.091930, -5, 3, 0, 0
0.092120, 0, 13, 0, 0
0.092320, -6, 16, 0, 0
0.092520, -29, 41, 0, 0
0.092720, 0, -13, 0, 0
0.092920, 0, 26, 0, 0
0.093120, 6, -16, 0, 0
0.093320, 5, -3, 0, 0
0.093520, -5, -22, 0, 0
0.093720, 0, 26, 0, 0
0.093928, -6, 16, 0, 0
0.094120, 40, -21, 0, 0
0.094320, -5, 3, 0, 0
0.094520, 0, 0, 0, 0
0.094730, 0, 0, 0, 0
0.094920, -6, 16, 0, 0
0.095120, -5, -9, 0, 0
0.095320, -5, -9, 0, 0
0.095530, -6, 16, 0, 0
0.095720, 0, 13, 0, 0
0.095920, -6, 29, 0, 0
0.096130, -5, 3, 0, 0
0.096320, -5, 16, 0, 0
0.096520, -17, 48, 0, 0
0.096728, 1, -39, 0, 0
0.096928, 0, 13, 0, 0
0.097120, -5, -9, 0, 0
0.097328, 40, -34, 0, 0
0.097520, -5, -9, 0, 0
0.097730, -2, 104, 0, 0
0.097920, 39, -8, 0, 0
0.098120, 0, 13, 0, 0
0.098328, 11, 6, 0, 0
0.098530, 0, 13, 0, 0
0.098720, -6, 16, 0, 0
0.098930, -6, 16, 0, 0
0.099130, -11, 6, 0, 0
0.099320, -5, 3, 0, 0
0.099520, 0, 13, 0, 0
0.099728, 0, -13, 0, 0
0.099930, -5, -9, 0, 0
0.000120, -5, 3, 0, 0
0.000320, -5, -9, 0, 0
0.000520, -6, 16, 0, 0
0.000720, -45, 25, 0, 0
0.000920, -5, 16, 0, 0
0.001130, -6, 29, 0, 0
0.001328, 40, -21, 0, 0
0.001520, -5, 3, 0, 0
0.001720, -5, 3, 0, 0
0.001920, 0, 26, 0, 0
0.002122, 0, 0, 0, 0
0.002320, -5, -9, 0, 0
0.002520, 5, 22, 0, 0
0.002720, 0, -13, 0, 0
0.002930, -4, -36, 0, 0
0.003120, -5, 3, 0, 0
0.003320, -5, -9, 0, 0
0.003520, -5, -9, 0, 0
0.003730, 40, -21, 0, 0
0.003928, 5, -3, 0, 0
0.004120, -6, 16, 0, 0
0.004320, -5, 3, 0, 0
0.004528, 0, 0, 0, 0
0.004720, -5, -9, 0, 0
0.004928, -34, 5, 0, 0
0.005128, -5, -9, 0, 0
0.005320, 1, -78, 0, 0
0.005520, 0, 26, 0, 0
0.005720, -7, 107, 0, 0
0.005920, 0, -13, 0, 0
0.006120, -5, 3, 0, 0
0.006320, -51, 28, 0, 0
0.006520, -5, 3, 0, 0
0.006720, 0, 13, 0, 0
0.006922, 0, -26, 0, 0
0.007122, 0, 13, 0, 0
0.007320, -5, 3, 0, 0
0.007530, -8, 94, 0, 0
0.007720, 11, -6, 0, 0
0.007920, -6, 16, 0, 0
0.008120, 0, 0, 0, 0
0.008328, 0, -13, 0, 0
0.008520, -5, 3, 0, 0
0.008720, -6, 29, 0, 0
0.008920, -17, 35, 0, 0
0.009130, -5, -3, 0, 0
0.009320, -5, -9, 0, 0
0.009520, 0, -13, 0, 0
0.009720, -5, -9, 0, 0
0.009920, 0, 0, 0, 0
0.010128, -6, 29, 0, 0
0.010320, 22, -25, 0, 0
0.010520, 0, 0, 0, 0
0.010720, 11, -6, 0, 0
0.010920, -34, 19, 0, 0
0.011120, -5, -22, 0, 0
0.011320, 39, -22, 0, 0
0.011528, 11, -19, 0, 0
0.011722, -5, 16, 0, 0
0.011920, -51, 28, 0, 0
0.012120, 0, -19, 0, 0
0.012320, 0, -39, 0, 0
0.012520, 6, -16, 0, 0
0.012720, -6, 16, 0, 0
0.012920, -70, 128, 0, 0
0.013120, -17, 35, 0, 0
0.013320, -5, 16, 0, 0
0.013520, -5, 3, 0, 0
0.013730, -6, 29, 0, 0
0.013920, -143, 91, 0, 0
0.014120, -34, 12, 0, 0
0.014328, 40, -21, 0, 0
0.014530, -5, 3, 0, 0
0.014720, -6, 16, 0, 0
0.014920, 0, 0, 0, 0
0.015120, 0, 13, 0, 0
0.015320, -5, 3, 0, 0
0.015520, -5, 3, 0, 0
0.015720, -5, 3, 0, 0
0.015928, -5, 3, 0, 0
0.016120, -7, 94, 0, 0
0.016322, 0, -13, 0, 0
0.016528, -18, 48, 0, 0
0.016720, -5, 16, 0, 0
0.016928, -5, -9, 0, 0
0.017120, 40, -35, 0, 0
0.017328, -5, 3, 0, 0
0.017528, 0, -26, 0, 0
0.017720, 11, -19, 0, 0
0.017920, -6, 29, 0, 0
0.018120, -5, 3, 0, 0
0.018320, -5, 3, 0, 0
0.018520, 5, -16, 0, 0
0.018720, -5, -9, 0, 0
0.018920, 5, -3, 0, 0
0.019120, -5, -9, 0, 0
0.019328, -6, 16, 0, 0
0.019520, -5, 3, 0, 0
0.019720, 0, 26, 0, 0
0.019920, -5, -9, 0, 0
0.020120, 39, 4, 0, 0
0.020320, 39, -8, 0, 0
0.020520, -5, 16, 0, 0
0.020730, -5, -9, 0, 0
0.020928, 5, -9, 0, 0
0.021128, -5, 3, 0, 0
0.021320, -11, 19, 0, 0
0.021528, 5, 22, 0, 0
0.021728, -96, 26, 0, 0
0.021928, -5, 3, 0, 0
0.022120, 5, -3, 0, 0
0.022320, 5, -3, 0, 0
0.022528, -6, 16, 0, 0
0.022720, -5, -9, 0, 0
0.022928, 11, -6, 0, 0
0.023120, -5, 3, 0, 0
0.023330, -6, 16, 0, 0
0.023520, 5, 9, 0, 0
0.023722, 5, -3, 0, 0
0.023920, 0, -13, 0, 0
0.024128, -6, 16, 0, 0
0.024328, 0, 0, 0, 0
0.024530, 40, -34, 0, 0
0.024728, 0, -13, 0, 0
0.024920, 0, 0, 0, 0
0.025120, -5, 3, 0, 0
0.025320, 0, 0, 0, 0
0.025520, -5, 16, 0, 0
0.025720, -5, 16, 0, 0
0.025920, -5, -9, 0, 0
0.026128, 0, 13, 0, 0
0.026320, -5, -9, 0, 0
0.026528, -5, 3, 0, 0
0.026720, 0, 0, 0, 0
0.026920, 11, -6, 0, 0
0.027120, -6, 29, 0, 0
0.027320, 0, 0, 0, 0
0.027520, 11, -6, 0, 0
0.027720, -6, 16, 0, 0
0.027920, 0, 0, 0, 0
0.028120, 39, -8, 0, 0
0.028328, -5, 3, 0, 0
0.028528, -5, 3, 0, 0
0.028728, -5, 3, 0, 0
0.028920, -5, -9, 0, 0
0.029120, -5, -9, 0, 0
0.029320, -6, 29, 0, 0
0.029528, 41, -60, 0, 0
0.029720, 0, 0, 0, 0
0.029928, -6, 16, 0, 0
0.030120, -12, 32, 0, 0
0.030320, 0, 13, 0, 0
0.030528, -6, 16, 0, 0
0.030720, 0, 0, 0, 0
0.030928, -34, 31, 0, 0
0.031120, 0, 13, 0, 0
0.031320, -17, 9, 0, 0
0.031522, 0, 13, 0, 0
0.031728, -5, -9, 0, 0
0.031920, 0, 0, 0, 0
0.032120, 10, 19, 0, 0
0.032320, -6, 16, 0, 0
0.032520, -5, 3, 0, 0
0.032720, -6, 55, 0, 0
0.032920, -5, 3, 0, 0
0.033120, 0, 0, 0, 0
0.033320, -6, 16, 0, 0
0.033520, -51, 28, 0, 0
0.033720, 0, 13, 0, 0
0.033920, -5, 3, 0, 0
0.034120, -6, 16, 0, 0
0.034320, 0, 26, 0, 0
0.034520, -5, -9, 0, 0
0.034720, -46, 77, 0, 0
0.034920, -5, 3, 0, 0
0.035120, -29, 106, 0, 0
0.035320, 0, 13, 0, 0
0.035520, -5, 16, 0, 0
0.035720, 90, -24, 0, 0
0.035920, 5, 22, 0, 0
0.036120, -6, 16, 0, 0
0.036328, 5, 9, 0, 0
0.036520, -5, 3, 0, 0
0.036720, -5, 3, 0, 0
0.036920, -5, 16, 0, 0
0.037120, -40, 35, 0, 0
0.037320, -5, -9, 0, 0
0.037520, -5, 3, 0, 0
0.037720, 91, -37, 0, 0
0.037920, -5, 3, 0, 0
0.038120, -5, 16, 0, 0
0.038320, 0, 26, 0, 0
0.038530, -1, -140, 0, 0
0.038730, 0, 0, 0, 0
0.038920, -6, 29, 0, 0
0.039120, -5, 3, 0, 0
0.039320, -5, -9, 0, 0
0.039520, 0, -13, 0, 0
0.039720, 0, 13, 0, 0
0.039930, -5, 3, 0, 0
0.040120, -5, 3, 0, 0
0.040328, 0, 0, 0, 0
0.040520, 0, 13, 0, 0
0.040720, 5, 9, 0, 0
0.040920, -5, 3, 0, 0
0.041120, 177, -111, 0, 0
0.041320, 5, -16, 0, 0
0.041520, -5, 3, 0, 0
0.041720, -6, 29, 0, 0
0.041920, -7, 133, 0, 0
0.042120, -5, 16, 0, 0
0.042320, -6, 16, 0, 0
0.042520, -12, 32, 0, 0
0.042720, -28, 15, 0, 0
0.042920, -5, 16, 0, 0
0.043120, 0, 13, 0, 0
0.043320, 0, 13, 0, 0
0.043528, -5, 3, 0, 0
0.043720, -5, 3, 0, 0
0.043928, -5, 3, 0, 0
0.044120, 0, 26, 0, 0
0.044330, 0, 13, 0, 0
0.044520, 11, -6, 0, 0
0.044730, -5, -9, 0, 0
0.044928, -6, 16, 0, 0
0.045128, 5, -3, 0, 0
0.045320, 0, 13, 0, 0
0.045520, -22, 12, 0, 0
0.045720, 0, 13, 0, 0
0.045920, -6, 29, 0, 0
0.046120, -51, 41, 0, 0
0.046320, -5, 16, 0, 0
0.046528, 41, -47, 0, 0
0.046720, 0, 0, 0, 0
0.046920, 0, 13, 0, 0
0.047120, -6, 29, 0, 0
0.047320, -5, 3, 0, 0
0.047530, -5, 3, 0, 0
0.047720, -5, 3, 0, 0
0.047920, -5, 16, 0, 0
0.048120, -5, -9, 0, 0
0.048320, 0, 26, 0, 0
0.048530, -6, 16, 0, 0
0.048728, 0, 13, 0, 0
0.048920, -5, 3, 0, 0
0.049120, -51, 41, 0, 0
0.049320, 5, 9, 0, 0
0.049530, -6, 29, 0, 0
0.049720, -5, 3, 0, 0
0.049920, -16, -16, 0, 0
0.050128, 42, -99, 0, 0
0.050328, -23, 12, 0, 0
0.050520, -6, 16, 0, 0
0.050720, -6, 16, 0, 0
0.050920, 0, 0, 0, 0
0.051120, 0, 26, 0, 0
0.051322, -5, 16, 0, 0
0.051528, 0, -13, 0, 0
0.051720, -5, 3, 0, 0
0.051920, -5, 3, 0, 0
0.052130, -17, 22, 0, 0
0.052320, 0, -13, 0, 0
0.052520, -5, 3, 0, 0
0.052720, -6, 29, 0, 0
0.052920, -5, -9, 0, 0
0.053120, 85, -47, 0, 0
0.053320, -5, 3, 0, 0
0.053520, 0, 0, 0, 0
0.053720, -5, 3, 0, 0
0.053920, -5, 3, 0, 0
0.054120, -6, 16, 0, 0
0.054320, 0, 13, 0, 0
0.054520, -5, 3, 0, 0
0.054920, -5, -22, 0, 0
0.055120, -5, 3, 0, 0
0.055330, -6, 16, 0, 0
0.055520, 0, 13, 0, 0
0.055720, 0, -13, 0, 0
0.055928, -6, 29, 0, 0
0.056130, -183, 112, 0, 0
0.056320, -5, 3, 0, 0
0.056520, -91, 30, 0, 0
0.056720, -5, 3, 0, 0
0.056928, -6, 29, 0, 0
0.057128, -5, 3, 0, 0
0.057328, 0, 13, 0, 0
0.057530, -6, 29, 0, 0
0.057728, -46, 51, 0, 0
0.057920, -5, 3, 0, 0
0.058128, -6, 16, 0, 0
0.058320, 0, 13, 0, 0
0.058530, -5, 3, 0, 0
0.058728, -11, 12, 0, 0
0.058920, 22, -12, 0, 0
0.059120, -5, 3, 0, 0
0.059320, -6, 16, 0, 0
0.059520, 11, -6, 0, 0
0.059720, 40, -21, 0, 0
0.059920, -33, -7, 0, 0
0.060130, 0, 0, 0, 0
0.060328, 6, -22, 0, 0
0.060520, 0, -13, 0, 0
0.060720, 0, -13, 0, 0
0.060920, -5, 3, 0, 0
0.061120, -6, 16, 0, 0
0.061320, 85, -47, 0, 0
0.061520, 0, 13, 0, 0
0.061720, 0, -13, 0, 0
0.061920, 39, -22, 0, 0
0.062120, 0, 26, 0, 0
0.062328, 0, 0, 0, 0
0.062520, 0, 26, 0, 0
0.062720, -4, -36, 0, 0
0.062930, 5, -3, 0, 0
0.063120, -5, -9, 0, 0
0.063320, -6, 16, 0, 0
0.063528, 0, 13, 0, 0
0.063728, -17, 28, 0, 0
0.063920, -5, -9, 0, 0
0.064120, -5, 16, 0, 0
0.064320, 0, 0, 0, 0
0.064520, -5, -9, 0, 0
0.064730, -6, 29, 0, 0
0.064928, 11, 6, 0, 0
0.065120, 0, 0, 0, 0
0.065320, -17, 22, 0, 0
0.065528, -5, -9, 0, 0
0.065720, 0, 13, 0, 0
0.065920, 11, 6, 0, 0
0.066120, 17, -35, 0, 0
0.066320, 5, 9, 0, 0
0.066528, -6, 16, 0, 0
0.066720, 0, 0, 0, 0
0.066928, 0, -13, 0, 0
0.067128, 5, -3, 0, 0
0.067330, 11, -19, 0, 0
0.067520, 5, -3, 0, 0
0.067720, -6, 29, 0, 0
0.067928, 40, -21, 0, 0
0.068120, -5, -22, 0, 0
0.068322, -5, 3, 0, 0
0.068528, 0, 13, 0, 0
0.068720, 0, 26, 0, 0
0.068920, -11, 19, 0, 0
0.069120, 0, 0, 0, 0
0.069320, 0, 0, 0, 0
0.069528, -6, 16, 0, 0
0.069728, 4, 23, 0, 0
0.069920, 0, 13, 0, 0
0.070130, -5, 3, 0, 0
0.070328, 0, 13, 0, 0
0.070520, 0, -19, 0, 0
0.070728, 5, 9, 0, 0
0.070928, -5, 3, 0, 0
0.071120, -5, -9, 0, 0
0.071328, -17, 22, 0, 0
0.071520, -5, -9, 0, 0
0.071720, 0, -13, 0, 0
0.071928, 0, 0, 0, 0
0.072128, -5, 3, 0, 0
0.072320, -5, 3, 0, 0
0.072528, -6, 16, 0, 0
0.072728, 0, -13, 0, 0
0.072920, -5, -9, 0, 0
0.073120, 0, 0, 0, 0
0.073320, -5, -9, 0, 0
0.073520, -5, -9, 0, 0
0.073728, -5, 3, 0, 0
0.073920, -6, 16, 0, 0
0.074120, 0, 13, 0, 0
0.074320, -51, 28, 0, 0
0.074530, -5, 3, 0, 0
0.074720, -5, 3, 0, 0
0.074920, 0, 13, 0, 0
0.075122, 5, -16, 0, 0
0.075328, -28, 2, 0, 0
0.075520, 0, 13, 0, 0
0.075720, -5, -9, 0, 0
0.075928, 23, -12, 0, 0
0.076128, 0, 0, 0, 0
0.076320, 5, -3, 0, 0
0.076528, -28, 15, 0, 0
0.076728, -5, 3, 0, 0
0.076930, -5, -9, 0, 0
0.077128, 0, -13, 0, 0
0.077320, -5, 3, 0, 0
0.077520, -5, 3, 0, 0
0.077720, -5, 3, 0, 0
0.077920, -5, 3, 0, 0
0.078120, -6, 16, 0, 0
0.078328, -6, 29, 0, 0
0.078520, -5, 3, 0, 0
0.078720, -6, 29, 0, 0
0.078920, 0, -13, 0, 0
0.079120, 0, 13, 0, 0
0.079320, -1, 91, 0, 0
0.079520, 0, 13, 0, 0
0.079720, -5, 3, 0, 0
0.079928, -6, 16, 0, 0
0.080120, -6, 29, 0, 0
0.080328, -5, 3, 0, 0
0.080520, 0, 26, 0, 0
0.080730, 23, -38, 0, 0
0.080920, 0, 0, 0, 0
0.081130, -5, 3, 0, 0
0.081320, 5, 9, 0, 0
0.081530, 10, 19, 0, 0
0.081720, -5, -9, 0, 0
0.081928, 0, 0, 0, 0
0.082120, -5, 3, 0, 0
0.082328, 0, 26, 0, 0
0.082520, -5, -9, 0, 0
0.082720, 0, 0, 0, 0
0.082920, -5, 3, 0, 0
0.083120, -6, 16, 0, 0
0.083330, -6, 29, 0, 0
0.083520, 40, -21, 0, 0
0.083730, -46, 50, 0, 0
0.083920, -5, 3, 0, 0
0.084128, -17, 22, 0, 0
0.084320, 11, -6, 0, 0
0.084520, -5, 16, 0, 0
0.084728, -5, -9, 0, 0
0.084920, 5, -3, 0, 0
0.085128, -5, -9, 0, 0
0.085320, 0, 26, 0, 0
0.085520, 0, 13, 0, 0
0.085720, 0, -13, 0, 0
0.085920, -5, 16, 0, 0
0.086128, 0, -13, 0, 0
0.086320, -6, 16, 0, 0
0.086530, 39, 4, 0, 0
0.086720, -4, -36, 0, 0
0.086920, 5, 22, 0, 0
0.087120, -29, 41, 0, 0
0.087320, -1, 91, 0, 0
0.087520, -28, 28, 0, 0
0.087728, -5, -9, 0, 0
0.087920, 0, 0, 0, 0
0.088120, -17, 22, 0, 0
0.088328, 0, -19, 0, 0
0.088528, -6, 29, 0, 0
0.088720, -5, 16, 0, 0
0.088930, -5, 3, 0, 0
0.089120, 23, -38, 0, 0
0.089320, -6, 16, 0, 0
0.089520, 18, -48, 0, 0
0.089728, -5, 3, 0, 0
0.089920, 0, 0, 0, 0
0.090128, 59, -109, 0, 0
0.090328, 0, 13, 0, 0
0.090520, -5, 16, 0, 0
0.090720, -5, 3, 0, 0
0.090922, -5, 29, 0, 0
0.091120, -5, 16, 0, 0
0.091320, 11, 6, 0, 0
0.091520, -5, 16, 0, 0
0.091720, -5, 16, 0, 0
0.091928, -5, 3, 0, 0
0.092120, -5, -9, 0, 0
0.092328, -6, 29, 0, 0
0.092520, -5, -9, 0, 0
0.092720, -5, -22, 0, 0
0.092920, -5, 3, 0, 0
0.093120, -5, -9, 0, 0
0.093320, -5, -9, 0, 0
0.093530, 0, 0, 0, 0
0.093720, 0, 0, 0, 0
0.093920, -5, 16, 0, 0
0.094128, -6, 29, 0, 0
0.094328, -51, 41, 0, 0
0.094530, 0, -26, 0, 0
0.094720, -5, 3, 0, 0
0.094920, -6, 16, 0, 0
0.095130, -45, 11, 0, 0
0.095328, 0, -13, 0, 0
0.095520, 0, -19, 0, 0
0.095720, 0, 13, 0, 0
0.095920, -6, 16, 0, 0
0.096130, -29, 41, 0, 0
0.096328, -5, -9, 0, 0
0.096528, 0, -13, 0, 0
0.096720, -5, 3, 0, 0
0.096920, 0, 0, 0, 0
0.097120, -6, 16, 0, 0
0.097320, 5, 22, 0, 0
0.097520, 34, -31, 0, 0
0.097720, 0, -13, 0, 0
0.097928, -6, 16, 0, 0
0.098120, -6, 29, 0, 0
0.098320, 0, 0, 0, 0
0.098528, 39, -8, 0, 0
0.098728, -5, 3, 0, 0
0.098920, 0, -26, 0, 0
0.099120, -45, 12, 0, 0
0.099320, -5, 3, 0, 0
0.099520, -5, 16, 0, 0
0.099720, 0, -13, 0, 0
0.099920, 39, -8, 0, 0
0.000120, -5, 3, 0, 0
0.000320, -5, 3, 0, 0
0.000528, -5, 3, 0, 0
0.000720, -6, 16, 0, 0
0.000920, -28, 2, 0, 0
0.001120, 0, 0, 0, 0
0.001320, 39, -22, 0, 0
0.001520, 0, 13, 0, 0
0.001720, 0, 0, 0, 0
0.001920, 0, 13, 0, 0
0.002128, 45, -11, 0, 0
0.002320, -11, 6, 0, 0
0.002520, 0, 26, 0, 0
0.002720, -6, 16, 0, 0
0.002928, 17, -9, 0, 0
0.003120, -27, 247, 0, 0
0.003320, -5, 3, 0, 0
0.003520, 0, 0, 0, 0
0.003728, -6, 29, 0, 0
0.003922, 0, -13, 0, 0
0.004122, -5, 3, 0, 0
0.004320, 0, 13, 0, 0
0.004520, -5, 3, 0, 0
0.004730, 0, 13, 0, 0
0.004928, -51, 41, 0, 0
0.005120, -5, 3, 0, 0
0.005320, 0, 0, 0, 0
0.005520, 0, 0, 0, 0
0.005720, -5, -22, 0, 0
0.005920, 0, 0, 0, 0
0.006120, -5, 3, 0, 0
0.006330, -5, 3, 0, 0
0.006530, 0, 0, 0, 0
0.006720, -5, 3, 0, 0
0.006920, -5, -9, 0, 0
0.007120, -5, -9, 0, 0
0.007328, 40, -21, 0, 0
0.007520, 5, 9, 0, 0
0.007720, -5, -9, 0, 0
0.007920, 0, 13, 0, 0
0.008130, -5, 3, 0, 0
0.008320, 11, -6, 0, 0
0.008528, -18, 35, 0, 0
0.008728, 36, 115, 0, 0
0.008920, 0, -13, 0, 0
0.009128, -5, 3, 0, 0
0.009328, 23, -25, 0, 0
0.009520, 0, 13, 0, 0
0.009720, 5, 3, 0, 0
0.009930, -92, 62, 0, 0
0.010120, -5, -9, 0, 0
0.010322, 0, 0, 0, 0
0.010522, 11, 19, 0, 0
0.010720, -5, 3, 0, 0
0.010920, 0, -13, 0, 0
0.011120, -13, 117, 0, 0
0.011320, 0, -13, 0, 0
0.011520, -5, 3, 0, 0
0.011720, 11, 6, 0, 0
0.011928, -6, 29, 0, 0
0.012120, 0, 13, 0, 0
0.012330, 5, 16, 0, 0
0.012520, -17, 9, 0, 0
0.012720, 11, -6, 0, 0
0.012920, 0, 0, 0, 0
0.013120, -5, 3, 0, 0
0.013320, -5, 3, 0, 0
0.013520, 5, -3, 0, 0
0.013728, -59, 121, 0, 0
0.013920, 0, 13, 0, 0
0.014128, -6, 16, 0, 0
0.014320, 0, 0, 0, 0
0.014520, -4, -88, 0, 0
0.014720, -5, -9, 0, 0
0.014930, 0, 0, 0, 0
0.015122, -5, 16, 0, 0
0.015320, 0, 13, 0, 0
0.015520, 0, -13, 0, 0
0.015730, 0, 13, 0, 0
0.015928, -6, 16, 0, 0
0.016120, 0, -13, 0, 0
0.016320, 0, 0, 0, 0
0.016520, -5, 16, 0, 0
0.016720, 0, 13, 0, 0
0.016920, -28, 28, 0, 0
0.017120, -5, 3, 0, 0
0.017320, -5, 3, 0, 0
0.017528, -5, -9, 0, 0
0.017720, 17, -22, 0, 0
0.017920, -5, 3, 0, 0
0.018130, -18, 48, 0, 0
0.018320, -142, 66, 0, 0
0.018522, -5, -9, 0, 0
0.018722, 0, -13, 0, 0
0.018920, -6, 29, 0, 0
0.019128, 11, -6, 0, 0
0.019320, -5, -9, 0, 0
0.019520, -45, 12, 0, 0
0.019730, -34, 18, 0, 0
0.019920, -6, 16, 0, 0
0.020120, 0, 26, 0, 0
0.020320, 0, 13, 0, 0
0.020528, 0, 13, 0, 0
0.020728, 40, -34, 0, 0
0.020930, -5, -9, 0, 0
0.021128, -8, 94, 0, 0
0.021322, -5, 3, 0, 0
0.021528, -5, 3, 0, 0
0.021720, -5, -9, 0, 0
0.021928, 0, 0, 0, 0
0.022120, -5, 3, 0, 0
0.022320, -18, 48, 0, 0
0.022520, -5, 3, 0, 0
0.022720, -17, 9, 0, 0
0.022920, -5, -9, 0, 0
0.023120, 0, -13, 0, 0
0.023328, -6, 16, 0, 0
0.023528, 39, 4, 0, 0
0.023730, -6, 16, 0, 0
0.023920, 0, 13, 0, 0
0.024120, -5, 3, 0, 0
0.024320, -28, 2, 0, 0
0.024520, 5, -3, 0, 0
0.024720, -5, -3, 0, 0
0.024928, 0, 26, 0, 0
0.036930, -5, -9, 0, 0
0.037120, -6, 16, 0, 0
0.037330, -6, 16, 0, 0
0.037520, -3, -101, 0, 0
0.037720, -5, 3, 0, 0
0.037920, 0, 0, 0, 0
0.038130, -23, 25, 0, 0
0.038320, -6, 16, 0, 0
0.038520, -6, 16, 0, 0
0.038720, -5, 3, 0, 0
0.038920, 17, -22, 0, 0
0.039120, 0, 0, 0, 0
0.039330, 17, -35, 0, 0
0.039520, -11, 19, 0, 0
0.039722, -5, 3, 0, 0
0.039928, 0, 0, 0, 0
0.040120, 0, 26, 0, 0
0.040320, -5, -9, 0, 0
0.040520, 17, -35, 0, 0
0.040728, -6, 16, 0, 0
0.040920, -5, -9, 0, 0
0.041120, -5, 3, 0, 0
0.041328, 0, -13, 0, 0
0.041520, 0, 0, 0, 0
0.041728, -5, 3, 0, 0
0.041920, -5, -9, 0, 0
0.042120, -5, 3, 0, 0
0.042320, 0, 13, 0, 0
0.042528, 40, -21, 0, 0
0.042720, -5, 3, 0, 0
0.042920, 0, -13, 0, 0
0.043120, -6, 22, 0, 0
0.043330, 0, 0, 0, 0
0.043520, 0, 26, 0, 0
0.043730, 0, 0, 0, 0
0.043920, -5, 3, 0, 0
0.044122, -5, 3, 0, 0
0.044320, -5, -36, 0, 0
0.044520, 0, 0, 0, 0
0.044720, 85, -34, 0, 0
0.044920, -1, 91, 0, 0
0.045120, 5, -9, 0, 0
0.045328, 5, -3, 0, 0
0.045520, 28, 10, 0, 0
0.045720, 22, -12, 0, 0
0.045930, 5, -3, 0, 0
0.046120, -22, 25, 0, 0
0.046320, -5, 3, 0, 0
0.046528, 92, -49, 0, 0
0.046720, -5, 3, 0, 0
0.046920, -5, -9, 0, 0
0.047120, 39, -22, 0, 0
0.047320, -5, -9, 0, 0
0.047528, 0, 0, 0, 0
0.047728, -6, 16, 0, 0
0.047920, 5, 9, 0, 0
0.048128, -5, -9, 0, 0
0.048320, -5, 16, 0, 0
0.048528, -12, 32, 0, 0
0.048720, 0, -13, 0, 0
0.048920, 0, 0, 0, 0
0.049120, -5, -9, 0, 0
0.049320, -6, 29, 0, 0
0.049520, -5, 3, 0, 0
0.049720, 0, 13, 0, 0
0.049920, -5, 3, 0, 0
0.050130, -4, -29, 0, 0
0.050320, -5, 3, 0, 0
0.050520, 85, -47, 0, 0
0.050728, -6, 16, 0, 0
0.050920, -5, 3, 0, 0
0.051120, -11, 19, 0, 0
0.051320, -12, 45, 0, 0
0.051520, 0, 0, 0, 0
0.051720, -5, 3, 0, 0
0.051920, 0, 13, 0, 0
0.052120, -6, 16, 0, 0
0.052320, 0, 0, 0, 0
0.052520, 0, 13, 0, 0
0.052720, -12, 45, 0, 0
0.052920, 0, 19, 0, 0
0.053120, 0, 0, 0, 0
0.053328, -138, 87, 0, 0
0.053528, 48, -97, 0, 0
0.053720, -6, 29, 0, 0
0.053920, -6, 29, 0, 0
0.054120, 0, 13, 0, 0
0.054320, -5, -9, 0, 0
0.054520, 0, -13, 0, 0
0.054720, -5, 16, 0, 0
0.054928, -5, 3, 0, 0
0.055130, 0, -13, 0, 0
0.055320, -5, 16, 0, 0
0.055528, 0, 0, 0, 0
0.055720, -5, -22, 0, 0
0.055928, -6, 16, 0, 0
0.056120, 0, 0, 0, 0
0.056320, -5, -9, 0, 0
0.056528, 0, 6, 0, 0
0.056730, -5, -9, 0, 0
0.056920, 0, 13, 0, 0
0.057120, 0, 0, 0, 0
0.057322, -5, 3, 0, 0
0.057528, 0, 13, 0, 0
0.057720, 17, -9, 0, 0
0.057930, -5, -9, 0, 0
0.058120, 40, -21, 0, 0
0.058320, 0, 0, 0, 0
0.058520, 39, 3, 0, 0
0.058720, -6, 16, 0, 0
0.058920, -5, 3, 0, 0
0.059128, -5, 3, 0, 0
0.059520, -17, 35, 0, 0
0.059720, -5, 16, 0, 0
0.059920, 0, 13, 0, 0
0.060122, -5, 16, 0, 0
0.060320, -5, 3, 0, 0
0.060520, -6, 16, 0, 0
0.060720, -5, 3, 0, 0
0.060920, 0, 13, 0, 0
0.061120, 0, 13, 0, 0
0.061320, -6, 16, 0, 0
0.061520, -5, 16, 0, 0
0.061720, 11, -6, 0, 0
0.061920, -5, -9, 0, 0
0.062130, -6, 16, 0, 0
0.062320, -7, 94, 0, 0
0.062520, -6, 16, 0, 0
0.062720, 0, -13, 0, 0
0.062920, -6, 16, 0, 0
0.063120, 0, 0, 0, 0
0.063328, -6, 29, 0, 0
0.063530, 0, -13, 0, 0
0.063720, -5, -9, 0, 0
0.063920, 85, -34, 0, 0
0.064120, 0, 26, 0, 0
0.064328, -2, -101, 0, 0
0.064520, -5, 3, 0, 0
0.064720, 0, 13, 0, 0
0.064928, 11, -6, 0, 0
0.065120, -6, 16, 0, 0
0.065320, -6, 29, 0, 0
0.065520, -6, 29, 0, 0
0.065720, -6, 16, 0, 0
0.065920, -6, 16, 0, 0
0.066128, -8, 94, 0, 0
0.066320, 0, -13, 0, 0
0.066520, -11, 19, 0, 0
0.066720, 11, -19, 0, 0
0.066920, 0, 0, 0, 0
0.067120, -5, 16, 0, 0
0.067320, -6, 16, 0, 0
0.067520, 0, 13, 0, 0
0.067722, 0, 0, 0, 0
0.067920, 39, -9, 0, 0
0.068120, -5, 16, 0, 0
0.068328, -6, 16, 0, 0
0.068528, 11, 6, 0, 0
0.068720, 22, -12, 0, 0
0.068922, -5, -9, 0, 0
0.069120, -34, 5, 0, 0
0.069320, -154, 110, 0, 0
0.069528, -6, 29, 0, 0
0.069720, -5, 3, 0, 0
0.069928, -5, -9, 0, 0
0.070130, -5, -9, 0, 0
0.070330, -5, 3, 0, 0
0.070530, 108, -32, 0, 0
0.070730, -6, 29, 0, 0
0.070920, 0, 0, 0, 0
0.071120, 10, 19, 0, 0
0.071328, -6, 16, 0, 0
0.071520, -36, -154, 0, 0
0.071720, -28, 2, 0, 0
0.071920, -5, 3, 0, 0
0.072120, 11, -6, 0, 0
0.072320, -6, 29, 0, 0
0.072520, -5, -9, 0, 0
0.072728, -5, 3, 0, 0
0.072920, -5, 3, 0, 0
0.073120, 0, 26, 0, 0
0.073328, 39, -8, 0, 0
0.073520, -5, 3, 0, 0
0.073720, -5, -9, 0, 0
0.074120, -6, 16, 0, 0
0.074320, -5, 3, 0, 0
0.074520, -5, 3, 0, 0
0.074730, -17, 35, 0, 0
0.074920, -5, 3, 0, 0
0.075128, 0, 13, 0, 0
0.075320, 0, -6, 0, 0
0.075520, 40, -21, 0, 0
0.075720, -6, 42, 0, 0
0.075928, -5, 3, 0, 0
0.076120, -5, -9, 0, 0
0.076320, -6, 29, 0, 0
0.076520, 0, 13, 0, 0
0.076720, -46, 77, 0, 0
0.076920, -39, 15, 0, 0
0.077120, -5, 3, 0, 0
0.077328, -5, 3, 0, 0
0.077520, -6, 16, 0, 0
0.077720, 40, -21, 0, 0
0.077922, 11, -6, 0, 0
0.078120, 0, 0, 0, 0
0.078320, 0, -13, 0, 0
0.078520, 0, 0, 0, 0
0.078720, -45, 25, 0, 0
0.078920, 5, 9, 0, 0
0.079128, -29, 28, 0, 0
0.079320, 0, -6, 0, 0
0.079520, -5, -22, 0, 0
0.079720, -11, 19, 0, 0
0.079928, 0, 13, 0, 0
0.080120, -5, 16, 0, 0
0.080320, -23, 25, 0, 0
0.080520, 0, -13, 0, 0
0.080728, -12, 32, 0, 0
0.080920, 0, -13, 0, 0
0.081130, -17, 22, 0, 0
0.081330, -91, 36, 0, 0
0.081520, 0, -13, 0, 0
0.081730, 0, 26, 0, 0
0.081920, -34, 5, 0, 0
0.082120, -5, 3, 0, 0
0.082320, 0, 13, 0, 0
0.082520, -51, 15, 0, 0
0.082730, 0, -13, 0, 0
0.082920, 0, 0, 0, 0
0.083120, 22, -12, 0, 0
0.083330, 0, 13, 0, 0
0.083528, -6, 16, 0, 0
0.083728, 11, -19, 0, 0
0.083928, 0, 0, 0, 0
0.084120, -11, 0, 0, 0
0.084328, -5, -9, 0, 0
0.084528, -5, -9, 0, 0
0.084722, 0, -13, 0, 0
0.084920, 0, 0, 0, 0
0.085128, 0, -13, 0, 0
0.085328, -5, 3, 0, 0
0.085520, -6, 16, 0, 0
0.085920, -5, -9, 0, 0
0.086120, -5, 16, 0, 0
0.086320, -5, 16, 0, 0
0.086528, 36, -83, 0, 0
0.086720, 0, -13, 0, 0
0.086920, 17, -9, 0, 0
0.087128, 0, -13, 0, 0
0.087320, 131, -72, 0, 0
0.087522, 0, -13, 0, 0
0.087720, -3, -88, 0, 0
0.087920, -5, 3, 0, 0
0.088120, -6, 29, 0, 0
0.088320, 0, 26, 0, 0
0.088528, -22, 12, 0, 0
0.088720, -6, 16, 0, 0
0.088928, 10, 19, 0, 0
0.089130, -11, 6, 0, 0
0.089320, 5, 22, 0, 0
0.089520, 16, 3, 0, 0
0.089920, 0, 13, 0, 0
0.090120, -6, 16, 0, 0
0.090328, 0, -6, 0, 0
0.090520, -5, -9, 0, 0
0.090720, -5, 3, 0, 0
0.090920, -6, 29, 0, 0
0.091120, 0, 0, 0, 0
0.091320, -5, 16, 0, 0
0.091520, 0, -13, 0, 0
0.091720, -5, 3, 0, 0
0.091920, 11, -6, 0, 0
0.092120, -6, 29, 0, 0
0.092328, -34, 31, 0, 0
0.092530, -5, 3, 0, 0
0.092720, -6, 29, 0, 0
0.092920, 0, 0, 0, 0
0.093120, -5, 3, 0, 0
0.093320, 10, 19, 0, 0
0.093520, -5, -9, 0, 0
0.093720, 11, 6, 0, 0
0.093920, -6, 29, 0, 0
0.094120, 9, 124, 0, 0
0.094320, -34, 5, 0, 0
0.094520, -5, -9, 0, 0
0.094728, -18, 35, 0, 0
0.094920, -5, -9, 0, 0
0.095120, -17, 22, 0, 0
0.095328, 0, 13, 0, 0
0.095520, 0, 0, 0, 0
0.095720, -5, 3, 0, 0
0.095920, 11, -19, 0, 0
0.096120, -34, 32, 0, 0
0.096320, 0, 0, 0, 0
0.096520, 0, 13, 0, 0
0.096720, 0, 0, 0, 0
0.096920, 0, -13, 0, 0
0.097120, 11, 6, 0, 0
0.097328, -6, 16, 0, 0
0.097522, 0, 13, 0, 0
0.097720, 5, -3, 0, 0
0.097928, 0, 0, 0, 0
0.098120, -6, 16, 0, 0
0.098320, -5, -36, 0, 0
0.098528, -6, 29, 0, 0
0.098728, -6, 16, 0, 0
0.098928, 18, -35, 0, 0
0.099120, -5, -9, 0, 0
0.099330, 0, 0, 0, 0
0.099528, -5, -9, 0, 0
0.099720, 0, -19, 0, 0
0.099920, 0, 0, 0, 0
0.000128, -6, 16, 0, 0
0.000320, -51, 41, 0, 0
0.000520, -6, 16, 0, 0
0.000722, 0, 13, 0, 0
0.000928, 57, -30, 0, 0
0.001120, -5, 3, 0, 0
0.001320, 40, -21, 0, 0
0.001520, 0, 0, 0, 0
0.001720, -6, 16, 0, 0
0.001920, 0, 13, 0, 0
0.002120, 0, 26, 0, 0
0.002320, -17, 9, 0, 0
0.002520, -6, 29, 0, 0
0.002728, -5, -9, 0, 0
0.002920, -5, -9, 0, 0
0.003120, -51, 28, 0, 0
0.003320, 0, 0, 0, 0
0.003530, -6, 16, 0, 0
0.003720, -5, 3, 0, 0
0.003920, -6, 16, 0, 0
0.004120, -5, 3, 0, 0
0.004320, -45, 12, 0, 0
0.004530, -1, 26, 0, 0
0.004720, -5, -9, 0, 0
0.004920, 11, 6, 0, 0
0.005120, -5, -9, 0, 0
0.005320, -5, -9, 0, 0
0.005528, 0, 13, 0, 0
0.005730, -6, 29, 0, 0
0.005920, 85, -34, 0, 0
0.006120, 2, -104, 0, 0
0.006328, -5, -9, 0, 0
0.006528, 40, -34, 0, 0
0.006720, 5, -3, 0, 0
0.006920, 0, 0, 0, 0
0.007128, 4, 23, 0, 0
0.007320, -5, 3, 0, 0
0.007520, -6, 16, 0, 0
0.007728, 0, 13, 0, 0
0.007920, 0, -13, 0, 0
0.008120, 10, 19, 0, 0
0.008320, -5, 3, 0, 0
0.008520, 0, -13, 0, 0
0.008720, -6, 16, 0, 0
0.008920, 5, 22, 0, 0
0.009128, -6, 16, 0, 0
0.009320, -5, 3, 0, 0
0.009528, 0, 0, 0, 0
0.009720, 0, 0, 0, 0
0.009920, -5, 16, 0, 0
0.010120, -5, 3, 0, 0
0.010328, -6, 29, 0, 0
0.010520, -6, 16, 0, 0
0.010720, 0, -13, 0, 0
0.010920, -5, 3, 0, 0
0.011120, -6, 16, 0, 0
0.011330, -5, 3, 0, 0
0.011520, -5, 16, 0, 0
0.011720, -5, 16, 0, 0
0.011930, -6, 16, 0, 0
0.012120, 39, -22, 0, 0
0.012320, 0, 0, 0, 0
0.012520, 0, 6, 0, 0
0.012720, 0, 26, 0, 0
0.012920, -45, 25, 0, 0
0.013120, -28, 2, 0, 0
0.013320, -7, 94, 0, 0
0.013530, -6, 29, 0, 0
0.013720, -5, -9, 0, 0
0.013922, 0, 13, 0, 0
0.014128, -5, 3, 0, 0
0.014328, -6, 16, 0, 0
0.014530, -5, 3, 0, 0
0.014720, -68, 37, 0, 0
0.014920, -5, -22, 0, 0
0.015120, 0, 0, 0, 0
0.015320, -5, -9, 0, 0
0.015528, 11, -6, 0, 0
0.015720, 0, -13, 0, 0
0.015928, 0, 13, 0, 0
0.016128, 0, 13, 0, 0
0.016330, -6, 16, 0, 0
0.016520, -23, 25, 0, 0
0.016720, -5, 16, 0, 0
0.016920, -5, 3, 0, 0
0.017120, -6, 16, 0, 0
0.017320, -5, -9, 0, 0
0.017520, -6, 16, 0, 0
0.017720, 0, 26, 0, 0
0.017920, 0, 0, 0, 0
0.018120, 17, -22, 0, 0
0.018320, -6, 29, 0, 0
0.018528, 0, 13, 0, 0
0.018728, 0, 13, 0, 0
0.018920, 0, 13, 0, 0
0.019120, -7, 133, 0, 0
0.019320, -51, 28, 0, 0
0.019520, -18, 48, 0, 0
0.019720, 0, -13, 0, 0
0.019928, -6, 29, 0, 0
0.020120, -7, 133, 0, 0
0.020320, 39, -8, 0, 0
0.020520, 0, -13, 0, 0
0.020720, -5, 3, 0, 0
0.020928, -6, 22, 0, 0
0.021130, 5, -3, 0, 0
0.021328, -5, -9, 0, 0
0.021528, -5, 3, 0, 0
0.021730, -28, 2, 0, 0
0.021920, 0, 13, 0, 0
0.022130, 0, 0, 0, 0
0.022328, -46, 24, 0, 0
0.022520, -5, 3, 0, 0
0.022720, 0, -13, 0, 0
0.022920, 0, 26, 0, 0
0.023120, -12, 32, 0, 0
0.023320, 0, 13, 0, 0
0.023528, -6, 29, 0, 0
0.023730, 0, -13, 0, 0
0.023928, 0, 0, 0, 0
0.024120, -5, -9, 0, 0
0.024328, 23, -38, 0, 0
0.024520, -6, 16, 0, 0
0.024720, -5, 3, 0, 0
0.024920, 23, -25, 0, 0
0.025120, 0, -13, 0, 0
0.025320, 5, 22, 0, 0
0.025528, -6, 29, 0, 0
0.025720, -5, 3, 0, 0
0.025920, -45, 38, 0, 0
0.026122, -5, -9, 0, 0
0.026320, -23, 51, 0, 0
0.026520, -5, 16, 0, 0
0.026730, 0, 0, 0, 0
0.026928, -17, 9, 0, 0
0.027130, -6, 16, 0, 0
0.027320, -5, 3, 0, 0
0.027528, 40, -21, 0, 0
0.027720, 0, 0, 0, 0
0.027928, 0, 13, 0, 0
0.028120, -5, 3, 0, 0
0.028328, 40, -21, 0, 0
0.028528, 91, -36, 0, 0
0.028720, -5, 3, 0, 0
0.028920, -5, 3, 0, 0
0.029128, -5, -9, 0, 0
0.029320, -6, 16, 0, 0
0.029528, -5, -9, 0, 0
0.029720, 0, -13, 0, 0
0.029920, 17, -9, 0, 0
0.030120, 11, -6, 0, 0
0.030320, 0, 13, 0, 0
0.030520, 0, 0, 0, 0
0.030720, -5, -22, 0, 0
0.030920, -5, -9, 0, 0
0.031120, 0, 26, 0, 0
0.031330, -6, 16, 0, 0
0.031520, -6, 29, 0, 0
0.031728, 0, 13, 0, 0
0.031928, -5, 3, 0, 0
0.032120, 0, 13, 0, 0
0.032328, -6, 29, 0, 0
0.032520, -6, 29, 0, 0
0.032720, 5, 22, 0, 0
0.032920, 0, 0, 0, 0
0.033120, -5, 3, 0, 0
0.033328, -5, -9, 0, 0
0.033520, 23, -45, 0, 0
0.033728, 0, -13, 0, 0
0.033920, -6, 29, 0, 0
0.034128, -5, 3, 0, 0
0.034320, 0, 0, 0, 0
0.034528, -5, -9, 0, 0
0.034720, 0, 26, 0, 0
0.034920, 5, -3, 0, 0
0.035120, 39, -9, 0, 0
0.035320, -6, 29, 0, 0
0.035520, -5, -9, 0, 0
0.035720, 0, 13, 0, 0
0.035920, -17, 22, 0, 0
0.036130, 0, 13, 0, 0
0.036328, 0, -13, 0, 0
0.036520, -5, 3, 0, 0
0.036720, -5, -9, 0, 0
0.036928, 0, 13, 0, 0
0.037120, -5, -9, 0, 0
0.037320, -5, -9, 0, 0
0.037528, -34, 18, 0, 0
0.037720, 0, 0, 0, 0
0.037920, -6, 29, 0, 0
0.038120, 0, 13, 0, 0
0.038320, 0, 13, 0, 0
0.038528, -5, 3, 0, 0
0.038720, -6, 16, 0, 0
0.038930, -6, 16, 0, 0
0.039128, -6, 16, 0, 0
0.039320, 5, -3, 0, 0
0.039520, -5, -9, 0, 0
0.039720, -5, -22, 0, 0
0.039928, 0, -13, 0, 0
0.040120, -5, -9, 0, 0
0.040328, 0, -19, 0, 0
0.040520, 0, 0, 0, 0
0.040720, 0, 13, 0, 0
0.040930, -5, 3, 0, 0
0.041128, -6, 16, 0, 0
0.041320, 0, -39, 0, 0
0.041520, -5, -9, 0, 0
0.041720, 0, 13, 0, 0
0.041928, 0, 0, 0, 0
0.042120, 0, 0, 0, 0
0.042320, 11, 6, 0, 0
0.042520, -46, 64, 0, 0
0.042728, -5, 3, 0, 0
0.042930, 0, 13, 0, 0
0.043120, -22, 0, 0, 0
0.043320, -5, 3, 0, 0
0.043520, 40, -35, 0, 0
0.043720, -39, 9, 0, 0
0.043920, -5, 3, 0, 0
0.044120, 5, 22, 0, 0
0.044320, -22, -7, 0, 0
0.044520, 11, -6, 0, 0
0.044720, 0, -13, 0, 0
0.044928, -3, -75, 0, 0
0.045128, -8, 94, 0, 0
0.045330, -6, 29, 0, 0
0.045520, 17, -9, 0, 0
0.045728, 0, 13, 0, 0
0.045920, 5, 9, 0, 0
0.046120, -5, 3, 0, 0
0.046330, -6, 16, 0, 0
0.046528, -6, 16, 0, 0
0.046720, 28, -15, 0, 0
0.046920, -6, 16, 0, 0
0.047120, -17, 22, 0, 0
0.047320, -5, -22, 0, 0
0.047520, 5, -3, 0, 0
0.047728, -6, 29, 0, 0
0.047928, -6, 16, 0, 0
0.048120, 17, -35, 0, 0
0.048320, -17, 9, 0, 0
0.048520, 0, 13, 0, 0
0.048720, -6, 16, 0, 0
0.048920, -6, 29, 0, 0
0.049120, -5, 16, 0, 0
0.049320, -5, 16, 0, 0
0.049530, 41, -60, 0, 0
0.049720, 39, -22, 0, 0
0.049920, 0, 13, 0, 0
0.050120, -34, 18, 0, 0
0.050320, -6, 29, 0, 0
0.050522, 0, 26, 0, 0
0.050728, 40, -21, 0, 0
0.050930, -17, 22, 0, 0
0.051120, 10, 19, 0, 0
0.051320, -91, 76, 0, 0
0.051520, -46, 38, 0, 0
0.051720, -5, 3, 0, 0
0.051930, -6, 16, 0, 0
0.052122, -5, 3, 0, 0
0.052320, 0, 0, 0, 0
0.052520, -5, 3, 0, 0
0.052720, 0, 0, 0, 0
0.052920, 11, -6, 0, 0
0.053130, 0, 13, 0, 0
0.053328, 0, -13, 0, 0
0.053522, -5, 29, 0, 0
0.053730, 11, 6, 0, 0
0.053920, 5, 9, 0, 0
0.054120, -5, -36, 0, 0
0.054328, -6, 16, 0, 0
0.054520, 0, 13, 0, 0
0.054720, -5, 16, 0, 0
0.054928, -23, 32, 0, 0
0.055120, -5, 3, 0, 0
0.055320, -5, -9, 0, 0
0.055528, 6, -16, 0, 0
0.055720, 0, 13, 0, 0
0.055928, -17, 22, 0, 0
0.056120, 108, -33, 0, 0
0.056328, -17, 35, 0, 0
0.056528, -6, 16, 0, 0
0.056728, -5, -9, 0, 0
0.056920, 0, -13, 0, 0
0.057130, -5, 3, 0, 0
0.057320, -5, 3, 0, 0
0.057520, -5, 3, 0, 0
0.057728, -5, -9, 0, 0
0.057930, -51, 14, 0, 0
0.058120, -5, 3, 0, 0
0.058320, -5, -9, 0, 0
0.058520, 0, 0, 0, 0
0.058720, 5, -3, 0, 0
